id,sales
3000888.0,3.77848776951256
3000889.0,0.050235606401748664
3000890.0,5.036113778545427
3000891.0,2328.7711394445196
3000892.0,0.19333620543621505
3000893.0,368.88402531942074
3000894.0,9.610165566245946
3000895.0,752.0358729487139
3000896.0,742.6460884448231
3000897.0,143.25189384874022
3000898.0,142.86190748894467
3000899.0,134.38420402271976
3000900.0,2782.956516833702
3000901.0,18.91923196817045
3000902.0,1.3384221709807862
3000903.0,20.866244297254013
3000904.0,25.903468377521676
3000905.0,0.6070916273046365
3000906.0,206.34275882364753
3000907.0,12.980324609180402
3000908.0,25.726879143074992
3000909.0,6.970767536101748
3000910.0,86.64290490417862
3000911.0,5.0589022983556236
3000912.0,246.1605261252574
3000913.0,150.01927638852544
3000914.0,4.023742281353236
3000915.0,7.591211074341627
3000916.0,315.2922837145828
3000917.0,61.00290433026463
3000918.0,3411.450408812696
3000919.0,22.24098823057937
3000920.0,21.979566749097298
3000921.0,1.0303084827875422
3000922.0,0.0382988064334388
3000923.0,3.477701798617049
3000924.0,1010.3958864082574
3000925.0,0.023085268910236288
3000926.0,94.56732155490818
3000927.0,3.014256625580344
3000928.0,625.656097341423
3000929.0,331.61897224557526
3000930.0,209.00769307829734
3000931.0,31.830768627664895
3000932.0,27.396218234106758
3000933.0,1957.1021793393222
3000934.0,4.223405211778612
3000935.0,0.28406720609378866
3000936.0,12.086959152458213
3000937.0,9.40274381048344
3000938.0,0.09095904280551353
3000939.0,145.07518830026854
3000940.0,1.9486932165452273
3000941.0,17.059514795859513
3000942.0,3.808247679998951
3000943.0,15.339030510938695
3000944.0,0.41096420962865754
3000945.0,152.25737594706362
3000946.0,143.27748038484376
3000947.0,0.8512018230058682
3000948.0,2.7920238411702645
3000949.0,131.61492990791942
3000950.0,19.74737132624943
3000951.0,244.61178016574817
3000952.0,18.783489065361195
3000953.0,1.0461273627554155
3000954.0,5.029698492120524
3000955.0,0.21458431677077255
3000956.0,5.1745184184112105
3000957.0,3608.1094358983646
3000958.0,0.04379330281775161
3000959.0,617.964982794597
3000960.0,10.909307621513488
3000961.0,1691.3508543891937
3000962.0,630.4725768625094
3000963.0,420.63457095973274
3000964.0,204.37887775853494
3000965.0,64.89574978798665
3000966.0,6002.133718040481
3000967.0,34.93071806933325
3000968.0,0.640465745942239
3000969.0,22.870193551276962
3000970.0,20.898007105238797
3000971.0,0.16108178076525953
3000972.0,437.03581527480134
3000973.0,12.605302727398913
3000974.0,11.334601972183508
3000975.0,9.784243486916212
3000976.0,39.83407000751218
3000977.0,2.2884853234880014
3000978.0,566.8251582327773
3000979.0,310.69206547786905
3000980.0,2.3820588162224086
3000981.0,14.015887700488555
3000982.0,363.7475360851446
3000983.0,97.01203490591541
3000984.0,1269.9054900731298
3000985.0,47.72883545648266
3000986.0,7.4724815668203775
3000987.0,4.386729277625742
3000988.0,0.1062640258373182
3000989.0,3.3371933269411524
3000990.0,1465.7937618804199
3000991.0,0.03441865013774457
3000992.0,168.18512410883068
3000993.0,6.2931750994839835
3000994.0,736.4903022730025
3000995.0,500.56503823604305
3000996.0,209.05260649900475
3000997.0,47.909406031168395
3000998.0,27.834039558709893
3000999.0,2625.1653599432293
3001000.0,9.863604468838318
3001001.0,0.5638652853056317
3001002.0,14.733843123514307
3001003.0,20.13326735160483
3001004.0,0.2725319613351972
3001005.0,157.1562215834715
3001006.0,4.89931973942611
3001007.0,21.24284434604892
3001008.0,6.872667653785967
3001009.0,31.923310207097952
3001010.0,1.1173672528206053
3001011.0,135.31851691345622
3001012.0,140.42441371975542
3001013.0,1.2492660872536052
3001014.0,4.633861217627622
3001015.0,128.8318746565298
3001016.0,27.41457091032233
3001017.0,360.058762786446
3001018.0,35.27392141146623
3001019.0,2.9365584724425977
3001020.0,3.7013469581883887
3001021.0,0.023085268910236288
3001022.0,4.507555229520153
3001023.0,1220.2449972304728
3001024.0,0.023085268910236288
3001025.0,124.51692455388196
3001026.0,4.99751996502422
3001027.0,584.3533305637059
3001028.0,256.9539412549239
3001029.0,144.98069660837834
3001030.0,47.29948507108451
3001031.0,24.777406160570923
3001032.0,2176.8565063770548
3001033.0,10.85797162141052
3001034.0,0.2410512302755931
3001035.0,15.299220757211991
3001036.0,11.403337035166834
3001037.0,0.10303795273577546
3001038.0,123.87929760449387
3001039.0,1.3184779942105378
3001040.0,16.619965349753556
3001041.0,4.095271736515365
3001042.0,35.53435363524267
3001043.0,0.6030014041298283
3001044.0,147.4564214083066
3001045.0,143.54762945277113
3001046.0,0.46065528325562355
3001047.0,3.805654659002901
3001048.0,60.4503908796596
3001049.0,17.745169477560914
3001050.0,184.48811167488037
3001051.0,27.648202444881885
3001052.0,1.8347489694607457
3001053.0,3.061907631056075
3001054.0,0.02288514698285841
3001055.0,3.890418341567524
3001056.0,1116.7682127086796
3001057.0,0.02288514698285841
3001058.0,151.2792886323115
3001059.0,4.872680795335686
3001060.0,957.9065080021644
3001061.0,370.5300483499975
3001062.0,208.87766393795212
3001063.0,34.37104987205943
3001064.0,36.26329639299078
3001065.0,2074.511048156051
3001066.0,10.711530406190215
3001067.0,0.3285808678388584
3001068.0,14.022845873930684
3001069.0,23.044398155925286
3001070.0,0.16118580039393704
3001071.0,174.57695011351854
3001072.0,0.9130132847467126
3001073.0,20.789707948446818
3001074.0,5.752162740171006
3001075.0,27.07920546640201
3001076.0,1.2388178795627545
3001077.0,75.54681409486656
3001078.0,224.0071110336844
3001079.0,1.1266885680843008
3001080.0,3.627844801922835
3001081.0,50.260871366847084
3001082.0,54.32400621778022
3001083.0,358.29576170392806
3001084.0,20.695819778991797
3001085.0,2.783165201554822
3001086.0,2.8568062311012827
3001087.0,0.5920974196027549
3001088.0,4.860286477533795
3001089.0,1510.251566754408
3001090.0,0.03352941126511928
3001091.0,131.12092123080458
3001092.0,1.807192826927228
3001093.0,765.273935893845
3001094.0,359.39888699151516
3001095.0,247.5668856875658
3001096.0,75.77446136758365
3001097.0,58.664488226595026
3001098.0,2414.9762394957243
3001099.0,7.596958906208243
3001100.0,0.6718804937654244
3001101.0,16.652509438235743
3001102.0,17.676074038590215
3001103.0,0.20435860483702967
3001104.0,189.00241221465575
3001105.0,7.468773587642159
3001106.0,16.857943714654407
3001107.0,5.127242939015966
3001108.0,28.06685817222138
3001109.0,1.262249024511077
3001110.0,124.49451537425452
3001111.0,149.603235656655
3001112.0,0.9084692471404657
3001113.0,4.56975504581069
3001114.0,95.74826848979475
3001115.0,40.97048556976234
3001116.0,652.0137085104791
3001117.0,27.440735049651668
3001118.0,4.585288040121544
3001119.0,4.160283261565093
3001120.0,0.10122817318116997
3001121.0,2.899698669125257
3001122.0,1156.870957037053
3001123.0,0.023085268910236288
3001124.0,142.7300390001995
3001125.0,3.7811479480641452
3001126.0,704.4870578514999
3001127.0,273.6121712808162
3001128.0,155.3789235750436
3001129.0,119.65526895962753
3001130.0,28.524982210435407
3001131.0,1975.0768139620563
3001132.0,4.42299835106431
3001133.0,0.3116571480831046
3001134.0,12.268397240288959
3001135.0,13.099188011302733
3001136.0,0.14903663001669668
3001137.0,149.06425214126813
3001138.0,0.057833224027195644
3001139.0,18.878783912041968
3001140.0,4.849866141199282
3001141.0,24.294071510698217
3001142.0,0.8755984343220536
3001143.0,53.074212276796835
3001144.0,127.88388801161442
3001145.0,0.8133051910905797
3001146.0,2.407468497442215
3001147.0,65.71612421866585
3001148.0,34.21507533378103
3001149.0,515.3531777466018
3001150.0,20.168624836148773
3001151.0,0.5866834539738104
3001152.0,5.805376057635492
3001153.0,0.5460863549649513
3001154.0,4.281305456010974
3001155.0,2542.0554424002485
3001156.0,0.02819117082045806
3001157.0,287.43319426941275
3001158.0,4.470883013168118
3001159.0,892.2755679748307
3001160.0,885.000989617294
3001161.0,428.4070776883616
3001162.0,127.5317597898565
3001163.0,78.62699580800145
3001164.0,4042.941438195541
3001165.0,12.278371596680596
3001166.0,0.9860640979640614
3001167.0,19.50972846645582
3001168.0,25.089851927955017
3001169.0,0.2503561151642119
3001170.0,246.3112199697114
3001171.0,0.9445723353190675
3001172.0,17.82402719609633
3001173.0,6.834509547920783
3001174.0,32.444119634405226
3001175.0,2.01768273307069
3001176.0,233.50258349626742
3001177.0,233.16024299991852
3001178.0,1.6625403727298411
3001179.0,5.6068672816061795
3001180.0,284.58114922977904
3001181.0,54.51011984551914
3001182.0,1183.3432150434126
3001183.0,28.01618874870428
3001184.0,9.808853352910148
3001185.0,2.9625781127713586
3001186.0,0.1111425879650457
3001187.0,4.451244119790547
3001188.0,1670.6724496470433
3001189.0,0.023053917061579065
3001190.0,454.9072260527773
3001191.0,4.85309657596831
3001192.0,431.2019173701958
3001193.0,613.538862900956
3001194.0,161.39158669169512
3001195.0,97.09877446590141
3001196.0,37.71319534916
3001197.0,1926.2611406239998
3001198.0,6.9452689051410745
3001199.0,0.6689371272522828
3001200.0,23.393084914393885
3001201.0,16.486954950859992
3001202.0,0.2304903485578267
3001203.0,149.36266236587545
3001204.0,9.474049727150199
3001205.0,9.120181883131492
3001206.0,12.93844099207967
3001207.0,47.66937360834744
3001208.0,1.341517732059332
3001209.0,33.9274306300605
3001210.0,122.3220557150747
3001211.0,3.6475336154209703
3001212.0,4.7546481194294365
3001213.0,96.34420023934658
3001214.0,50.4172466103584
3001215.0,1208.1242115974014
3001216.0,58.246024384447516
3001217.0,9.59380635931877
3001218.0,5.17262692781205
3001219.0,0.6193970351214443
3001220.0,4.642579057460657
3001221.0,1969.1604493616462
3001222.0,0.03297065860769646
3001223.0,146.88145124162162
3001224.0,5.275236994657919
3001225.0,734.6153066954823
3001226.0,323.08357170040324
3001227.0,271.9566152413016
3001228.0,45.0580720693534
3001229.0,36.708475826070455
3001230.0,2874.430997832096
3001231.0,41.862365287137926
3001232.0,0.8513520338963422
3001233.0,15.211955444671338
3001234.0,15.965567524863971
3001235.0,0.16951896144047737
3001236.0,146.89837100441088
3001237.0,5.213480150270836
3001238.0,17.454362238596776
3001239.0,6.766544336290056
3001240.0,42.62338439323428
3001241.0,1.8937729373143424
3001242.0,115.43784219408292
3001243.0,127.54489882402936
3001244.0,1.049846682580129
3001245.0,4.8346795110759935
3001246.0,83.36594449318675
3001247.0,22.40530601517427
3001248.0,384.7615783402539
3001249.0,28.849123886034484
3001250.0,2.9251739601488422
3001251.0,5.276879641418969
3001252.0,0.12890033960989972
3001253.0,6.684427748878726
3001254.0,2825.084902272284
3001255.0,0.1346525714507718
3001256.0,599.2437601281842
3001257.0,11.124528304597927
3001258.0,889.725346412687
3001259.0,784.2851043283464
3001260.0,212.91249921930043
3001261.0,139.05053808451643
3001262.0,104.95738888330243
3001263.0,3581.9453243815396
3001264.0,44.306873665497065
3001265.0,1.1598090927859905
3001266.0,19.00976837996759
3001267.0,32.60871725432042
3001268.0,0.2547616651114005
3001269.0,240.37985798414218
3001270.0,18.181108995107103
3001271.0,17.72679901945832
3001272.0,8.510090567780821
3001273.0,69.52669521196229
3001274.0,5.943493080639643
3001275.0,374.2732982380012
3001276.0,239.60565372132237
3001277.0,7.142459315028012
3001278.0,7.328807118223435
3001279.0,437.34360797745046
3001280.0,95.25635647878336
3001281.0,2955.8295351811385
3001282.0,28.744391449378007
3001283.0,26.100952343727116
3001284.0,5.503566506282883
3001285.0,0.10577008372726873
3001286.0,5.443513502856861
3001287.0,2630.775852842752
3001288.0,0.033981100749005164
3001289.0,398.2230673756512
3001290.0,6.140495011320941
3001291.0,1184.3169197155094
3001292.0,754.865938255273
3001293.0,474.316827467874
3001294.0,64.17768924371376
3001295.0,60.86810243975165
3001296.0,4033.6821758630776
3001297.0,11.22183056125845
3001298.0,0.48731739855049727
3001299.0,23.257831357101324
3001300.0,16.501497582042653
3001301.0,0.10759563921385383
3001302.0,255.4447993174589
3001303.0,2.2661326406988263
3001304.0,9.097012279516228
3001305.0,6.60598295641679
3001306.0,45.19458982652326
3001307.0,0.8109243486655437
3001308.0,233.47337958175964
3001309.0,268.0825039610936
3001310.0,3.0258233656935998
3001311.0,3.9867877110418823
3001312.0,215.68970213802862
3001313.0,49.9016125872699
3001314.0,805.1516118906782
3001315.0,54.93210057511592
3001316.0,9.80431764574201
3001317.0,8.399314599997505
3001318.0,0.3827237680325205
3001319.0,4.808457103039313
3001320.0,2048.2794928027542
3001321.0,0.0349842451434404
3001322.0,379.1260426586009
3001323.0,5.1190175139416425
3001324.0,1137.5706338840241
3001325.0,606.3623021377025
3001326.0,258.8935986724186
3001327.0,205.59386955397534
3001328.0,67.06693747557657
3001329.0,3249.2718662556545
3001330.0,13.612596373983767
3001331.0,0.5276596618973037
3001332.0,33.95495396678588
3001333.0,29.30066200049749
3001334.0,0.18639400631605868
3001335.0,234.52163287859867
3001336.0,2.5033654002884234
3001337.0,12.163914971443436
3001338.0,12.33999105339277
3001339.0,70.95665432443528
3001340.0,1.3708222417812057
3001341.0,91.96801912005753
3001342.0,222.754405501439
3001343.0,2.2566921874260792
3001344.0,4.70624498819569
3001345.0,137.4502797021373
3001346.0,114.73607436564367
3001347.0,1040.667795959664
3001348.0,15.58173632868263
3001349.0,5.110125569780792
3001350.0,3.8339566916188077
3001351.0,0.19430435189170442
3001352.0,3.5394942460505314
3001353.0,1282.3135429396616
3001354.0,0.031358382765929255
3001355.0,126.46835055388371
3001356.0,6.236705293005453
3001357.0,510.8425340716327
3001358.0,296.8738158834298
3001359.0,148.63794754288188
3001360.0,40.47144985941672
3001361.0,38.37910599360154
3001362.0,2130.6487966902805
3001363.0,10.991685785051846
3001364.0,0.40540967935262895
3001365.0,19.21328063417942
3001366.0,19.19896192197293
3001367.0,0.10323462311023213
3001368.0,142.59685708326396
3001369.0,0.9543027390345253
3001370.0,20.084933802664445
3001371.0,6.020043431169242
3001372.0,66.64501703267219
3001373.0,1.6302909425772545
3001374.0,98.25450868352073
3001375.0,133.4434634482925
3001376.0,1.0582212205875514
3001377.0,3.5865903391041893
3001378.0,128.8318935434346
3001379.0,33.23565778935648
3001380.0,433.2200730615315
3001381.0,21.48665809657313
3001382.0,1.4579536677608018
3001383.0,1.50886038648158
3001384.0,0.028308004746630578
3001385.0,4.407658923152104
3001386.0,1458.7760110628685
3001387.0,0.10939000931913183
3001388.0,255.78290776663556
3001389.0,11.078292224140196
3001390.0,595.2231175727586
3001391.0,466.69321363871813
3001392.0,132.59739971446652
3001393.0,46.750552170728525
3001394.0,64.89121747884587
3001395.0,2097.112916336152
3001396.0,26.662610087085522
3001397.0,0.34609907109336735
3001398.0,16.84419384149214
3001399.0,13.809702425931947
3001400.0,0.14950368149506743
3001401.0,134.88208893361104
3001402.0,10.098569179419314
3001403.0,8.469107483484859
3001404.0,5.152224294341454
3001405.0,45.68124135568104
3001406.0,3.8786425093581935
3001407.0,556.148658780427
3001408.0,146.07807585804818
3001409.0,3.1005844331284464
3001410.0,4.527883905231633
3001411.0,294.91937572891595
3001412.0,33.50956104366591
3001413.0,1446.5397840896055
3001414.0,19.57712400301238
3001415.0,5.8093211544840955
3001416.0,2.752974116779579
3001417.0,0.22999509332073376
3001418.0,5.795501185700417
3001419.0,3274.4663493522685
3001420.0,0.13079266308890172
3001421.0,725.4015450242778
3001422.0,12.143573620180032
3001423.0,1212.7716694233934
3001424.0,1243.6713174414413
3001425.0,269.54515512536005
3001426.0,227.2924047551141
3001427.0,164.8507723306356
3001428.0,4193.770211254598
3001429.0,35.698964129968275
3001430.0,0.8736878420614937
3001431.0,20.80178295482998
3001432.0,39.25245588704607
3001433.0,0.14229993894257406
3001434.0,275.1019644206399
3001435.0,10.396912524655448
3001436.0,44.611278618887496
3001437.0,11.689914634532308
3001438.0,78.47128751495853
3001439.0,11.261606741454242
3001440.0,373.2765404238608
3001441.0,247.9106464660497
3001442.0,15.419902189585466
3001443.0,8.379926127497427
3001444.0,544.7464287970306
3001445.0,104.71447993660472
3001446.0,5330.86462422228
3001447.0,45.54164963203833
3001448.0,18.48611892527402
3001449.0,2.640702654028575
3001450.0,0.167897240731806
3001451.0,3.9487705419203745
3001452.0,1705.123640936732
3001453.0,0.10369266987966495
3001454.0,293.10820223413833
3001455.0,4.549131604644774
3001456.0,361.38124791740887
3001457.0,445.3345222816416
3001458.0,129.91630609117777
3001459.0,72.645640561638
3001460.0,50.966750612484724
3001461.0,1638.2753028255988
3001462.0,11.993663792238024
3001463.0,0.4708099607337474
3001464.0,15.076991673807765
3001465.0,18.57864194684931
3001466.0,0.12429102427179187
3001467.0,83.9810250291197
3001468.0,0.09315269246242848
3001469.0,26.48165940478132
3001470.0,5.031791915116699
3001471.0,97.52272530078918
3001472.0,4.559639181919312
3001473.0,77.15752608111382
3001474.0,74.9662558305456
3001475.0,3.025273370150143
3001476.0,4.578434827494949
3001477.0,68.01304610403815
3001478.0,18.50249565509756
3001479.0,2240.68993444747
3001480.0,15.134978363808521
3001481.0,2.1949107099518037
3001482.0,3.765489274937843
3001483.0,0.023085268910236288
3001484.0,2.9039116455369918
3001485.0,892.9125230589295
3001486.0,0.10804723490764928
3001487.0,196.16785042645287
3001488.0,5.627543792097865
3001489.0,355.47668621553476
3001490.0,223.05631344093206
3001491.0,82.03578950463299
3001492.0,28.0117102279211
3001493.0,29.113891008636017
3001494.0,1433.6986256208424
3001495.0,10.9378194920686
3001496.0,0.4941195454732473
3001497.0,12.759065844756154
3001498.0,13.457324559737854
3001499.0,0.21548547130768375
3001500.0,82.28276742278531
3001501.0,0.2938269486279106
3001502.0,10.80018542335924
3001503.0,4.457550459936938
3001504.0,20.807478323186427
3001505.0,0.27213486211848437
3001506.0,232.10033058549436
3001507.0,114.53058985596586
3001508.0,2.0443437158968463
3001509.0,0.8167465247444381
3001510.0,119.35580684873658
3001511.0,15.141749379968797
3001512.0,833.6021164343327
3001513.0,14.474749629943648
3001514.0,1.3493786840278523
3001515.0,4.909304028005003
3001516.0,0.19367402620110366
3001517.0,4.046105651136539
3001518.0,2962.3674277690166
3001519.0,0.2059363631943245
3001520.0,608.6288601078352
3001521.0,10.641781907716078
3001522.0,913.0677432365296
3001523.0,925.4218557241212
3001524.0,260.27111202174535
3001525.0,233.98350939325337
3001526.0,93.52185729770079
3001527.0,3694.6828430094074
3001528.0,16.966485650171766
3001529.0,1.7261098267034003
3001530.0,26.350421978041872
3001531.0,27.1462803885422
3001532.0,0.29407033520670034
3001533.0,261.760907345133
3001534.0,4.596368816647178
3001535.0,32.66270713140486
3001536.0,8.146765150845429
3001537.0,83.2074318979299
3001538.0,3.1047291388773717
3001539.0,262.85862078292104
3001540.0,208.0576419783152
3001541.0,8.303983182885938
3001542.0,7.758779947878759
3001543.0,347.79847947568715
3001544.0,75.52295691370148
3001545.0,3768.784240797789
3001546.0,13.211287138586908
3001547.0,14.956780514821633
3001548.0,5.765573039914393
3001549.0,0.10342499742698447
3001550.0,4.5331708456491135
3001551.0,2335.478772574284
3001552.0,0.03193304060244727
3001553.0,488.86482137332473
3001554.0,12.64316752987365
3001555.0,822.7309513151215
3001556.0,829.7947722486183
3001557.0,315.70657702457476
3001558.0,200.128961585733
3001559.0,55.759111837371805
3001560.0,3291.7864501622507
3001561.0,8.730134421263775
3001562.0,0.6703163590775468
3001563.0,28.520119978672582
3001564.0,19.74207225993245
3001565.0,0.43756020117864014
3001566.0,213.03399798805776
3001567.0,0.11585118317862275
3001568.0,9.34414635602028
3001569.0,6.562803271516392
3001570.0,33.4989453704049
3001571.0,1.0723444363001624
3001572.0,156.44151458714734
3001573.0,220.84298501694363
3001574.0,4.300982397016433
3001575.0,2.9698698134416306
3001576.0,151.33327861309988
3001577.0,67.03149386824927
3001578.0,1247.0662209105321
3001579.0,9.27120353138006
3001580.0,1.9676139626224927
3001581.0,5.556625263067561
3001582.0,0.3628075265044633
3001583.0,3.7916449657993354
3001584.0,2355.3430972930983
3001585.0,0.03796261548595528
3001586.0,483.45058927821395
3001587.0,8.390403687680667
3001588.0,788.8152889468647
3001589.0,706.1419805085204
3001590.0,220.01197448709834
3001591.0,143.35718369269586
3001592.0,62.44499802828028
3001593.0,3141.6300927657035
3001594.0,13.038044111176369
3001595.0,0.801929876163353
3001596.0,23.38862953106433
3001597.0,20.22188278482107
3001598.0,0.12240097491805511
3001599.0,201.95336173539158
3001600.0,0.098635831625902
3001601.0,10.626048348427421
3001602.0,7.270574001698424
3001603.0,79.57168708863782
3001604.0,1.0989024152699414
3001605.0,100.84768032273274
3001606.0,184.47088563070412
3001607.0,4.562665248909759
3001608.0,3.3423598331981665
3001609.0,151.26718971464436
3001610.0,56.12220593748229
3001611.0,866.0467589011622
3001612.0,13.152310387349806
3001613.0,4.225175992918127
3001614.0,9.63928123894507
3001615.0,0.899930639718549
3001616.0,12.418505313372133
3001617.0,7310.1993465724045
3001618.0,0.13832472711564417
3001619.0,1194.3292645802808
3001620.0,33.74809210035032
3001621.0,1870.582693506096
3001622.0,1933.0908374418452
3001623.0,305.53979197392937
3001624.0,433.6823901162587
3001625.0,336.51660114798256
3001626.0,7431.568497646389
3001627.0,70.02029251286919
3001628.0,2.6233004820485353
3001629.0,52.2693997499814
3001630.0,50.63672433306603
3001631.0,0.7233243889483232
3001632.0,513.0213981391821
3001633.0,31.30799007383398
3001634.0,75.31378534326247
3001635.0,21.780317065215783
3001636.0,181.30837465418273
3001637.0,18.935565164172036
3001638.0,643.3544262847183
3001639.0,461.4654018206492
3001640.0,15.844130927271792
3001641.0,20.033616533836025
3001642.0,950.235670022299
3001643.0,200.84954875585373
3001644.0,9131.377721246405
3001645.0,12.156264499393465
3001646.0,69.62892359314844
3001647.0,2.7543289055962763
3001648.0,0.29968828613084164
3001649.0,2.9713958491399937
3001650.0,1240.8718026113784
3001651.0,0.026586217012707882
3001652.0,141.29094249032931
3001653.0,2.479847410575715
3001654.0,433.20979061514913
3001655.0,269.9722467858645
3001656.0,109.32940605121942
3001657.0,88.6910196171826
3001658.0,37.69304994038106
3001659.0,1934.745480020365
3001660.0,3.267538647397598
3001661.0,0.3353949370059209
3001662.0,15.063597535546046
3001663.0,11.76996906694669
3001664.0,0.22009540138640607
3001665.0,153.37825285720157
3001666.0,0.5273612081548312
3001667.0,17.779270025725467
3001668.0,5.980813993034577
3001669.0,32.98609817041851
3001670.0,0.60410430399262
3001671.0,49.39855911058012
3001672.0,87.2025632573314
3001673.0,1.4704348568565542
3001674.0,3.544152273897539
3001675.0,89.5563443005338
3001676.0,16.072144666196067
3001677.0,463.41743430977385
3001678.0,19.149183634360035
3001679.0,3.676797779661312
3001680.0,5.967570973852943
3001681.0,0.1808019601734409
3001682.0,4.89001184366722
3001683.0,2313.419163901885
3001684.0,0.04191374655330386
3001685.0,424.4688745473255
3001686.0,8.010726064325244
3001687.0,1020.2652199159252
3001688.0,720.6743492035768
3001689.0,201.78771557199937
3001690.0,194.77918691937032
3001691.0,60.25388662218735
3001692.0,3568.5986952465983
3001693.0,11.371993258835552
3001694.0,0.3340984888479488
3001695.0,26.116056364223944
3001696.0,22.562402597417325
3001697.0,0.1519435375105379
3001698.0,230.17030104782452
3001699.0,1.3020056161728815
3001700.0,10.286782603059642
3001701.0,10.879154150389489
3001702.0,17.614206156775374
3001703.0,1.145050387707276
3001704.0,281.0416040171457
3001705.0,217.77540003132518
3001706.0,3.4298457229499144
3001707.0,5.4646330059079755
3001708.0,93.11188414094548
3001709.0,65.99665956604505
3001710.0,1023.0904237842512
3001711.0,17.2876406241938
3001712.0,4.592003127861771
3001713.0,1.1984790362597775
3001714.0,0.05261841721540644
3001715.0,2.8374102686459644
3001716.0,657.4678813841704
3001717.0,0.023085268910236288
3001718.0,112.05589717047573
3001719.0,2.034187260194031
3001720.0,584.2865335251472
3001721.0,181.68438083818944
3001722.0,96.76624367127648
3001723.0,161.50633594041676
3001724.0,17.842723544929342
3001725.0,1280.0493693345247
3001726.0,1.566496297638386
3001727.0,0.2494932740316379
3001728.0,13.963079347728044
3001729.0,7.285099739824879
3001730.0,0.08789851565965096
3001731.0,85.57669839712544
3001732.0,0.05504599349085398
3001733.0,17.193788324912248
3001734.0,4.014167039324557
3001735.0,22.812516458552263
3001736.0,0.2680159697452904
3001737.0,61.31993433885155
3001738.0,65.97436928444228
3001739.0,0.41785468516915436
3001740.0,1.0864532828089113
3001741.0,45.484858671246
3001742.0,10.522024053942184
3001743.0,166.35404596961496
3001744.0,18.623086335122938
3001745.0,1.2655173841762877
3001746.0,6.250561997593689
3001747.0,0.1674396803974622
3001748.0,3.3610553275919752
3001749.0,1672.0213703808981
3001750.0,0.02703755604774468
3001751.0,200.32579569408077
3001752.0,4.881589635078189
3001753.0,770.7227263659387
3001754.0,427.1653009758529
3001755.0,142.48740224027094
3001756.0,114.54811559914037
3001757.0,44.23637115700612
3001758.0,2246.9176749891176
3001759.0,3.4627743770167525
3001760.0,0.5583769118669365
3001761.0,25.375361004817613
3001762.0,18.15166273798504
3001763.0,0.14389298914222387
3001764.0,173.19264013105564
3001765.0,0.0625944420323878
3001766.0,19.268628255056292
3001767.0,14.086165336429953
3001768.0,23.250298571954616
3001769.0,1.1030104575017041
3001770.0,225.8297080608907
3001771.0,167.52414979349544
3001772.0,1.1921859367538805
3001773.0,3.8726711103856526
3001774.0,179.64035178985085
3001775.0,22.057395091754735
3001776.0,1029.1686762325226
3001777.0,21.45727153626847
3001778.0,0.8349594668666601
3001779.0,2.826454486011275
3001780.0,0.2462232426314438
3001781.0,3.4594723422302853
3001782.0,1800.7469116766326
3001783.0,0.05100873193384928
3001784.0,525.6712041643726
3001785.0,5.789475938823022
3001786.0,665.2649743704865
3001787.0,684.3325400867307
3001788.0,202.19024249025057
3001789.0,91.49796245932993
3001790.0,52.849663683513214
3001791.0,2975.7946132266743
3001792.0,4.884613998971627
3001793.0,3.4902435559186897
3001794.0,29.758620378463917
3001795.0,36.72662808475262
3001796.0,0.17322987816032445
3001797.0,173.35428640069227
3001798.0,2.6192828902288805
3001799.0,11.110452338700721
3001800.0,6.0184939383733305
3001801.0,34.9076921161577
3001802.0,1.6712947952732726
3001803.0,150.0780477488905
3001804.0,229.2710046243621
3001805.0,2.745183043941159
3001806.0,5.076404998257027
3001807.0,133.37967297791266
3001808.0,29.075614486018104
3001809.0,589.8003465331074
3001810.0,10.080739579498719
3001811.0,2.9420099394280372
3001812.0,3.2932552408025972
3001813.0,0.08993392114647308
3001814.0,3.155611960019294
3001815.0,1084.9961942164414
3001816.0,0.023085268910236288
3001817.0,68.27144309980419
3001818.0,2.322069554168598
3001819.0,413.6007185689569
3001820.0,172.0894338731859
3001821.0,86.26297639716464
3001822.0,107.33226037081721
3001823.0,26.249740212035288
3001824.0,1644.6679545161387
3001825.0,3.345311412410297
3001826.0,0.29019800747141744
3001827.0,11.923558087144707
3001828.0,11.682940634961462
3001829.0,0.12408848997010002
3001830.0,92.09288857528986
3001831.0,0.05504599349085398
3001832.0,19.35436323793715
3001833.0,4.164404804512231
3001834.0,22.89125442980717
3001835.0,0.4281764196201733
3001836.0,167.0740278040418
3001837.0,69.39069963399336
3001838.0,0.8017795249710867
3001839.0,0.9703652125553897
3001840.0,42.46606359823712
3001841.0,14.656777536142496
3001842.0,330.710572127805
3001843.0,16.13310430933438
3001844.0,0.2338994437772328
3001845.0,3.657111605425965
3001846.0,0.09684179762733677
3001847.0,3.6104811335815112
3001848.0,2495.6892396235767
3001849.0,0.026566691136439138
3001850.0,371.5642969359506
3001851.0,5.107893704894305
3001852.0,723.1689891410819
3001853.0,595.5561693689449
3001854.0,203.0748504135192
3001855.0,94.98555376845025
3001856.0,62.84371211008087
3001857.0,3005.6209386766923
3001858.0,4.620276373684297
3001859.0,0.4069469765195163
3001860.0,18.05530141423401
3001861.0,10.752668002106347
3001862.0,0.1772948317555763
3001863.0,170.93772228129245
3001864.0,0.06597314642654553
3001865.0,24.17565032332289
3001866.0,4.76423708433037
3001867.0,37.78926470622889
3001868.0,0.5251553473417866
3001869.0,198.50315666460222
3001870.0,177.9582509095581
3001871.0,1.5037673469474842
3001872.0,3.589059229969665
3001873.0,93.26405972429086
3001874.0,41.56488826934341
3001875.0,977.3466700018373
3001876.0,23.949364564490736
3001877.0,0.7902862686421572
3001878.0,3.0298854075160815
3001879.0,0.2065262929382034
3001880.0,5.055827723026022
3001881.0,3124.188172526428
3001882.0,0.14218194822673647
3001883.0,526.9029165031845
3001884.0,7.355660857351633
3001885.0,1061.0254750850158
3001886.0,867.5606105646742
3001887.0,163.09574754028847
3001888.0,133.4685868578042
3001889.0,118.51110712641633
3001890.0,3992.931469441561
3001891.0,60.21587134113555
3001892.0,1.3030390023681524
3001893.0,26.46175354034704
3001894.0,24.086181516080735
3001895.0,0.30352128803133605
3001896.0,253.91398476409503
3001897.0,18.621709986143692
3001898.0,33.37026678831004
3001899.0,5.866030953617811
3001900.0,104.40608516000817
3001901.0,6.782637127412967
3001902.0,202.0410506292654
3001903.0,233.26045424614557
3001904.0,10.550971008537761
3001905.0,13.519429817717185
3001906.0,261.92161046374576
3001907.0,73.1297686765773
3001908.0,3481.431538844614
3001909.0,37.683646965657076
3001910.0,11.69208067143799
3001911.0,4.693152238634142
3001912.0,0.057561568713709106
3001913.0,6.2531193326255385
3001914.0,1999.8027811742668
3001915.0,0.11947100324043199
3001916.0,442.5542567359515
3001917.0,10.070515860229202
3001918.0,1269.3019060981221
3001919.0,745.9077171302602
3001920.0,137.68928043018906
3001921.0,82.1669343724563
3001922.0,121.56910349503096
3001923.0,3529.565140069837
3001924.0,28.124643929181218
3001925.0,1.1093721475541578
3001926.0,32.17546142895692
3001927.0,75.042439266078
3001928.0,0.1292859626411868
3001929.0,288.7630356922677
3001930.0,14.385167917816712
3001931.0,21.734610566746184
3001932.0,10.162775233982174
3001933.0,73.58682294638542
3001934.0,8.09081374799624
3001935.0,181.31297397191736
3001936.0,470.19351378374347
3001937.0,6.531169111604198
3001938.0,10.664630660656929
3001939.0,109.82702903041016
3001940.0,71.72332040737922
3001941.0,2589.9015751418056
3001942.0,19.99847088962258
3001943.0,11.36708521156063
3001944.0,6.307378168147537
3001945.0,0.2858201874162551
3001946.0,4.284841225371858
3001947.0,3906.2372214962043
3001948.0,0.04909417037943056
3001949.0,604.8315864618974
3001950.0,6.181840881126523
3001951.0,1271.4446939012819
3001952.0,665.235095193627
3001953.0,204.21150942055698
3001954.0,277.39285458759286
3001955.0,54.96625559808673
3001956.0,4601.151057086813
3001957.0,24.884310486435957
3001958.0,1.233724635409901
3001959.0,20.915893651500436
3001960.0,18.938338275606373
3001961.0,0.14152490959097985
3001962.0,253.20720614422356
3001963.0,4.2148571057917374
3001964.0,17.92133091889699
3001965.0,7.906817614440967
3001966.0,44.28468853279735
3001967.0,2.3947242902789276
3001968.0,128.90465838617402
3001969.0,231.79280451752732
3001970.0,6.012914334696692
3001971.0,8.325788920589808
3001972.0,202.92837813594303
3001973.0,52.99309156523648
3001974.0,1459.7875936135163
3001975.0,25.609132714260383
3001976.0,13.592025249301944
3001977.0,3.201670874862555
3001978.0,0.19611359851643706
3001979.0,4.637838925182289
3001980.0,2363.538028364686
3001981.0,0.12334797055213972
3001982.0,345.9357402998917
3001983.0,6.262716444864015
3001984.0,798.9504384737893
3001985.0,706.099765530252
3001986.0,170.48475686799407
3001987.0,119.92475705713821
3001988.0,77.71182259779042
3001989.0,3066.710019160466
3001990.0,22.04869440507482
3001991.0,1.2684964907948861
3001992.0,13.300798749328251
3001993.0,15.355294549430074
3001994.0,0.20590788278080135
3001995.0,230.54912315235447
3001996.0,15.068305280260766
3001997.0,25.76203655606841
3001998.0,4.873998159390911
3001999.0,55.153570742205375
3002000.0,4.798438043454846
3002001.0,288.71120721146406
3002002.0,202.83947683818445
3002003.0,5.067084371361052
3002004.0,7.871239385680221
3002005.0,321.731879513389
3002006.0,43.93839981595495
3002007.0,2723.1528320906286
3002008.0,23.437904842139865
3002009.0,18.867929132419086
3002010.0,3.4143515633850563
3002011.0,0.20705962076439977
3002012.0,4.437877462173618
3002013.0,3763.199042405905
3002014.0,0.037916504387465674
3002015.0,346.73363429327264
3002016.0,6.703434974442837
3002017.0,1618.4605549529963
3002018.0,757.0859781724017
3002019.0,270.5765171291458
3002020.0,160.40299388443367
3002021.0,52.10026535911372
3002022.0,4408.920184077898
3002023.0,10.196124506540922
3002024.0,1.1791785833693456
3002025.0,29.708706164568387
3002026.0,23.038030407306508
3002027.0,0.21827781821194317
3002028.0,340.6629488435641
3002029.0,0.09035720981097375
3002030.0,19.164665245599224
3002031.0,9.864432085776372
3002032.0,46.5824887828345
3002033.0,1.2661535995825668
3002034.0,133.58566039177379
3002035.0,243.16358665335252
3002036.0,2.611519176391509
3002037.0,7.575031615449777
3002038.0,144.72294790143633
3002039.0,55.13507526626633
3002040.0,971.0548148454501
3002041.0,32.7143753219762
3002042.0,4.1746156237268295
3002043.0,5.13054091948111
3002044.0,0.12209721169286052
3002045.0,6.578111367080643
3002046.0,2397.2983388713374
3002047.0,0.12622639042370626
3002048.0,432.83252552553955
3002049.0,8.789183891787026
3002050.0,1069.4033541687945
3002051.0,691.5485956663346
3002052.0,224.6398452176084
3002053.0,126.17062968667285
3002054.0,110.17969243159729
3002055.0,4121.394463607214
3002056.0,35.141648381191935
3002057.0,0.936861277887935
3002058.0,22.76260886381254
3002059.0,41.2012960041149
3002060.0,0.2119512722442784
3002061.0,234.25136082067445
3002062.0,12.692749767647907
3002063.0,23.387343835463582
3002064.0,9.243298276916859
3002065.0,97.13909304695775
3002066.0,8.014975287063981
3002067.0,183.56239044882062
3002068.0,427.1381578500407
3002069.0,10.83246176159291
3002070.0,9.00801884145435
3002071.0,185.94324954334775
3002072.0,61.08693748307789
3002073.0,2661.6041795125193
3002074.0,15.367914913145915
3002075.0,5.521175935639332
3002076.0,2.594274113133668
3002077.0,0.12421146592266583
3002078.0,4.615597633292136
3002079.0,2926.4971481512293
3002080.0,0.11848999371893429
3002081.0,489.7090805476832
3002082.0,10.706330997937247
3002083.0,754.1692719667125
3002084.0,819.3740455772879
3002085.0,171.2965824662418
3002086.0,129.6048476934011
3002087.0,108.48413614692278
3002088.0,2981.359884368967
3002089.0,36.701740032419835
3002090.0,0.8133545089251804
3002091.0,24.313976104928642
3002092.0,19.19624475814903
3002093.0,0.13913282345107494
3002094.0,225.11914071963406
3002095.0,12.850296597704274
3002096.0,39.91471631710094
3002097.0,7.782463796570359
3002098.0,61.5660200416524
3002099.0,7.322422173096035
3002100.0,224.22080235643693
3002101.0,203.21844746888326
3002102.0,7.077708275246799
3002103.0,7.664722858708896
3002104.0,228.28533960655864
3002105.0,54.32038790983901
3002106.0,3024.2256747472557
3002107.0,28.14442215049403
3002108.0,13.165655813289243
3002109.0,3.637153953233089
3002110.0,0.14880339365830636
3002111.0,4.3483519581136285
3002112.0,3921.135091383326
3002113.0,0.02321454375955053
3002114.0,477.8864047685645
3002115.0,9.943439617217733
3002116.0,920.761452794929
3002117.0,637.0200261005236
3002118.0,235.67043453439948
3002119.0,144.02138921133738
3002120.0,50.57979333609808
3002121.0,3863.053646864637
3002122.0,7.526395852731551
3002123.0,0.25659066943019854
3002124.0,15.15305414993837
3002125.0,18.37956056468503
3002126.0,0.13012236937328675
3002127.0,212.89323177680222
3002128.0,0.05910596083794117
3002129.0,8.9672060913982
3002130.0,4.514790142110173
3002131.0,64.97117711031518
3002132.0,1.8504536827516316
3002133.0,183.6376273870378
3002134.0,222.99241766396605
3002135.0,2.635693910486583
3002136.0,1.7706457372104072
3002137.0,219.80302879680565
3002138.0,112.72015768407468
3002139.0,1022.6925793266812
3002140.0,9.296698189108833
3002141.0,0.7437595440614454
3002142.0,12.385497198978996
3002143.0,0.06129741477370625
3002144.0,15.697039301933138
3002145.0,8265.639581036572
3002146.0,0.13755100667239542
3002147.0,1628.4527208551365
3002148.0,29.188522335125107
3002149.0,2637.0415622545165
3002150.0,2279.23857180791
3002151.0,511.1383475363061
3002152.0,550.2094868173178
3002153.0,400.1237702391111
3002154.0,8434.386734052681
3002155.0,90.31939559689957
3002156.0,3.74378977142445
3002157.0,97.55871877052874
3002158.0,105.06243831555295
3002159.0,0.5853970966269969
3002160.0,711.475889015228
3002161.0,36.92797053631011
3002162.0,25.138196747989348
3002163.0,20.350877381005667
3002164.0,253.86359388854623
3002165.0,17.65456757022443
3002166.0,736.4690083276919
3002167.0,532.3375496888386
3002168.0,38.10491589195878
3002169.0,32.06930692155599
3002170.0,939.5570878040751
3002171.0,294.5307665782484
3002172.0,9470.586183712305
3002173.0,755.246971092063
3002174.0,71.9075081252721
3002175.0,12.445414257668144
3002176.0,0.05085889058709508
3002177.0,11.698945440066378
3002178.0,7631.467667568264
3002179.0,0.1372442141151559
3002180.0,1034.2186919973203
3002181.0,20.844811852714933
3002182.0,2167.8650228611564
3002183.0,1855.5811479793265
3002184.0,597.3876421753181
3002185.0,307.44483868183283
3002186.0,251.8977528792753
3002187.0,8824.542009152989
3002188.0,128.6469760772397
3002189.0,1.4740388529911732
3002190.0,69.84235632965297
3002191.0,70.76964341521466
3002192.0,0.600721219758799
3002193.0,584.8589190641756
3002194.0,35.18985427306798
3002195.0,38.743351802694505
3002196.0,12.270452239896237
3002197.0,184.8736053904481
3002198.0,14.621136173790875
3002199.0,862.9817899010434
3002200.0,573.4690744920415
3002201.0,16.699032575585676
3002202.0,30.51635687884462
3002203.0,938.1463376655136
3002204.0,233.49088745781316
3002205.0,7250.736978171831
3002206.0,94.52237098356187
3002207.0,66.8377008566853
3002208.0,10.057989312103658
3002209.0,0.049104509560155385
3002210.0,13.638407504160025
3002211.0,4942.078538347576
3002212.0,0.16841757922833117
3002213.0,843.1838177866236
3002214.0,12.394458380524199
3002215.0,2052.192007508059
3002216.0,1374.0820970939164
3002217.0,619.7861859846337
3002218.0,116.9745021433235
3002219.0,182.93686571385683
3002220.0,7234.397656886622
3002221.0,43.63089217228237
3002222.0,1.550964854536003
3002223.0,34.4846504654474
3002224.0,24.814943888757455
3002225.0,0.3677843442731332
3002226.0,562.019971326039
3002227.0,23.381550586238177
3002228.0,27.16871211444731
3002229.0,9.370973540811953
3002230.0,96.83362489455928
3002231.0,6.8431646662644665
3002232.0,877.4580027353397
3002233.0,591.7020881552603
3002234.0,17.537839681547077
3002235.0,37.008676072299714
3002236.0,527.3422395015297
3002237.0,127.00280612053558
3002238.0,3044.3162828949116
3002239.0,148.5571622753557
3002240.0,33.14563798829862
3002241.0,12.548804819636562
3002242.0,0.05060207998542737
3002243.0,14.905547205007437
3002244.0,6959.1314653894715
3002245.0,0.14556964729151362
3002246.0,963.2581107564765
3002247.0,16.58969395031047
3002248.0,2093.3920221036065
3002249.0,1882.3730821385846
3002250.0,567.8330982546173
3002251.0,299.6171645990099
3002252.0,215.928243907416
3002253.0,8814.479509152989
3002254.0,51.772201852024466
3002255.0,1.5322420986612861
3002256.0,63.376161813577234
3002257.0,74.33115747924623
3002258.0,0.1837034392045447
3002259.0,575.1052813091871
3002260.0,27.216660227622327
3002261.0,32.22873603611224
3002262.0,8.036197133097415
3002263.0,155.51606360433078
3002264.0,8.966317224990332
3002265.0,718.6401078044848
3002266.0,570.1555445527423
3002267.0,19.896194818725995
3002268.0,23.975319771357825
3002269.0,873.7671903407681
3002270.0,193.97023158635523
3002271.0,6394.986473729905
3002272.0,930.6052693705934
3002273.0,53.83019927819575
3002274.0,9.516477583050387
3002275.0,0.041739902637088766
3002276.0,13.660353016179528
3002277.0,3896.4778946453644
3002278.0,0.11826380152425292
3002279.0,676.289068425053
3002280.0,15.241557675951968
3002281.0,1725.709095529341
3002282.0,993.00831779135
3002283.0,513.9247241360657
3002284.0,95.0931877598425
3002285.0,147.3716283763381
3002286.0,5868.96420419137
3002287.0,40.69347089958798
3002288.0,0.6966184241455812
3002289.0,30.516368952484335
3002290.0,39.15533749054316
3002291.0,0.18776262378367162
3002292.0,522.5262404508908
3002293.0,24.95256360989085
3002294.0,15.858061122198844
3002295.0,5.237646592583179
3002296.0,100.63053381802305
3002297.0,4.3586500889603235
3002298.0,682.1102437274571
3002299.0,690.4533729600828
3002300.0,14.666233451968383
3002301.0,20.893546840446884
3002302.0,558.5748450999517
3002303.0,88.81520936247165
3002304.0,2155.8524807450103
3002305.0,865.556235725561
3002306.0,16.017450706971914
3002307.0,9.518626170420067
3002308.0,0.058824371495846565
3002309.0,11.367229832004817
3002310.0,6117.706668176947
3002311.0,0.13488044291497583
3002312.0,1174.408000136901
3002313.0,20.91327836259393
3002314.0,1826.7166101190305
3002315.0,2022.6413113387798
3002316.0,402.6918300927807
3002317.0,458.18304917044765
3002318.0,320.49071215155305
3002319.0,7487.097737827558
3002320.0,62.82196091630322
3002321.0,1.8289223919506645
3002322.0,49.122350458494694
3002323.0,56.46531502253954
3002324.0,0.3185538517525491
3002325.0,483.61076118358426
3002326.0,15.276388624312203
3002327.0,32.64085461717862
3002328.0,15.035371892492682
3002329.0,218.83376549868876
3002330.0,13.630455027919492
3002331.0,660.690076770616
3002332.0,470.00699678643764
3002333.0,18.616972430646705
3002334.0,27.583842662552257
3002335.0,847.3835435191206
3002336.0,215.49825289022465
3002337.0,9068.404088433905
3002338.0,145.74680458894136
3002339.0,77.87261555977261
3002340.0,4.371685701565251
3002341.0,0.6541669116710674
3002342.0,4.902616040798164
3002343.0,1837.562343771619
3002344.0,0.1282471749622483
3002345.0,334.9526581274254
3002346.0,17.581506364610675
3002347.0,944.9607638667347
3002348.0,565.7226390970951
3002349.0,217.05852042758227
3002350.0,85.47045672680504
3002351.0,79.23503565161101
3002352.0,2811.669346437985
3002353.0,50.65415708353727
3002354.0,0.7902643982413821
3002355.0,27.510420795514847
3002356.0,24.58710477973547
3002357.0,0.35506952775500217
3002358.0,214.62825246522323
3002359.0,11.016374687199413
3002360.0,13.442816288499227
3002361.0,12.659718689538838
3002362.0,54.113801665238555
3002363.0,4.797631078167195
3002364.0,238.40602824340482
3002365.0,244.24149761914344
3002366.0,3.403704560084058
3002367.0,6.36519392178522
3002368.0,216.0790538819721
3002369.0,52.01197777006554
3002370.0,1969.9152884160105
3002371.0,13.985958874182996
3002372.0,8.263455907835306
3002373.0,6.666751674274689
3002374.0,0.04846769353537511
3002375.0,12.08078132174883
3002376.0,3908.711537234991
3002377.0,0.1425226478571499
3002378.0,529.0494283459025
3002379.0,24.213595641497715
3002380.0,1661.6580633622684
3002381.0,977.1428169211815
3002382.0,403.40516622560756
3002383.0,87.96468718428848
3002384.0,133.58814260172207
3002385.0,5720.147732154082
3002386.0,101.12034952867035
3002387.0,1.210610260459192
3002388.0,44.74491995122381
3002389.0,48.66842350534101
3002390.0,0.20923244860081286
3002391.0,421.9809247975365
3002392.0,16.096178013014452
3002393.0,10.99420497842849
3002394.0,6.054169688956056
3002395.0,111.31562525849185
3002396.0,5.655313526313217
3002397.0,555.224904535808
3002398.0,448.7982528128126
3002399.0,9.829382621726765
3002400.0,18.232936621885393
3002401.0,355.9059730314074
3002402.0,72.83082611347436
3002403.0,2536.7266923101515
3002404.0,116.88639629668995
3002405.0,15.506772787666204
3002406.0,5.766616879654892
3002407.0,0.052098056250814255
3002408.0,5.225270027792549
3002409.0,4285.213041824472
3002410.0,0.14255214514039075
3002411.0,876.5586392445549
3002412.0,7.236438063189917
3002413.0,1625.5270329447517
3002414.0,1676.9657708871064
3002415.0,236.3186828157771
3002416.0,339.49060137831873
3002417.0,241.65306548452327
3002418.0,5325.404428631141
3002419.0,36.63319425557994
3002420.0,1.178600861852881
3002421.0,37.667250958763155
3002422.0,37.826160866054536
3002423.0,0.44502667365462634
3002424.0,363.9544533017082
3002425.0,2.018993471094113
3002426.0,48.76676859724759
3002427.0,9.34007771959272
3002428.0,120.55269760713439
3002429.0,9.432183998397253
3002430.0,560.4222537763508
3002431.0,280.0829052731749
3002432.0,17.99550089003047
3002433.0,9.086919156080075
3002434.0,691.5992371015413
3002435.0,112.51892594897852
3002436.0,7405.42820046395
3002437.0,14.332811518003105
3002438.0,38.22737333809965
3002439.0,10.393434625836562
3002440.0,0.024662419913979345
3002441.0,7.099477885906282
3002442.0,4133.149041153169
3002443.0,0.026921714212689647
3002444.0,747.7434622735889
3002445.0,8.802723905595352
3002446.0,1641.5658452314703
3002447.0,1068.6608281577828
3002448.0,301.6914102465876
3002449.0,202.97015052482277
3002450.0,249.43611417171326
3002451.0,5459.412180168498
3002452.0,46.80181923252911
3002453.0,2.187059208004006
3002454.0,47.10123302746412
3002455.0,43.50929095937272
3002456.0,0.18324030816172365
3002457.0,340.0879703453878
3002458.0,5.8710513138074
3002459.0,58.46353085282663
3002460.0,8.322128779105178
3002461.0,208.38485152763988
3002462.0,5.668001523808429
3002463.0,405.32645413409534
3002464.0,284.86560121453005
3002465.0,11.750885389485463
3002466.0,21.017323701352467
3002467.0,432.37099133525044
3002468.0,113.02240792738078
3002469.0,6666.13894374582
3002470.0,10.015638016990078
3002471.0,6.417570755362597
3002472.0,7.217018446906086
3002473.0,0.14801963662624235
3002474.0,5.013240162617302
3002475.0,2321.7414035584434
3002476.0,0.12491098358768628
3002477.0,440.4955137657068
3002478.0,5.375041445093509
3002479.0,1021.563244094167
3002480.0,549.0517109070463
3002481.0,223.1377937637567
3002482.0,80.25501455431159
3002483.0,97.783399707955
3002484.0,2931.9859556014526
3002485.0,11.727518337887073
3002486.0,1.0517159195745152
3002487.0,26.41766004977699
3002488.0,32.669012568414324
3002489.0,0.1611117042416961
3002490.0,231.0983082816311
3002491.0,3.0338761916938632
3002492.0,15.772759852912962
3002493.0,7.932772957190674
3002494.0,60.71165386901224
3002495.0,2.9253685733916255
3002496.0,232.89874009316483
3002497.0,232.71790321832984
3002498.0,4.764642215993279
3002499.0,5.106203438446888
3002500.0,153.11819343082308
3002501.0,89.29046501375768
3002502.0,2723.58513496543
3002503.0,13.881127636837117
3002504.0,2.5194477467864447
3002505.0,4.95780149443228
3002506.0,0.023085268910236288
3002507.0,3.3611126902728405
3002508.0,2217.7273797044913
3002509.0,0.023085268910236288
3002510.0,214.8040220159565
3002511.0,2.260911372867228
3002512.0,836.0205477496514
3002513.0,255.64445906384566
3002514.0,200.03861226151548
3002515.0,57.783105157162254
3002516.0,25.928382377974692
3002517.0,2661.326001012344
3002518.0,4.844757305233661
3002519.0,0.6155354745403866
3002520.0,19.39928891542474
3002521.0,14.837046501682067
3002522.0,0.0970602989671301
3002523.0,201.04769492242275
3002524.0,0.05575748295966692
3002525.0,16.678766047080217
3002526.0,5.456731594906638
3002527.0,23.18702726046515
3002528.0,0.8469590509746313
3002529.0,45.25822594041381
3002530.0,164.84405655724197
3002531.0,0.29197824219233726
3002532.0,1.696187327578408
3002533.0,48.05423138484171
3002534.0,80.64143022203655
3002535.0,586.7091209573682
3002536.0,17.876541497171278
3002537.0,2.310358583203667
3002538.0,4.295615784226898
3002539.0,0.18341010021755952
3002540.0,6.507681420146978
3002541.0,3136.0525162261083
3002542.0,0.1345467648949436
3002543.0,483.5028478267509
3002544.0,9.868044788124315
3002545.0,1138.3127661152316
3002546.0,901.7956197067059
3002547.0,297.94709522306516
3002548.0,160.44165348590772
3002549.0,123.03228434443818
3002550.0,4367.23088626151
3002551.0,28.72596346858276
3002552.0,0.8388070071676368
3002553.0,31.379625354032825
3002554.0,44.749948978172995
3002555.0,0.13079443082837824
3002556.0,322.1039387902074
3002557.0,18.551500270275604
3002558.0,20.03004833076824
3002559.0,12.62917401864501
3002560.0,71.08390091628684
3002561.0,5.386844487834109
3002562.0,390.06620107438624
3002563.0,258.51990942917513
3002564.0,7.241314124015934
3002565.0,11.730201895873632
3002566.0,445.2240482410833
3002567.0,72.79550527835278
3002568.0,3151.3358849249407
3002569.0,29.305820935444153
3002570.0,25.701269278023847
3002571.0,5.132332459155991
3002572.0,0.1642529770301251
3002573.0,4.867538942766033
3002574.0,3994.1061213082967
3002575.0,0.14459862261773462
3002576.0,678.5218742862382
3002577.0,15.641890371197873
3002578.0,1103.2838289256495
3002579.0,1297.5424106607466
3002580.0,202.02293302084166
3002581.0,272.825381626955
3002582.0,206.6684193756173
3002583.0,4170.32008700183
3002584.0,42.707313260910496
3002585.0,2.400060158945604
3002586.0,27.2350139812023
3002587.0,26.89336804881711
3002588.0,0.6646025995254453
3002589.0,266.7725842935505
3002590.0,11.024940085014054
3002591.0,49.84147614962287
3002592.0,8.888631041986622
3002593.0,143.82882864498146
3002594.0,8.741898043871679
3002595.0,441.2954286228216
3002596.0,254.1424549141127
3002597.0,5.457982907023629
3002598.0,11.949736699477953
3002599.0,629.9967539782629
3002600.0,140.63617284756003
3002601.0,6296.919439219491
3002602.0,19.390492645567463
3002603.0,41.1804717453809
3002604.0,4.374263393627944
3002605.0,0.1971138560782121
3002606.0,9.185981199359482
3002607.0,4181.468449819734
3002608.0,0.14380973279239054
3002609.0,808.0986366564777
3002610.0,17.41733130704769
3002611.0,1236.3235867783683
3002612.0,1345.6361965509145
3002613.0,255.55948248072235
3002614.0,290.48858921382407
3002615.0,150.04996848383746
3002616.0,4560.672227349909
3002617.0,36.16040006639129
3002618.0,3.6633012090110797
3002619.0,45.98292116727002
3002620.0,68.89908135303084
3002621.0,0.22166963751761576
3002622.0,337.37137415392056
3002623.0,25.075663820997654
3002624.0,43.202736479081025
3002625.0,20.587542960639553
3002626.0,123.0184582866926
3002627.0,14.463884416755688
3002628.0,367.1764558656272
3002629.0,271.8325715136909
3002630.0,15.187759410283471
3002631.0,17.068108062155236
3002632.0,482.75086192347
3002633.0,139.76418898509178
3002634.0,5672.711320227925
3002635.0,21.70863152257401
3002636.0,37.57809816680751
3002637.0,8.50231000272491
3002638.0,0.2147586281337017
3002639.0,5.868111050185961
3002640.0,2730.823566135909
3002641.0,0.046465271768855565
3002642.0,424.08214060317255
3002643.0,12.02966480436806
3002644.0,1280.7515375742764
3002645.0,744.8376073286049
3002646.0,456.0348853358158
3002647.0,151.88983377167767
3002648.0,75.244187863454
3002649.0,4930.358878618425
3002650.0,10.011370335086221
3002651.0,1.008958276967838
3002652.0,43.704200455655084
3002653.0,34.73754065651032
3002654.0,0.12640884701612384
3002655.0,324.7402884068837
3002656.0,9.04816362012913
3002657.0,9.335945449325553
3002658.0,6.915154317281887
3002659.0,44.84821174384404
3002660.0,2.421550222137149
3002661.0,290.8386876755718
3002662.0,344.6342936904772
3002663.0,6.8813023433445135
3002664.0,6.44012433634231
3002665.0,329.03854854636984
3002666.0,73.24138393498099
3002667.0,1272.6286640267604
3002668.0,159.92962069085806
3002669.0,12.09166088089529
3002670.0,3.6705756958667366
3002671.0,0.046543659314103134
3002672.0,3.9145870054222716
3002673.0,1982.4807462452584
3002674.0,0.17891886978893756
3002675.0,310.7287071596713
3002676.0,11.16999094404838
3002677.0,641.6669719614314
3002678.0,649.5644358776624
3002679.0,118.07420251381478
3002680.0,123.65121795873148
3002681.0,116.8571623731973
3002682.0,2512.5179637209194
3002683.0,19.820837952183954
3002684.0,1.2138462434950972
3002685.0,16.449327114065074
3002686.0,23.00967629415421
3002687.0,0.4758741312961521
3002688.0,170.69407647389215
3002689.0,11.5127392505898
3002690.0,16.419593212147674
3002691.0,3.9436583537067333
3002692.0,91.41390186781882
3002693.0,5.07342326279245
3002694.0,236.75050041528323
3002695.0,134.76908119966822
3002696.0,4.35082926769537
3002697.0,6.074355753171719
3002698.0,312.51127302882355
3002699.0,64.18776549893023
3002700.0,2072.427652993921
3002701.0,2.9040916394100473
3002702.0,19.245642522700905
3002703.0,1.080650425518789
3002704.0,0.0382988064334388
3002705.0,2.772695542636108
3002706.0,1073.2552766150466
3002707.0,0.023085268910236288
3002708.0,81.41690558469065
3002709.0,3.0409591377550163
3002710.0,930.4388889336283
3002711.0,223.3663298173101
3002712.0,200.19914871504778
3002713.0,31.002689842486188
3002714.0,23.505996119744466
3002715.0,2009.926212600306
3002716.0,4.214269826919121
3002717.0,0.263751862963089
3002718.0,7.960083444757139
3002719.0,5.332441266406423
3002720.0,0.08754726176269928
3002721.0,121.46664563739347
3002722.0,1.6040650450065725
3002723.0,2.804967961605515
3002724.0,1.0074460945278598
3002725.0,10.054617433885843
3002726.0,0.3598100290065821
3002727.0,218.82014217554013
3002728.0,142.36822723500555
3002729.0,0.8755153320602994
3002730.0,3.1117726102206102
3002731.0,95.01647837227259
3002732.0,19.48150581820927
3002733.0,234.50141990938107
3002734.0,2.961543496119294
3002735.0,1.141368114464111
3002736.0,5.865423260519297
3002737.0,0.2389174856337373
3002738.0,4.55067431370891
3002739.0,3625.2000735364627
3002740.0,0.04183217403154536
3002741.0,632.3985634851599
3002742.0,11.415389964862577
3002743.0,1508.6064529549212
3002744.0,517.0647360164991
3002745.0,423.9843859413366
3002746.0,158.9789630814405
3002747.0,62.88464062565834
3002748.0,5203.500483887203
3002749.0,32.18211338996219
3002750.0,0.7107031201723142
3002751.0,20.164569007915325
3002752.0,19.48325119328925
3002753.0,0.13348436152512988
3002754.0,394.7385154179902
3002755.0,11.3328436079484
3002756.0,1.9215366466531194
3002757.0,7.782582550991352
3002758.0,35.84761168647749
3002759.0,2.315929588556975
3002760.0,843.0864914492682
3002761.0,269.073863074321
3002762.0,2.136279989831069
3002763.0,12.31449962789151
3002764.0,304.7508335136065
3002765.0,94.55345962746884
3002766.0,1210.8185466328214
3002767.0,24.51998589539371
3002768.0,6.820499158114515
3002769.0,4.530688080234384
3002770.0,0.10457195055498292
3002771.0,0.8086716002675467
3002772.0,1381.231873883705
3002773.0,0.03284505259107771
3002774.0,137.66335125757595
3002775.0,5.9670675901605215
3002776.0,865.2737143029731
3002777.0,327.28893847335746
3002778.0,175.8742368188005
3002779.0,52.565446914921196
3002780.0,33.31918620529292
3002781.0,2613.580991980942
3002782.0,8.514309152213485
3002783.0,0.5981556098971769
3002784.0,12.097634264330594
3002785.0,17.284114702712696
3002786.0,0.3090553342663531
3002787.0,164.80659022062503
3002788.0,5.233275122515472
3002789.0,4.42797302112233
3002790.0,5.66433513952374
3002791.0,31.05188872100451
3002792.0,1.2315195835584338
3002793.0,214.5181241766596
3002794.0,134.93106381778352
3002795.0,1.348962109797345
3002796.0,5.113774424139612
3002797.0,137.25478966022814
3002798.0,26.825810711877338
3002799.0,317.9943772192015
3002800.0,17.14204351940518
3002801.0,3.1453217868996792
3002802.0,3.650977163738388
3002803.0,0.023085268910236288
3002804.0,2.786628293866202
3002805.0,1337.4616611890046
3002806.0,0.023085268910236288
3002807.0,106.53285893834035
3002808.0,4.97488478639132
3002809.0,743.4283124264985
3002810.0,229.6098669603045
3002811.0,123.42306077955939
3002812.0,38.09782806471566
3002813.0,27.084662075549694
3002814.0,2365.1735968191792
3002815.0,9.261404316170717
3002816.0,0.23070162407461398
3002817.0,14.470429937347387
3002818.0,8.460867974354613
3002819.0,0.10115289996539925
3002820.0,108.13020638504094
3002821.0,1.3521067933086732
3002822.0,2.998557815573258
3002823.0,1.8724949016007586
3002824.0,23.56199923651465
3002825.0,0.6662321885374817
3002826.0,177.05113704990023
3002827.0,148.71000380954942
3002828.0,0.4241424240244752
3002829.0,4.220707313778582
3002830.0,83.47678201835272
3002831.0,21.866337350509024
3002832.0,158.0852006986222
3002833.0,12.35622828512504
3002834.0,1.5772543975913826
3002835.0,3.115092503390526
3002836.0,0.02288514698285841
3002837.0,3.2175111250432953
3002838.0,1092.8051704947043
3002839.0,0.02288514698285841
3002840.0,140.67207484695655
3002841.0,5.077692256547957
3002842.0,1297.5103770404555
3002843.0,283.48500486225265
3002844.0,207.28123785622182
3002845.0,29.020682025429366
3002846.0,36.82786236710944
3002847.0,2162.406595969136
3002848.0,9.792446168183508
3002849.0,0.4586098794230481
3002850.0,9.267750552906225
3002851.0,19.02087426837748
3002852.0,0.1552417012689472
3002853.0,189.35995090077682
3002854.0,0.7866855088393472
3002855.0,4.060963825189949
3002856.0,2.5639268477912736
3002857.0,15.617334269080263
3002858.0,1.2230034412648971
3002859.0,361.567321476351
3002860.0,197.49020059622723
3002861.0,1.0373808284308248
3002862.0,3.3965739490993023
3002863.0,53.91237783613304
3002864.0,61.82096106111923
3002865.0,311.02392315894747
3002866.0,11.359800548908266
3002867.0,2.9284315130381207
3002868.0,2.993962469105419
3002869.0,0.5367889729152666
3002870.0,4.403259166270981
3002871.0,1642.181383653807
3002872.0,0.0319492031908178
3002873.0,154.62295975301936
3002874.0,1.7974151927132491
3002875.0,834.7428982098194
3002876.0,312.18125696705727
3002877.0,248.78510484570768
3002878.0,81.5052870576676
3002879.0,65.7954314806133
3002880.0,2516.292002101457
3002881.0,6.2889127843311705
3002882.0,1.976900805317321
3002883.0,13.625943022533065
3002884.0,15.301385611335727
3002885.0,0.20251717894133875
3002886.0,208.34188898364593
3002887.0,7.027461019740189
3002888.0,3.2983420595485162
3002889.0,2.485846119766312
3002890.0,21.394673375122046
3002891.0,1.1354778344526344
3002892.0,163.34418338344057
3002893.0,185.3661919028577
3002894.0,0.7688627931809665
3002895.0,4.335520800065682
3002896.0,120.00494059070033
3002897.0,43.098014092032
3002898.0,554.5293406713097
3002899.0,22.67736760066908
3002900.0,4.469159924118092
3002901.0,3.7447850446654214
3002902.0,0.09953932772552346
3002903.0,0.9093606477438416
3002904.0,1052.4544393623728
3002905.0,0.023085268910236288
3002906.0,121.64145781982984
3002907.0,3.300522248652031
3002908.0,966.5863399289392
3002909.0,192.54810029946847
3002910.0,127.76319067470976
3002911.0,121.69113602001138
3002912.0,25.562300234357618
3002913.0,1636.2896261293258
3002914.0,4.310398279553321
3002915.0,0.29078271842326575
3002916.0,7.877710415663105
3002917.0,8.612038860311523
3002918.0,0.13797397464710093
3002919.0,149.3138343571008
3002920.0,0.046274770474770736
3002921.0,3.0159171338751976
3002922.0,1.4687565461706416
3002923.0,27.37110731574451
3002924.0,0.8367961731371586
3002925.0,60.192156468386926
3002926.0,105.66598083950174
3002927.0,0.8332998407926718
3002928.0,2.6416936488265352
3002929.0,57.31008888833297
3002930.0,31.671191594103238
3002931.0,406.71702164408435
3002932.0,2.9805196159658873
3002933.0,0.6268041419347208
3002934.0,6.755714917435882
3002935.0,0.5720829776670544
3002936.0,3.372104848731548
3002937.0,2532.4878122052714
3002938.0,0.02662919233781678
3002939.0,266.4292507905204
3002940.0,4.353483092688776
3002941.0,879.7293309545203
3002942.0,549.4066106856912
3002943.0,399.7298417714586
3002944.0,151.7739403850511
3002945.0,73.37708687347927
3002946.0,3595.0066643828695
3002947.0,13.262812809103206
3002948.0,1.1864796018676562
3002949.0,16.24616164406151
3002950.0,23.40192297637818
3002951.0,0.3132716818709013
3002952.0,225.6156349537098
3002953.0,0.9187368051098573
3002954.0,3.163911391979667
3002955.0,4.581770029355785
3002956.0,28.052062630872644
3002957.0,2.0823858529018953
3002958.0,285.89067617414617
3002959.0,219.09591673558083
3002960.0,1.6931815886354586
3002961.0,6.431693968134066
3002962.0,291.5957568723005
3002963.0,51.26706259710449
3002964.0,1086.4757117388835
3002965.0,13.207154863611397
3002966.0,9.982366036411292
3002967.0,3.2995853331640776
3002968.0,0.10378159687450958
3002969.0,4.005158317993724
3002970.0,1514.4200382322338
3002971.0,0.022828176838620217
3002972.0,448.9564363511155
3002973.0,4.708744611274102
3002974.0,434.1004305263939
3002975.0,453.39667457287703
3002976.0,141.27401354697176
3002977.0,91.65199299012866
3002978.0,26.854827324936853
3002979.0,2065.196457833347
3002980.0,5.886376748638039
3002981.0,0.6034953914920805
3002982.0,12.362393384520255
3002983.0,10.411030606902667
3002984.0,0.2096386952547054
3002985.0,157.71204801172047
3002986.0,8.071145492805922
3002987.0,5.0012198145651094
3002988.0,7.145822075913354
3002989.0,44.268090555127415
3002990.0,1.365802755544823
3002991.0,214.77765284391484
3002992.0,116.84169619788109
3002993.0,3.450893463973515
3002994.0,5.5285921764767245
3002995.0,45.244817192442795
3002996.0,28.905723355140694
3002997.0,656.9079678919436
3002998.0,63.94448634982914
3002999.0,8.155207704440755
3003000.0,5.028524056334492
3003001.0,0.5171210922842784
3003002.0,3.9104676049052562
3003003.0,1829.1707020900449
3003004.0,0.031398648500358034
3003005.0,142.10162773442946
3003006.0,5.532417483167137
3003007.0,785.9674149660744
3003008.0,272.86186317668717
3003009.0,219.21059884678874
3003010.0,47.55436691100183
3003011.0,37.970476700704666
3003012.0,2545.0336468208025
3003013.0,42.153201808555664
3003014.0,0.7941009992868545
3003015.0,12.665743356858105
3003016.0,9.727918385883092
3003017.0,0.15254358470563265
3003018.0,149.69676282064796
3003019.0,5.228505581034861
3003020.0,3.2209946824714413
3003021.0,3.872706269845189
3003022.0,46.03640561414987
3003023.0,1.772072966119621
3003024.0,134.7344572156182
3003025.0,153.9462352285487
3003026.0,1.0948663303857435
3003027.0,4.8640668907676865
3003028.0,156.7335418776675
3003029.0,21.25974357582883
3003030.0,425.47811743402053
3003031.0,25.704694347153836
3003032.0,3.1425902170906905
3003033.0,5.182062808240842
3003034.0,0.1260380351608183
3003035.0,6.6726413208622315
3003036.0,2578.4738816152667
3003037.0,0.13178098357826662
3003038.0,521.263342890087
3003039.0,9.824156560996053
3003040.0,843.3043551965424
3003041.0,698.0298769193846
3003042.0,198.09466597095152
3003043.0,124.87408411370318
3003044.0,89.65631465547966
3003045.0,3257.477952177988
3003046.0,41.62740013694368
3003047.0,1.1887638375327816
3003048.0,14.793537169822622
3003049.0,27.203604997928622
3003050.0,0.23379053880494122
3003051.0,231.97449151900787
3003052.0,21.394703972920787
3003053.0,11.763845751988438
3003054.0,4.550674101701246
3003055.0,75.6023928600273
3003056.0,5.7249494714511675
3003057.0,355.72616349296743
3003058.0,200.82526531506505
3003059.0,7.126201252809186
3003060.0,6.738334475449088
3003061.0,366.6193195280646
3003062.0,86.90623667533723
3003063.0,1802.4935137496932
3003064.0,4.123181164056533
3003065.0,25.23393263944846
3003066.0,5.320996466278487
3003067.0,0.1036971422153993
3003068.0,4.797089952845457
3003069.0,2815.9525679437343
3003070.0,0.032053238339502896
3003071.0,415.37375982591436
3003072.0,6.653689715053192
3003073.0,1358.783253508111
3003074.0,553.0210696437875
3003075.0,457.0353830528006
3003076.0,79.93707035566116
3003077.0,63.87525900801462
3003078.0,4408.930264598617
3003079.0,11.860429101718434
3003080.0,0.3717813410517601
3003081.0,14.916926450342501
3003082.0,15.047664173010936
3003083.0,0.1055188345759449
3003084.0,271.51495245359297
3003085.0,1.9647305913678828
3003086.0,4.338648047193658
3003087.0,4.432466197969975
3003088.0,37.76919728092704
3003089.0,0.752610908551949
3003090.0,552.7182345595033
3003091.0,279.47832684160164
3003092.0,3.507658700328653
3003093.0,4.365364252756966
3003094.0,221.81887447537616
3003095.0,53.5881412275442
3003096.0,818.4827178153816
3003097.0,88.82547863881766
3003098.0,9.196294275773406
3003099.0,8.156370620015318
3003100.0,0.3823716258040297
3003101.0,2.990356744935076
3003102.0,2175.3177295056485
3003103.0,0.033046983826515115
3003104.0,349.108900339511
3003105.0,4.7303031967838045
3003106.0,1838.2704345131303
3003107.0,405.11422377307736
3003108.0,222.02664251214551
3003109.0,175.0290271083222
3003110.0,59.767746814428996
3003111.0,3120.7744547402763
3003112.0,10.942252702539793
3003113.0,0.3006955746911413
3003114.0,28.691040655111458
3003115.0,25.40365730337452
3003116.0,0.17352273082698744
3003117.0,242.97078378194644
3003118.0,2.7052068935558444
3003119.0,2.227828470775351
3003120.0,8.946819778612774
3003121.0,76.21590272825978
3003122.0,1.3246518398855522
3003123.0,121.7238167826029
3003124.0,195.32044805787578
3003125.0,2.0373574753326507
3003126.0,3.810025236444375
3003127.0,127.27820806575936
3003128.0,117.28628515798562
3003129.0,833.4447645420946
3003130.0,1.5690374826745095
3003131.0,5.056946539947898
3003132.0,4.009348070046091
3003133.0,0.23198067814361994
3003134.0,1.6183708401043013
3003135.0,1496.6638050298247
3003136.0,0.029702933140824585
3003137.0,134.1895174156774
3003138.0,6.955461934454776
3003139.0,622.6944907712234
3003140.0,278.3084920773073
3003141.0,136.5801904522362
3003142.0,44.10415858767129
3003143.0,48.605125294493675
3003144.0,2325.6857597088438
3003145.0,11.092194019104511
3003146.0,0.4246325798824284
3003147.0,20.72811061113215
3003148.0,14.433555956574043
3003149.0,0.10145050335520245
3003150.0,133.30728863588547
3003151.0,0.9567440485071942
3003152.0,3.3630362554155493
3003153.0,3.609052691612057
3003154.0,48.204899748656544
3003155.0,1.6221158107737037
3003156.0,113.96991185584773
3003157.0,134.54870322685514
3003158.0,0.9804052460516713
3003159.0,4.5535903564667315
3003160.0,131.94861675764943
3003161.0,30.84729324504555
3003162.0,443.57452640955455
3003163.0,19.053788919202283
3003164.0,1.38465485648322
3003165.0,1.2782412526051123
3003166.0,0.026644686144262342
3003167.0,2.670915992826559
3003168.0,1382.3325491111455
3003169.0,0.10731107381517217
3003170.0,240.511292627783
3003171.0,13.003443940453913
3003172.0,487.70529654619236
3003173.0,421.4699450156985
3003174.0,107.73162173241528
3003175.0,43.62963142381777
3003176.0,57.564295913124724
3003177.0,1884.7203221839054
3003178.0,19.354300957402913
3003179.0,0.3789883013687215
3003180.0,13.496556925038346
3003181.0,9.801879947882087
3003182.0,0.14724390922414954
3003183.0,116.68396252273979
3003184.0,8.406381154102826
3003185.0,1.8252802312353704
3003186.0,3.482408918087514
3003187.0,47.46206746238443
3003188.0,3.815478466580194
3003189.0,586.8921186098771
3003190.0,132.31797103035476
3003191.0,2.8368916825826753
3003192.0,4.612149829446423
3003193.0,245.91364282284445
3003194.0,30.07768649970997
3003195.0,930.4521700924457
3003196.0,2.8836295397151805
3003197.0,5.764093788739661
3003198.0,2.9709142133498485
3003199.0,0.22697556415899828
3003200.0,4.061531929708133
3003201.0,3055.0071628562605
3003202.0,0.1267937241409857
3003203.0,560.0949143521307
3003204.0,18.292312360648594
3003205.0,986.3542682596972
3003206.0,1010.8187638779646
3003207.0,222.27808747936518
3003208.0,171.30683156401673
3003209.0,143.22810726446178
3003210.0,2893.2645364047444
3003211.0,36.38608848516144
3003212.0,0.9090177161169382
3003213.0,18.857241350962134
3003214.0,38.40129682359506
3003215.0,0.13825195654787878
3003216.0,228.15192780278136
3003217.0,8.932394266759557
3003218.0,38.81331579523745
3003219.0,7.764790309887528
3003220.0,72.91620671207338
3003221.0,11.839178765206238
3003222.0,324.241152201634
3003223.0,224.43613747408202
3003224.0,15.849311978991524
3003225.0,7.672880706852389
3003226.0,470.27397609550627
3003227.0,114.82447671084705
3003228.0,2623.550930067654
3003229.0,10.026633274135058
3003230.0,17.693997470471572
3003231.0,2.953806184742782
3003232.0,0.15893511573087876
3003233.0,1.8841594045535197
3003234.0,1789.9083887647735
3003235.0,0.10102846519278484
3003236.0,248.78589170711456
3003237.0,4.801062035978109
3003238.0,320.35839675719103
3003239.0,382.70255731597683
3003240.0,90.32795321185395
3003241.0,46.07474633886346
3003242.0,32.41758229440879
3003243.0,1390.406345911361
3003244.0,10.171417405763645
3003245.0,0.5220952472027491
3003246.0,8.569087160466223
3003247.0,11.784415463844269
3003248.0,0.12158198199087947
3003249.0,88.12624031965575
3003250.0,0.08022521242044774
3003251.0,15.231313634438518
3003252.0,1.8128784973010754
3003253.0,103.95023903731732
3003254.0,4.273531723365862
3003255.0,66.8323180341053
3003256.0,83.11843330409314
3003257.0,3.0243383126805354
3003258.0,6.165997044606984
3003259.0,58.69313546490945
3003260.0,16.00049096842203
3003261.0,613.6228199703106
3003262.0,1.5645137337020214
3003263.0,2.2192011366797257
3003264.0,3.7221822270868787
3003265.0,0.023085268910236288
3003266.0,0.6346599061866824
3003267.0,728.4210859362374
3003268.0,0.10634873722483945
3003269.0,165.55106651328657
3003270.0,5.330188143265342
3003271.0,348.4362191922374
3003272.0,184.60484150617998
3003273.0,60.797627726299496
3003274.0,27.926392929434957
3003275.0,31.487848420220093
3003276.0,1213.9958317186304
3003277.0,12.648221025187754
3003278.0,0.5607799810908694
3003279.0,11.682356931290492
3003280.0,8.869989573153834
3003281.0,0.21366049629395084
3003282.0,68.06054978059731
3003283.0,0.22736627183081787
3003284.0,4.2137314049812264
3003285.0,0.9867576843436618
3003286.0,21.41108139264781
3003287.0,0.24896612101515447
3003288.0,184.80804577378285
3003289.0,104.86224938801358
3003290.0,1.9816753113392738
3003291.0,0.8696457623486787
3003292.0,100.3036757673129
3003293.0,12.940358376191504
3003294.0,392.88293990012994
3003295.0,1.3783756599739594
3003296.0,1.206821375008976
3003297.0,5.107549806105478
3003298.0,0.17006330426405314
3003299.0,2.9205497418609836
3003300.0,2379.8816101570587
3003301.0,0.19224875248465392
3003302.0,483.3693380707083
3003303.0,13.043079408181939
3003304.0,705.0461387756208
3003305.0,744.307634091314
3003306.0,213.6318156959711
3003307.0,176.28032083510882
3003308.0,88.60657348354589
3003309.0,3001.068109578994
3003310.0,17.394663991228988
3003311.0,1.685589403623453
3003312.0,20.309832133654382
3003313.0,24.27397776988999
3003314.0,0.2766812507622519
3003315.0,189.11307669741888
3003316.0,4.399774535195869
3003317.0,25.126334770251546
3003318.0,4.930017259950649
3003319.0,100.11347936868478
3003320.0,3.381956548392837
3003321.0,208.84773803299169
3003322.0,166.96580859979167
3003323.0,7.737966219597715
3003324.0,6.696754418666496
3003325.0,309.2734012000941
3003326.0,57.42715872731971
3003327.0,1854.0092663507921
3003328.0,1.5148476044430423
3003329.0,10.267152552442905
3003330.0,5.959636298264899
3003331.0,0.1013586683053948
3003332.0,3.8294818260563743
3003333.0,2412.3466568743534
3003334.0,0.03001081083187627
3003335.0,446.8655251678892
3003336.0,10.496809049087972
3003337.0,1012.7798335568993
3003338.0,659.3267029406227
3003339.0,298.40950926981304
3003340.0,189.98731849687528
3003341.0,54.91006480392774
3003342.0,3354.022040984416
3003343.0,9.30415302560601
3003344.0,0.8112749392599997
3003345.0,27.014579783634325
3003346.0,16.34856578026912
3003347.0,0.4013017615779402
3003348.0,246.7330485996903
3003349.0,0.10283987665434602
3003350.0,4.281144432149684
3003351.0,4.058524002500372
3003352.0,33.95812308916091
3003353.0,1.103872509979564
3003354.0,272.1609431832473
3003355.0,229.8462313182289
3003356.0,3.764979314248434
3003357.0,3.071914614772251
3003358.0,162.16827493621628
3003359.0,69.01607408410848
3003360.0,1264.215189196549
3003361.0,2.108501411253952
3003362.0,2.2308750674634332
3003363.0,5.068680624447408
3003364.0,0.3894549674169643
3003365.0,3.216171820783282
3003366.0,2389.932782309771
3003367.0,0.03601833432512383
3003368.0,455.6898582982296
3003369.0,9.762127213808396
3003370.0,825.7781744944091
3003371.0,485.4071590890777
3003372.0,209.14252937972165
3003373.0,163.806929048154
3003374.0,44.017573291313695
3003375.0,3068.474834108031
3003376.0,10.8238510592172
3003377.0,0.8097589570349709
3003378.0,18.464235358849926
3003379.0,19.07254925681041
3003380.0,0.119238535936145
3003381.0,220.4803442494594
3003382.0,0.08594602137967283
3003383.0,4.847477790158158
3003384.0,3.971274933866716
3003385.0,66.25481309815095
3003386.0,1.1047471841202545
3003387.0,132.8661178036412
3003388.0,183.19607068356785
3003389.0,4.305631503624614
3003390.0,3.217826844580919
3003391.0,155.5555193876221
3003392.0,46.70076746553015
3003393.0,894.0679427987421
3003394.0,1.481420697343564
3003395.0,4.184565608955022
3003396.0,9.535847880036581
3003397.0,0.7554198328007539
3003398.0,12.013724715979603
3003399.0,6560.582754287911
3003400.0,0.13427628278495188
3003401.0,1021.9202560373785
3003402.0,57.48302612833309
3003403.0,1689.3761869285077
3003404.0,1667.7840216553482
3003405.0,288.9287299048034
3003406.0,383.4477759501011
3003407.0,264.70118791375097
3003408.0,5918.459097327946
3003409.0,60.712395975711075
3003410.0,2.325331698524232
3003411.0,45.347335821011
3003412.0,49.67460331392871
3003413.0,0.5997385014484874
3003414.0,416.2634104396593
3003415.0,28.979129911331306
3003416.0,44.23862988663707
3003417.0,16.10483141545235
3003418.0,185.54641781770442
3003419.0,22.018786696936026
3003420.0,534.4269693596113
3003421.0,400.7055564804252
3003422.0,13.374936181766929
3003423.0,19.047484781994793
3003424.0,872.8876751068569
3003425.0,238.61226293561614
3003426.0,5584.690240751734
3003427.0,1.6973052237346589
3003428.0,64.6581924328737
3003429.0,3.03429286177827
3003430.0,0.4037609066885747
3003431.0,0.8424703253765775
3003432.0,1452.1723689370024
3003433.0,0.02502300918426811
3003434.0,137.3216917299464
3003435.0,2.8797326617280175
3003436.0,757.8622454975056
3003437.0,238.41966742144442
3003438.0,102.07080479156065
3003439.0,156.95726131960933
3003440.0,38.4501432419402
3003441.0,2213.600313793745
3003442.0,3.446035933996968
3003443.0,0.31848352761351767
3003444.0,13.969482853151673
3003445.0,9.520549519874185
3003446.0,0.23183297538969308
3003447.0,152.79312012913954
3003448.0,0.4729082771999551
3003449.0,3.044318237945138
3003450.0,3.036280764275199
3003451.0,48.71476489718598
3003452.0,0.5248542984877894
3003453.0,144.18041704969403
3003454.0,102.44448182419563
3003455.0,1.4766684220191808
3003456.0,4.101727112078395
3003457.0,100.70235885782824
3003458.0,18.08960593720481
3003459.0,502.1714881501208
3003460.0,2.809481113356127
3003461.0,4.324440092870351
3003462.0,6.113944287184093
3003463.0,0.2438451597157979
3003464.0,3.1884856959125427
3003465.0,2395.6150920629566
3003466.0,0.039957928168418075
3003467.0,415.46210558277505
3003468.0,9.9942027185898
3003469.0,1428.8442760722262
3003470.0,504.4731376203042
3003471.0,193.0079241649492
3003472.0,209.1774386163114
3003473.0,83.51769494223498
3003474.0,3641.7072544461025
3003475.0,12.200539667218962
3003476.0,0.32580919639322925
3003477.0,18.982506749199448
3003478.0,18.757385556985586
3003479.0,0.15095909229626636
3003480.0,233.8192009864711
3003481.0,1.2620269349770339
3003482.0,3.5426645563701067
3003483.0,7.825381624318264
3003484.0,14.334305336278192
3003485.0,1.2815715584634113
3003486.0,556.3417651927059
3003487.0,207.39787507869272
3003488.0,3.2066205139871147
3003489.0,5.497158402471565
3003490.0,134.96262726521326
3003491.0,50.54859352701706
3003492.0,1003.027395035732
3003493.0,1.6634653995912316
3003494.0,4.624933279497899
3003495.0,0.9767940264135622
3003496.0,0.051020260226785685
3003497.0,0.6837668569058661
3003498.0,817.2285809509791
3003499.0,0.023085268910236288
3003500.0,111.2205580584877
3003501.0,2.3695893772354353
3003502.0,797.1621975524131
3003503.0,137.7723770933198
3003504.0,81.51894299904347
3003505.0,160.9083759600789
3003506.0,17.2594779866166
3003507.0,1386.8199190826608
3003508.0,1.5344080647949148
3003509.0,0.23270495444553307
3003510.0,10.078182500953012
3003511.0,3.1785330856708605
3003512.0,0.08624171515115181
3003513.0,77.41817741391498
3003514.0,0.04354906403903074
3003515.0,2.7680291750988624
3003516.0,0.8874704586492728
3003517.0,27.798572843396556
3003518.0,0.26704394464887393
3003519.0,118.72111777571544
3003520.0,63.83721086085704
3003521.0,0.48915869369941156
3003522.0,1.0975268071663589
3003523.0,54.193637368259886
3003524.0,10.506341916338695
3003525.0,168.06895998533966
3003526.0,2.7300481285298757
3003527.0,1.257209590375448
3003528.0,6.606687239879753
3003529.0,0.16508248805994924
3003530.0,2.2219588663418923
3003531.0,1580.105236074827
3003532.0,0.02511597773731463
3003533.0,205.20488779557058
3003534.0,6.642066595875582
3003535.0,817.496698125646
3003536.0,306.13791561245364
3003537.0,151.1529506650441
3003538.0,116.47485572750307
3003539.0,45.02203585185651
3003540.0,2298.0212466646253
3003541.0,3.212691556613402
3003542.0,0.47721396239286273
3003543.0,21.863667274020145
3003544.0,13.179532025403127
3003545.0,0.12403167864930512
3003546.0,166.1643690159865
3003547.0,0.05042893100540931
3003548.0,3.3922495895645204
3003549.0,11.02028954197305
3003550.0,20.421769277841683
3003551.0,1.0838077329087998
3003552.0,379.15708025974357
3003553.0,169.04389522659187
3003554.0,1.1764543355030799
3003555.0,3.843339067200793
3003556.0,187.2156815037794
3003557.0,22.35592132809984
3003558.0,974.2112756354468
3003559.0,3.1389182502231723
3003560.0,0.8447402674884994
3003561.0,2.710391262041039
3003562.0,0.22675602730354227
3003563.0,2.7939851041570156
3003564.0,1972.054371194345
3003565.0,0.04931148222328943
3003566.0,534.6041545569976
3003567.0,5.6141005334312375
3003568.0,769.49292452724
3003569.0,492.89653533492435
3003570.0,197.03208521992428
3003571.0,82.94304251998977
3003572.0,62.283104382234015
3003573.0,3264.174264923792
3003574.0,5.459887859162893
3003575.0,3.601396009923677
3003576.0,29.384609115837357
3003577.0,32.730907261555544
3003578.0,0.17133465907272374
3003579.0,178.9103897545004
3003580.0,2.696797859906266
3003581.0,5.354774166824473
3003582.0,2.8078867402017806
3003583.0,39.2566986405358
3003584.0,1.7016533814555486
3003585.0,237.13819536335447
3003586.0,208.25512020609125
3003587.0,2.9266290270737523
3003588.0,4.97714863338887
3003589.0,130.5199020026749
3003590.0,31.921868703762694
3003591.0,571.2215422185552
3003592.0,1.9163453155093415
3003593.0,3.096542120202909
3003594.0,3.237746233130579
3003595.0,0.08827079509504715
3003596.0,0.6962419135764072
3003597.0,1108.5584716895428
3003598.0,0.023085268910236288
3003599.0,71.63733719578292
3003600.0,2.7235624072705678
3003601.0,386.05068240843354
3003602.0,144.1461047290075
3003603.0,67.23524644987276
3003604.0,86.6333724748688
3003605.0,34.801152681568595
3003606.0,1541.4437561828945
3003607.0,3.612258087293649
3003608.0,0.26994564233347607
3003609.0,11.533324310036946
3003610.0,6.477099178311222
3003611.0,0.11909604898345352
3003612.0,83.40529581584315
3003613.0,0.04354906403903074
3003614.0,3.0638436892590186
3003615.0,0.8264411605104947
3003616.0,12.880545488998123
3003617.0,0.43550673294510156
3003618.0,305.2774825958611
3003619.0,59.87362156822212
3003620.0,0.7259733139126239
3003621.0,0.8063254119956633
3003622.0,49.82280346398346
3003623.0,14.568392249970408
3003624.0,320.6064066919938
3003625.0,1.7160945596306671
3003626.0,0.17233437476714003
3003627.0,3.783693823312081
3003628.0,0.09515861833823422
3003629.0,2.1849936289178147
3003630.0,2672.32476526983
3003631.0,0.025003544542458647
3003632.0,403.8285170867134
3003633.0,5.672160632316723
3003634.0,759.0393086796405
3003635.0,448.08815103079513
3003636.0,171.05255891490413
3003637.0,140.64132838344153
3003638.0,59.62897888569705
3003639.0,3205.0928498820135
3003640.0,4.583490247355067
3003641.0,0.3714475467088878
3003642.0,13.480251734289451
3003643.0,9.353963505711322
3003644.0,0.21348410347517982
3003645.0,177.9106272544161
3003646.0,0.05431761832820072
3003647.0,18.06936799057737
3003648.0,1.6941692687710317
3003649.0,35.53009690119308
3003650.0,0.5277261254732716
3003651.0,338.81064844814057
3003652.0,173.98756060350058
3003653.0,1.5036438891157966
3003654.0,3.8123743832573793
3003655.0,104.85183919290427
3003656.0,37.46127557496716
3003657.0,1065.1739425270036
3003658.0,1.3032757164132576
3003659.0,0.8100363989809015
3003660.0,3.23767632752055
3003661.0,0.2019363329591461
3003662.0,5.432041993397489
3003663.0,2624.1043403396593
3003664.0,0.1381547380507454
3003665.0,515.2073049943915
3003666.0,8.239273822308109
3003667.0,939.6380878370614
3003668.0,791.1762019661167
3003669.0,147.80907188778076
3003670.0,116.75705064657205
3003671.0,115.22274325388635
3003672.0,3458.1349317356867
3003673.0,58.725093292547555
3003674.0,1.2828807910777522
3003675.0,27.288804437802014
3003676.0,26.305038859679666
3003677.0,0.48780990875569835
3003678.0,237.67954035793127
3003679.0,17.89446079903584
3003680.0,23.14951966110358
3003681.0,2.0561394620754108
3003682.0,115.75805340301498
3003683.0,7.0340949830862725
3003684.0,196.28684324732563
3003685.0,220.86044017941035
3003686.0,9.797023732653667
3003687.0,12.684913692011023
3003688.0,244.27161920096916
3003689.0,82.76130560416712
3003690.0,2175.3887668185653
3003691.0,6.048377481685983
3003692.0,10.592587660297365
3003693.0,4.812517599030808
3003694.0,0.055601264147981395
3003695.0,6.6707064251447985
3003696.0,2619.2667244134245
3003697.0,0.1173487947643654
3003698.0,383.1355611422492
3003699.0,11.331750779182023
3003700.0,919.8442549150257
3003701.0,620.8872258326891
3003702.0,126.27840392090087
3003703.0,66.33311165321737
3003704.0,89.6540176091844
3003705.0,3055.6815929311947
3003706.0,22.450063267997145
3003707.0,1.107271328093491
3003708.0,30.03588320067046
3003709.0,47.19375671841254
3003710.0,0.12163008462128265
3003711.0,274.10898639237917
3003712.0,14.122219957029333
3003713.0,15.910997098241088
3003714.0,6.484429278438412
3003715.0,79.34739731194796
3003716.0,8.52032124524278
3003717.0,159.11486672647578
3003718.0,330.3324095790299
3003719.0,6.01892986490442
3003720.0,8.932562658600165
3003721.0,104.73868648616073
3003722.0,75.70716319518154
3003723.0,1592.705810268108
3003724.0,2.3091650024871386
3003725.0,11.890236162342767
3003726.0,6.64857571155793
3003727.0,0.26448564206694986
3003728.0,3.826466813968951
3003729.0,3495.1107882372025
3003730.0,0.047114323872119696
3003731.0,658.6159423483805
3003732.0,6.534812495949011
3003733.0,2094.3282742135334
3003734.0,549.9737121427863
3003735.0,181.5111502073529
3003736.0,275.61381090272965
3003737.0,62.48233270440828
3003738.0,4631.377224595612
3003739.0,31.11534268615855
3003740.0,1.164145181469133
3003741.0,21.576180773963422
3003742.0,16.19037587286325
3003743.0,0.12792205597326747
3003744.0,253.38457828068726
3003745.0,3.9531817016100654
3003746.0,11.688640287246299
3003747.0,4.5248987311634545
3003748.0,50.70675346140952
3003749.0,2.1087790318998305
3003750.0,219.6658760890916
3003751.0,271.43503529172733
3003752.0,5.840679891502964
3003753.0,8.63077616647631
3003754.0,225.20400975581373
3003755.0,53.27270590943395
3003756.0,1422.7958019918242
3003757.0,17.41494803497593
3003758.0,13.502838877296973
3003759.0,3.2580049527030353
3003760.0,0.19032556529503503
3003761.0,4.474270548834738
3003762.0,2070.2888074322223
3003763.0,0.12120941922753378
3003764.0,311.0071538357646
3003765.0,6.314939095976417
3003766.0,682.7614335401552
3003767.0,600.9069201628275
3003768.0,168.76721708383425
3003769.0,103.92701725191256
3003770.0,71.31035475823381
3003771.0,2876.0896536351893
3003772.0,18.539667213776386
3003773.0,1.162377793416619
3003774.0,9.541801584786413
3003775.0,11.46852401621415
3003776.0,0.1837781107026527
3003777.0,216.73292668448994
3003778.0,14.205511385687572
3003779.0,16.084943652784197
3003780.0,1.293892218891539
3003781.0,58.75614823102945
3003782.0,5.263380404977063
3003783.0,317.6441566876948
3003784.0,187.96206348551306
3003785.0,4.442470769248192
3003786.0,8.484555115665826
3003787.0,292.935517574972
3003788.0,37.68070682138757
3003789.0,1692.851570387545
3003790.0,3.4021050021725983
3003791.0,19.732979489124027
3003792.0,2.842755553901603
3003793.0,0.24638861152387748
3003794.0,3.6714183842405137
3003795.0,3632.2022746615926
3003796.0,0.03632743431320544
3003797.0,334.87534794658694
3003798.0,5.754456431051521
3003799.0,1862.5345172980578
3003800.0,480.58004586553886
3003801.0,226.50370563861242
3003802.0,128.65988673002857
3003803.0,69.34544310731414
3003804.0,4182.131443700171
3003805.0,10.367726628672806
3003806.0,1.1955442704380597
3003807.0,25.339011111071223
3003808.0,17.997377459508748
3003809.0,0.24504300536178272
3003810.0,348.6490637404165
3003811.0,0.07816185734605943
3003812.0,2.0042767996478092
3003813.0,6.543766058656952
3003814.0,36.90879317268127
3003815.0,1.4033387586918409
3003816.0,165.912442539338
3003817.0,253.6288458081056
3003818.0,2.6032981562746054
3003819.0,8.329667273749559
3003820.0,132.29292706384794
3003821.0,46.01332464547339
3003822.0,923.6299437809366
3003823.0,4.343238725430625
3003824.0,5.0977652864391345
3003825.0,5.107021730774615
3003826.0,0.11996245271377841
3003827.0,5.404874785949167
3003828.0,2475.913659549001
3003829.0,0.12118439233986852
3003830.0,375.1859041962341
3003831.0,8.893242975911283
3003832.0,1324.4538445292164
3003833.0,507.3908729192939
3003834.0,175.5349266121302
3003835.0,93.97737106812353
3003836.0,121.0283608505972
3003837.0,3090.683425358485
3003838.0,34.91275518283822
3003839.0,1.0252848772309417
3003840.0,22.361434854163512
3003841.0,30.801671979560773
3003842.0,0.18359186068669378
3003843.0,190.00295994734694
3003844.0,14.45501026434518
3003845.0,16.071527287812273
3003846.0,6.799892024782721
3003847.0,120.7554364067505
3003848.0,7.8253666480966135
3003849.0,163.2042197228052
3003850.0,334.0124385623309
3003851.0,12.530343975890649
3003852.0,7.004208825499534
3003853.0,145.74465014024557
3003854.0,53.01553900234005
3003855.0,1654.6515351487897
3003856.0,1.5526299269298007
3003857.0,5.29411579503795
3003858.0,2.483567598367697
3003859.0,0.18954734688766026
3003860.0,3.1833055645043014
3003861.0,2186.8736708783485
3003862.0,0.11568157186872982
3003863.0,396.72682993998865
3003864.0,10.230739013416215
3003865.0,633.1141851269961
3003866.0,681.7678047971012
3003867.0,137.64735189692277
3003868.0,112.12069804955749
3003869.0,91.82414580815262
3003870.0,2128.8670096507885
3003871.0,28.93786818466355
3003872.0,0.8235725927836703
3003873.0,16.227700561482294
3003874.0,12.306236358614239
3003875.0,0.13376387174299656
3003876.0,166.0868573051373
3003877.0,15.392478273669523
3003878.0,31.29540972698785
3003879.0,4.313837817072661
3003880.0,70.90354728307594
3003881.0,7.201256833616797
3003882.0,203.97977092605845
3003883.0,157.6223148377116
3003884.0,7.028918837175927
3003885.0,7.7157293196024
3003886.0,192.7077604356879
3003887.0,53.93645789262639
3003888.0,1758.8442087299254
3003889.0,6.339148997059036
3003890.0,12.873080550542873
3003891.0,3.6797222040520383
3003892.0,0.14351066803965395
3003893.0,3.0889979191567463
3003894.0,3969.8542208772324
3003895.0,0.023085268910236288
3003896.0,457.1407194593331
3003897.0,10.96206959416447
3003898.0,935.6412344849289
3003899.0,490.98048488130064
3003900.0,220.86201780066241
3003901.0,157.67151443406695
3003902.0,48.29868743161836
3003903.0,3788.678687759463
3003904.0,6.6693777530231415
3003905.0,0.24612286268572411
3003906.0,11.461526708731736
3003907.0,14.092910913406818
3003908.0,0.11140999223713538
3003909.0,182.94509041122956
3003910.0,0.04749385099802494
3003911.0,4.699657101502826
3003912.0,1.1188629967824966
3003913.0,51.70335054535444
3003914.0,1.7898032606241403
3003915.0,219.63796035052587
3003916.0,236.21838832282856
3003917.0,2.8989233246216317
3003918.0,1.7603524483211312
3003919.0,193.08105831769277
3003920.0,118.59893828956513
3003921.0,886.4978598731946
3003922.0,2.192622399598596
3003923.0,0.8842659600994207
3003924.0,13.156862839036863
3003925.0,0.05755347567201024
3003926.0,12.336022330924013
3003927.0,7343.66660473523
3003928.0,0.13350803106786127
3003929.0,1345.3355803920292
3003930.0,25.718584095486932
3003931.0,1931.0708734567706
3003932.0,1827.6671288750754
3003933.0,409.49459163465485
3003934.0,418.1083418554703
3003935.0,377.9805386468536
3003936.0,7033.139499139918
3003937.0,80.39189161921061
3003938.0,4.38242042284245
3003939.0,93.38428520137484
3003940.0,93.45507062629358
3003941.0,0.5984018691801468
3003942.0,587.8170163454656
3003943.0,33.22568216718732
3003944.0,19.746413726499846
3003945.0,17.70651866092371
3003946.0,308.732408276436
3003947.0,20.949587323007997
3003948.0,639.2983842183456
3003949.0,405.3861269838895
3003950.0,35.0016704603074
3003951.0,31.42502986217617
3003952.0,867.8657201817209
3003953.0,278.3762632530454
3003954.0,6138.4704180788
3003955.0,739.5444964744175
3003956.0,71.19574820293658
3003957.0,12.074982926539363
3003958.0,0.048224236765507515
3003959.0,10.167713882262401
3003960.0,6848.056664654889
3003961.0,0.1306034818267953
3003962.0,945.1499709339465
3003963.0,26.029174590466887
3003964.0,2122.376027159179
3003965.0,1746.9080623398572
3003966.0,514.4616241966221
3003967.0,284.0991184361792
3003968.0,254.54319226881248
3003969.0,7702.6619930567795
3003970.0,130.76511896624336
3003971.0,1.5467415669014666
3003972.0,51.368270637647896
3003973.0,70.49714168225645
3003974.0,0.4945335408378434
3003975.0,526.780811095048
3003976.0,30.7064977429953
3003977.0,30.85762279437084
3003978.0,5.542259964829475
3003979.0,191.3955895772516
3003980.0,15.197736686687415
3003981.0,797.6956079840336
3003982.0,524.8000194956487
3003983.0,16.8526604102902
3003984.0,24.008572746511774
3003985.0,836.5862568157485
3003986.0,195.29934404149725
3003987.0,4603.618993195623
3003988.0,95.11187722006402
3003989.0,50.73746846132066
3003990.0,10.296654508608015
3003991.0,0.04712642697780084
3003992.0,13.72848083434722
3003993.0,4705.403991029465
3003994.0,0.16619330524866732
3003995.0,723.0753852686977
3003996.0,14.77844270232458
3003997.0,1961.0351056085547
3003998.0,1267.7006918646907
3003999.0,639.741782589384
3004000.0,102.97274209013936
3004001.0,189.79183192883923
3004002.0,6882.641266551244
3004003.0,41.58035670115271
3004004.0,1.5980872583466255
3004005.0,33.039051440475774
3004006.0,18.413926529781975
3004007.0,0.3442594742150954
3004008.0,523.2650814886604
3004009.0,27.744964839186004
3004010.0,19.265322538798255
3004011.0,9.235206294383696
3004012.0,101.7428901486411
3004013.0,7.482873281699616
3004014.0,789.4708147250819
3004015.0,513.5287977002124
3004016.0,18.163049846895166
3004017.0,35.48567453362496
3004018.0,562.5285411072152
3004019.0,119.57413762535802
3004020.0,1970.2646460358205
3004021.0,84.00368265815587
3004022.0,34.883977397669085
3004023.0,13.620192222877273
3004024.0,0.048618286533045285
3004025.0,14.48378566613601
3004026.0,6306.200765933532
3004027.0,0.13959203902802103
3004028.0,879.3576725957583
3004029.0,20.80111647084849
3004030.0,1978.7113232997594
3004031.0,1720.4625836915675
3004032.0,532.2287283611303
3004033.0,271.01084735544805
3004034.0,212.15315405215995
3004035.0,7950.308036545519
3004036.0,49.25071398065833
3004037.0,1.6395735089032606
3004038.0,44.05289097318192
3004039.0,75.88108944201147
3004040.0,0.17467924909685487
3004041.0,584.4819400573103
3004042.0,29.61043761659406
3004043.0,26.26000108635213
3004044.0,8.225029539218092
3004045.0,165.7463949586122
3004046.0,9.511108962807265
3004047.0,683.2013369431796
3004048.0,550.983714282054
3004049.0,21.838679409214294
3004050.0,23.45144259850894
3004051.0,851.528829218372
3004052.0,178.443715633
3004053.0,4407.904703181269
3004054.0,647.576571853135
3004055.0,56.540607342198385
3004056.0,10.158390856644328
3004057.0,0.0397856647066121
3004058.0,13.88939639840681
3004059.0,3825.8323988757857
3004060.0,0.11614661473950866
3004061.0,600.2293141634352
3004062.0,14.011126180488613
3004063.0,1702.515924062407
3004064.0,924.3575655067616
3004065.0,450.32096561393166
3004066.0,89.41038304227793
3004067.0,137.9713861797179
3004068.0,5759.695529340278
3004069.0,39.81090761640605
3004070.0,0.6266346680155295
3004071.0,29.43212314620451
3004072.0,32.45398184362152
3004073.0,0.15059829630940746
3004074.0,515.4384893414986
3004075.0,18.50777197301329
3004076.0,8.894581790245297
3004077.0,4.822352463751129
3004078.0,98.01641769133337
3004079.0,4.147764666352034
3004080.0,612.7495132960426
3004081.0,599.0793989641949
3004082.0,13.283166372172005
3004083.0,17.024149382353684
3004084.0,603.595553722553
3004085.0,75.39206613514968
3004086.0,1411.9104304322855
3004087.0,610.3768177153391
3004088.0,17.410294521969334
3004089.0,9.80078250603381
3004090.0,0.055097907730940636
3004091.0,9.254593197106182
3004092.0,5588.8159552802745
3004093.0,0.1308563396310937
3004094.0,937.606649047632
3004095.0,22.41075644429201
3004096.0,1522.4389712832642
3004097.0,1765.089481774783
3004098.0,368.42647706197886
3004099.0,362.80539579513083
3004100.0,282.73954047949263
3004101.0,5976.02336341214
3004102.0,63.24264792219621
3004103.0,1.6481487677343563
3004104.0,70.24710234465957
3004105.0,51.06081167617256
3004106.0,0.3061534167747548
3004107.0,398.7803257887371
3004108.0,18.045590848207226
3004109.0,24.953565227901933
3004110.0,10.530929042752362
3004111.0,217.39128870592018
3004112.0,12.760278154244624
3004113.0,569.4204673941672
3004114.0,385.5811972927006
3004115.0,16.14609277621315
3004116.0,26.304556746332803
3004117.0,776.0599474390506
3004118.0,176.90765451556985
3004119.0,5406.37882385054
3004120.0,72.30782779720852
3004121.0,64.77493587583771
3004122.0,4.649088793080264
3004123.0,0.6364578711510129
3004124.0,5.0537678507842285
3004125.0,1729.7339366850233
3004126.0,0.12610842247196624
3004127.0,292.2344271460511
3004128.0,17.234661399216172
3004129.0,839.880920767112
3004130.0,453.07094485838115
3004131.0,199.94164562038804
3004132.0,64.60736200564585
3004133.0,73.57964846073884
3004134.0,2384.9076085949455
3004135.0,42.82397239299294
3004136.0,0.7863759134517982
3004137.0,25.22064859871721
3004138.0,21.790924909585932
3004139.0,0.3483651808527025
3004140.0,222.43292317671094
3004141.0,10.623424465771889
3004142.0,8.044856676088322
3004143.0,10.587275361332956
3004144.0,54.46517718733463
3004145.0,4.394031553770885
3004146.0,217.02455174332385
3004147.0,209.41096756066156
3004148.0,3.31020303434262
3004149.0,6.520417589119897
3004150.0,162.2595913265044
3004151.0,54.51332447690814
3004152.0,1277.2229063376699
3004153.0,1.5017599675763207
3004154.0,8.054439176895333
3004155.0,7.420798079099457
3004156.0,0.04649202680377912
3004157.0,12.519934765193144
3004158.0,3784.856016532908
3004159.0,0.1324794059109128
3004160.0,474.66529538155794
3004161.0,24.315723132665724
3004162.0,1501.8548657693698
3004163.0,901.3176650810121
3004164.0,386.4312447721401
3004165.0,80.5811005829419
3004166.0,147.66769009106793
3004167.0,5522.308187597375
3004168.0,100.92316153420256
3004169.0,1.0947642999046705
3004170.0,42.170746643529725
3004171.0,30.574952773262027
3004172.0,0.22459344786214303
3004173.0,414.51551192728624
3004174.0,16.570063179356847
3004175.0,5.884600138800249
3004176.0,2.102108315183464
3004177.0,130.95692270528212
3004178.0,6.2593720260440335
3004179.0,391.6566274051636
3004180.0,409.1482890136108
3004181.0,9.443692450546328
3004182.0,15.907901521932809
3004183.0,331.2994916204101
3004184.0,73.08394305882898
3004185.0,1761.7390197600625
3004186.0,586.7425267298385
3004187.0,16.057075413078657
3004188.0,6.4882890433058105
3004189.0,0.04916796083152657
3004190.0,4.827670415732427
3004191.0,3507.5535844216547
3004192.0,0.1262661077058446
3004193.0,703.7550665265192
3004194.0,6.472342615192991
3004195.0,1194.804947690064
3004196.0,1237.0784884708473
3004197.0,206.18981887671686
3004198.0,257.32254220371254
3004199.0,189.23979002322673
3004200.0,3987.197134740666
3004201.0,29.082263512682825
3004202.0,1.1832654952518777
3004203.0,27.32733251634111
3004204.0,26.571229111821367
3004205.0,0.4151290380285204
3004206.0,295.71466080636975
3004207.0,1.435303769395126
3004208.0,37.01935535760303
3004209.0,6.013426712022275
3004210.0,115.34520592811549
3004211.0,8.784529783933165
3004212.0,454.87025144254784
3004213.0,211.92433233094167
3004214.0,18.98799233576949
3004215.0,11.315712880241556
3004216.0,527.1712083111952
3004217.0,100.56743271201074
3004218.0,4045.2960786853537
3004219.0,3.4066610399512083
3004220.0,34.583915491563445
3004221.0,9.54767520252179
3004222.0,0.024187079420257458
3004223.0,5.6396224658752185
3004224.0,3747.6704852758735
3004225.0,0.024446568706948408
3004226.0,617.9890428063259
3004227.0,9.425268599498441
3004228.0,1388.6077152250357
3004229.0,874.2993243088142
3004230.0,268.67487605503504
3004231.0,162.89887226756383
3004232.0,250.10184334466132
3004233.0,4579.464508860072
3004234.0,43.982117695145675
3004235.0,2.643417857767971
3004236.0,34.94714095343076
3004237.0,36.7455988945825
3004238.0,0.1579809073164597
3004239.0,313.8798430356368
3004240.0,6.241078222173791
3004241.0,53.752623134864876
3004242.0,5.941147557736139
3004243.0,216.89706447419226
3004244.0,7.077851268370815
3004245.0,374.27747725542054
3004246.0,258.2110823812433
3004247.0,12.84554129742
3004248.0,20.04561888315383
3004249.0,368.34913564925216
3004250.0,102.41136697192904
3004251.0,3736.067824422265
3004252.0,2.257444204059418
3004253.0,6.57131969239197
3004254.0,7.052693819449651
3004255.0,0.14311743771552915
3004256.0,2.719554096390092
3004257.0,1813.305567733772
3004258.0,0.12217240347999737
3004259.0,385.0895179600846
3004260.0,5.5991855407649265
3004261.0,808.7920075261688
3004262.0,384.98364133539883
3004263.0,184.86550741979997
3004264.0,67.820512202251
3004265.0,80.63502940104036
3004266.0,2557.4666742704794
3004267.0,12.434998536406042
3004268.0,0.9705281468734126
3004269.0,21.987893268366527
3004270.0,20.1150665792104
3004271.0,0.18924404283311036
3004272.0,178.41139861789355
3004273.0,2.600026341184475
3004274.0,9.882664207772248
3004275.0,4.8787951242424
3004276.0,60.10817498806088
3004277.0,2.7054358096556386
3004278.0,203.75465442656466
3004279.0,178.36134650189217
3004280.0,5.254601103767518
3004281.0,5.068329315535127
3004282.0,143.5842155385109
3004283.0,49.23657487666236
3004284.0,1375.7243749394838
3004285.0,1.4772150823910422
3004286.0,2.4621926094171602
3004287.0,4.887541656250705
3004288.0,0.023085268910236288
3004289.0,1.2976229454457595
3004290.0,1882.615922680778
3004291.0,0.023085268910236288
3004292.0,183.89030734836103
3004293.0,2.891312217899352
3004294.0,828.8942819671188
3004295.0,184.14035331751685
3004296.0,175.11264702699546
3004297.0,46.77918090433013
3004298.0,23.34336590501533
3004299.0,2412.860124764707
3004300.0,5.38143009689158
3004301.0,0.6070096608244031
3004302.0,16.862510223558214
3004303.0,10.018872098309998
3004304.0,0.09538867180324308
3004305.0,163.23349583705334
3004306.0,0.044244848615267944
3004307.0,2.954587826750321
3004308.0,2.7552347730564586
3004309.0,14.691927611328152
3004310.0,0.7930783704005816
3004311.0,57.41990106332641
3004312.0,139.3856670779519
3004313.0,0.2421965913536378
3004314.0,1.5371177996068692
3004315.0,56.31697311686473
3004316.0,71.91912388089258
3004317.0,490.78505596554976
3004318.0,2.7646193074770347
3004319.0,2.1776906225334
3004320.0,4.5128479032243405
3004321.0,0.18005280154536027
3004322.0,5.82210539204263
3004323.0,2787.4445163043283
3004324.0,0.13135758857391394
3004325.0,446.39329625713674
3004326.0,10.503023439342458
3004327.0,1092.945358197876
3004328.0,781.2163238918525
3004329.0,259.5465480995414
3004330.0,132.2630788770029
3004331.0,111.65178179171343
3004332.0,3926.290955917143
3004333.0,28.21443096414938
3004334.0,0.8096507422700115
3004335.0,24.871891351625482
3004336.0,54.912431188600735
3004337.0,0.1276340361001945
3004338.0,313.259207624891
3004339.0,17.9895087044605
3004340.0,15.942917843022755
3004341.0,9.784166189243102
3004342.0,68.18216138966275
3004343.0,5.28359728050115
3004344.0,363.46807553252523
3004345.0,242.37974693359757
3004346.0,7.46084126225491
3004347.0,12.005753102032394
3004348.0,391.78666952001777
3004349.0,81.29714674062731
3004350.0,1898.4786645515053
3004351.0,4.66468649436511
3004352.0,22.09766635989999
3004353.0,5.081964536324464
3004354.0,0.15207696737549817
3004355.0,3.7346884760024985
3004356.0,3298.0332823919484
3004357.0,0.14050585478307123
3004358.0,543.4593587774664
3004359.0,14.485887405063192
3004360.0,884.5742808949624
3004361.0,1047.9224518614492
3004362.0,158.21273420642754
3004363.0,227.77926589261804
3004364.0,189.5319277916695
3004365.0,2990.412711477554
3004366.0,40.04076078163577
3004367.0,2.3210416265045515
3004368.0,19.681390973708297
3004369.0,22.038919294048476
3004370.0,0.7653409066779472
3004371.0,212.32425720904834
3004372.0,12.54705457887728
3004373.0,36.421861969692145
3004374.0,5.33676018560778
3004375.0,122.65103587547762
3004376.0,9.861416539758324
3004377.0,386.0874513875824
3004378.0,202.2461829843237
3004379.0,5.729490329055592
3004380.0,10.980266811313246
3004381.0,500.089518110854
3004382.0,121.77690533876971
3004383.0,3697.0910167691763
3004384.0,2.0515280106462486
3004385.0,33.1530150026543
3004386.0,4.323847617717842
3004387.0,0.17677763521590997
3004388.0,7.004753741633688
3004389.0,3409.0261027141996
3004390.0,0.13972253799201365
3004391.0,676.7427278503117
3004392.0,18.95051760389495
3004393.0,929.6605879747653
3004394.0,1037.738754097803
3004395.0,214.55061448810824
3004396.0,228.4613763488402
3004397.0,124.19416529753792
3004398.0,3428.301637391891
3004399.0,32.72627599248874
3004400.0,3.429579048765405
3004401.0,29.368237626376178
3004402.0,38.64082300331317
3004403.0,0.22332754152446638
3004404.0,276.88795047306553
3004405.0,23.805623796538306
3004406.0,27.2960066396368
3004407.0,15.967556107044318
3004408.0,115.68966531229219
3004409.0,16.91014802140725
3004410.0,347.8766731097701
3004411.0,244.30770980847456
3004412.0,14.06482704090789
3004413.0,16.497057787288572
3004414.0,425.5490225717724
3004415.0,131.2963379520621
3004416.0,3046.557956420216
3004417.0,2.166467836747125
3004418.0,32.9548695664476
3004419.0,9.785713848853845
3004420.0,0.194774815615969
3004421.0,5.65344827246621
3004422.0,2753.8725082027813
3004423.0,0.04449723350046825
3004424.0,435.23156920199517
3004425.0,11.207624239215084
3004426.0,1368.2553072953715
3004427.0,640.5251345271687
3004428.0,423.17108139740697
3004429.0,138.46060389683635
3004430.0,77.1134089180068
3004431.0,4929.738850293421
3004432.0,10.405266205392138
3004433.0,1.0472002748487723
3004434.0,37.053215972824276
3004435.0,30.588628267751563
3004436.0,0.12427533600929172
3004437.0,337.35363479729665
3004438.0,9.168463669292832
3004439.0,4.4320156842603655
3004440.0,5.8997232528807135
3004441.0,39.006825326480865
3004442.0,2.5678583160740827
3004443.0,473.4988413884373
3004444.0,356.25375139954525
3004445.0,6.362117992894937
3004446.0,6.366015157270313
3004447.0,347.09611647544926
3004448.0,81.65653979780267
3004449.0,1212.0440335937792
3004450.0,110.45220151872863
3004451.0,12.012775675636439
3004452.0,3.879077419812628
3004453.0,0.042807627141065605
3004454.0,3.8551809351712576
3004455.0,2483.8064293488605
3004456.0,0.1654296798370254
3004457.0,361.0780287906875
3004458.0,13.843203065369611
3004459.0,702.7804166540766
3004460.0,671.5615184566018
3004461.0,158.18015290602548
3004462.0,152.72944322059647
3004463.0,118.76817162972598
3004464.0,2583.5335247474513
3004465.0,21.893859252192172
3004466.0,1.2275420759074354
3004467.0,21.06397145878957
3004468.0,19.87346169293741
3004469.0,0.43233082337238693
3004470.0,176.97286261194552
3004471.0,11.272021764634765
3004472.0,20.698030479077254
3004473.0,4.3778370371624025
3004474.0,131.4209058927235
3004475.0,5.34426715659795
3004476.0,454.3949015151388
3004477.0,136.88712752760475
3004478.0,4.185335361375831
3004479.0,7.924906945143127
3004480.0,427.23074355053865
3004481.0,74.48184958655813
3004482.0,2244.897395189485
3004483.0,2.8990604113445566
3004484.0,32.939682679470465
3004485.0,0.9084416829605972
3004486.0,0.0382988064334388
3004487.0,1.6566073845236362
3004488.0,1178.9332078105215
3004489.0,0.023085268910236288
3004490.0,77.25766644497725
3004491.0,3.118739483569438
3004492.0,927.0037871517555
3004493.0,224.1054663470725
3004494.0,277.96678921937814
3004495.0,38.54334740464225
3004496.0,28.503472818021415
3004497.0,1954.7593905962722
3004498.0,4.5134530781399445
3004499.0,0.2742688782217446
3004500.0,7.394869824332911
3004501.0,7.806574504214246
3004502.0,0.08709726532109657
3004503.0,137.68300219782324
3004504.0,1.4699847311439191
3004505.0,2.8124539473614356
3004506.0,1.0595899817342653
3004507.0,17.309623597585436
3004508.0,0.41031011181903787
3004509.0,127.42424737547127
3004510.0,129.2202696904098
3004511.0,0.7717920278052687
3004512.0,3.001303156925443
3004513.0,150.01673844842742
3004514.0,23.355842796562236
3004515.0,229.76075924792062
3004516.0,14.382220875921659
3004517.0,1.070124195330355
3004518.0,6.0630078754617465
3004519.0,0.21231418446753464
3004520.0,4.66629154702322
3004521.0,4869.627262626098
3004522.0,0.040116075283397876
3004523.0,649.9226151768869
3004524.0,11.302277311663639
3004525.0,1689.6401343277103
3004526.0,595.4260742713316
3004527.0,612.371585300194
3004528.0,277.3598600550216
3004529.0,89.01084139161989
3004530.0,5741.441160180193
3004531.0,37.16312524166592
3004532.0,0.6290598450557167
3004533.0,23.078785282517636
3004534.0,20.116183242551365
3004535.0,0.13295911049420794
3004536.0,436.1358396421613
3004537.0,10.237733703631328
3004538.0,1.891830752331357
3004539.0,9.323287308134924
3004540.0,52.51427622618108
3004541.0,2.3630202037136865
3004542.0,496.8816086088666
3004543.0,311.90644986274407
3004544.0,2.4897954914078264
3004545.0,13.60297573186348
3004546.0,515.8985814770919
3004547.0,104.13552679900027
3004548.0,1494.5233690295763
3004549.0,20.600279771099363
3004550.0,6.90951529776132
3004551.0,4.803182776440826
3004552.0,0.10371132281436135
3004553.0,2.0631372176010907
3004554.0,1563.5241335706135
3004555.0,0.03276558423276963
3004556.0,135.25447042705883
3004557.0,7.529119137142588
3004558.0,1029.0016600704603
3004559.0,304.8924711098766
3004560.0,237.48539705388117
3004561.0,43.39999666730559
3004562.0,31.293587048468403
3004563.0,2520.6676034415623
3004564.0,9.322642326606225
3004565.0,0.5864763260260499
3004566.0,15.118083015436786
3004567.0,15.86025252309672
3004568.0,0.246167693311321
3004569.0,144.60004554713478
3004570.0,5.004102286326994
3004571.0,4.443899620624894
3004572.0,4.179720465873121
3004573.0,55.3763815702973
3004574.0,1.2873840029522678
3004575.0,107.6041584473761
3004576.0,131.04539337269148
3004577.0,1.3667915570348117
3004578.0,4.819444985406801
3004579.0,172.63594880013574
3004580.0,25.71750319116839
3004581.0,294.44592671475425
3004582.0,35.00008291515112
3004583.0,3.0963576350305377
3004584.0,4.105643701437685
3004585.0,0.023085268910236288
3004586.0,2.9598293034353316
3004587.0,1567.5493455610974
3004588.0,0.023085268910236288
3004589.0,102.31549793545827
3004590.0,4.377819495813627
3004591.0,736.5632947238211
3004592.0,230.32286453477104
3004593.0,173.09861571519187
3004594.0,36.7728601653437
3004595.0,33.91289300249251
3004596.0,2588.7825210457067
3004597.0,15.153942799882913
3004598.0,0.23475052289072268
3004599.0,12.375841579504062
3004600.0,9.614136660723215
3004601.0,0.09584813241966644
3004602.0,118.01159335857145
3004603.0,1.3038833769093434
3004604.0,3.0058519935822914
3004605.0,1.7796246387595502
3004606.0,48.84103941901601
3004607.0,0.6178972605102909
3004608.0,141.63217546696427
3004609.0,134.61770334470054
3004610.0,0.3742014488680755
3004611.0,4.36598206633267
3004612.0,113.22379753403379
3004613.0,22.467139825739842
3004614.0,178.27234235875721
3004615.0,16.28659502093838
3004616.0,1.7055863173796924
3004617.0,3.2069897949666935
3004618.0,0.02288514698285841
3004619.0,3.3068812154028167
3004620.0,1324.8750251186093
3004621.0,0.02288514698285841
3004622.0,126.6125046330525
3004623.0,5.780652547583137
3004624.0,1055.8773566489253
3004625.0,285.70006281426123
3004626.0,291.5251654110215
3004627.0,36.67846900355309
3004628.0,38.2973162445075
3004629.0,2475.495360567844
3004630.0,10.521125381681202
3004631.0,0.430499516284318
3004632.0,10.144891598172977
3004633.0,20.099374611884343
3004634.0,0.14424623143207232
3004635.0,161.46265743823812
3004636.0,0.67561318370242
3004637.0,4.072919563257576
3004638.0,2.8060208834491513
3004639.0,30.980758465865904
3004640.0,1.2436450016425278
3004641.0,105.86039954822618
3004642.0,220.66862857677495
3004643.0,1.111194701474896
3004644.0,3.6722476685680263
3004645.0,79.37809036107429
3004646.0,62.08036507496698
3004647.0,309.0458079241675
3004648.0,3.4785329597521217
3004649.0,3.1449627392689647
3004650.0,3.077996018119141
3004651.0,0.5886270328264417
3004652.0,3.3436840046982743
3004653.0,1753.5932227722526
3004654.0,0.028134922226383655
3004655.0,160.8154715806437
3004656.0,1.8704699231353177
3004657.0,864.7139543495489
3004658.0,304.0545974274214
3004659.0,294.9208773623144
3004660.0,92.98535316864553
3004661.0,65.51678160278523
3004662.0,2497.5211006807303
3004663.0,7.174987081991542
3004664.0,0.9082942843697118
3004665.0,15.09536414552467
3004666.0,16.857008703509436
3004667.0,0.15024088211508727
3004668.0,218.74365437511074
3004669.0,7.954771293690147
3004670.0,3.294420431550164
3004671.0,2.436031940422726
3004672.0,34.33057238220176
3004673.0,1.273782695254135
3004674.0,117.88272705096665
3004675.0,179.51549048994528
3004676.0,0.8966141153375041
3004677.0,4.408231624436958
3004678.0,126.76943816660895
3004679.0,48.0993045400938
3004680.0,589.2994436093207
3004681.0,25.536446663066585
3004682.0,3.8565081178882394
3004683.0,3.4497108878288625
3004684.0,0.10061675991093491
3004685.0,0.9627894212387502
3004686.0,1194.9551361669742
3004687.0,0.023085268910236288
3004688.0,116.78616341434342
3004689.0,3.0611965547678
3004690.0,931.4897003171322
3004691.0,195.00582314595152
3004692.0,163.40824465447943
3004693.0,99.8522533582038
3004694.0,32.45467941239893
3004695.0,1672.3001870236003
3004696.0,4.271700048052346
3004697.0,0.2656139982398407
3004698.0,11.551509680706328
3004699.0,8.645121248760606
3004700.0,0.20876519372428864
3004701.0,148.64079493486662
3004702.0,0.04898982537422485
3004703.0,3.0218669887259666
3004704.0,1.5042813503674226
3004705.0,31.59786763669169
3004706.0,0.8446413345012457
3004707.0,46.2116696510667
3004708.0,105.62191542929233
3004709.0,0.7138256922164092
3004710.0,2.6468045323009006
3004711.0,68.87029498602448
3004712.0,27.223965238214223
3004713.0,425.9602061271203
3004714.0,2.9755903118429625
3004715.0,0.7867720480332574
3004716.0,6.965926575800181
3004717.0,0.5562247811455112
3004718.0,3.5079952315221545
3004719.0,2745.3481350813877
3004720.0,0.02626931148344112
3004721.0,252.50571904949533
3004722.0,5.283709218813877
3004723.0,981.0841431328223
3004724.0,521.0606050899876
3004725.0,615.064204226345
3004726.0,171.05948966708957
3004727.0,84.54063780707347
3004728.0,3528.1407803382617
3004729.0,16.800628791853036
3004730.0,0.8713010699189321
3004731.0,19.508717744654298
3004732.0,22.067673386655784
3004733.0,0.23310639289314108
3004734.0,232.996815985026
3004735.0,0.8749399575198054
3004736.0,3.1809423184426002
3004737.0,4.199430101787946
3004738.0,54.50987240724581
3004739.0,2.0779607043040733
3004740.0,208.98283948705497
3004741.0,207.1750800087528
3004742.0,1.9832200069487913
3004743.0,6.702892183115498
3004744.0,329.8725036456853
3004745.0,52.827317981185125
3004746.0,1037.6067881880147
3004747.0,20.157375662018204
3004748.0,13.372154440719363
3004749.0,3.2891045801252083
3004750.0,0.10298286483219696
3004751.0,3.7249589377152152
3004752.0,1466.3191763538712
3004753.0,0.022828176838620217
3004754.0,395.85063235349526
3004755.0,4.973565431300988
3004756.0,418.5830887590514
3004757.0,385.7348680281225
3004758.0,202.78316839277937
3004759.0,91.23112893877783
3004760.0,25.22194761365342
3004761.0,1747.9074700977505
3004762.0,6.116535594529497
3004763.0,0.7439021239090747
3004764.0,23.139993723027942
3004765.0,9.16303845830941
3004766.0,0.20014779110707412
3004767.0,139.6810401695439
3004768.0,6.475217651646705
3004769.0,4.602224344623172
3004770.0,4.099785929559163
3004771.0,72.80227263353167
3004772.0,1.378627567187349
3004773.0,34.98013130655558
3004774.0,133.92493711649573
3004775.0,3.300491489699853
3004776.0,4.608252681903917
3004777.0,199.03503022687192
3004778.0,56.17433039299253
3004779.0,587.4071176730653
3004780.0,65.68931123059484
3004781.0,9.050627507447555
3004782.0,5.767741440141964
3004783.0,0.5656333883491812
3004784.0,2.784200997869048
3004785.0,2437.6210287809026
3004786.0,0.03075583499102788
3004787.0,142.06011726649615
3004788.0,4.885876831431083
3004789.0,834.7523608056325
3004790.0,295.22226771181784
3004791.0,256.9814223609834
3004792.0,45.740635744490405
3004793.0,44.5816823917626
3004794.0,2918.9777894007866
3004795.0,49.604824984694886
3004796.0,0.802656351568248
3004797.0,12.371544915248602
3004798.0,11.106823732718379
3004799.0,0.14999780914498412
3004800.0,157.461841720751
3004801.0,5.657351715749542
3004802.0,3.2410663466889895
3004803.0,3.869050162304124
3004804.0,57.46680741193272
3004805.0,1.8704414757822163
3004806.0,123.67000919989238
3004807.0,168.99278811046318
3004808.0,1.0159132484426954
3004809.0,4.668447994883476
3004810.0,122.58996888840011
3004811.0,23.103148004703154
3004812.0,390.55553568833034
3004813.0,7.7673605065138105
3004814.0,2.9715544340653324
3004815.0,5.230307113375015
3004816.0,0.12992957826517032
3004817.0,6.785252311674167
3004818.0,3167.6161955322964
3004819.0,0.1374173701515813
3004820.0,593.5003861360644
3004821.0,11.420519605064356
3004822.0,878.6194993217104
3004823.0,810.6546056604093
3004824.0,255.5997895221659
3004825.0,173.0140739783242
3004826.0,114.43770112569588
3004827.0,3901.200482522805
3004828.0,45.10180817388522
3004829.0,1.1324276652996217
3004830.0,24.067133145669196
3004831.0,30.24624716420979
3004832.0,0.2219832933079858
3004833.0,256.7929828984412
3004834.0,20.62873413495545
3004835.0,13.287048398779945
3004836.0,7.120514941468655
3004837.0,114.16363431642971
3004838.0,7.178854478206591
3004839.0,944.9964436491036
3004840.0,226.34000399006587
3004841.0,8.587189802666018
3004842.0,8.743777885556689
3004843.0,599.5626956490732
3004844.0,88.12561928911919
3004845.0,2038.8329520297846
3004846.0,4.12416893222975
3004847.0,36.245568318381636
3004848.0,5.960116335078614
3004849.0,0.10317170119467214
3004850.0,4.466929590369594
3004851.0,2883.6660364295662
3004852.0,0.03156457198761829
3004853.0,369.84701723307097
3004854.0,7.849799737190154
3004855.0,1647.2162023173391
3004856.0,493.08886120700845
3004857.0,887.9211815822837
3004858.0,84.05563262216543
3004859.0,66.06698066574444
3004860.0,4288.357841340705
3004861.0,14.662646364920805
3004862.0,0.3963287513025071
3004863.0,22.551407240753978
3004864.0,13.943360343722942
3004865.0,0.10583181111507987
3004866.0,259.3884043559577
3004867.0,2.4026702499486126
3004868.0,5.486344988699525
3004869.0,3.5738241727176954
3004870.0,60.93675136210872
3004871.0,0.7355834833697206
3004872.0,245.93760037137432
3004873.0,263.82523445620706
3004874.0,3.306798381498265
3004875.0,3.816026555928774
3004876.0,447.9054858032342
3004877.0,63.15643423821502
3004878.0,782.0088657353426
3004879.0,49.88113354613419
3004880.0,9.39115702442378
3004881.0,9.162626788598141
3004882.0,0.3945049183145105
3004883.0,3.007592090897476
3004884.0,2303.811816286394
3004885.0,0.03314910520946685
3004886.0,346.06302175502594
3004887.0,5.1050901477814605
3004888.0,1531.7729848854387
3004889.0,436.1332394173003
3004890.0,290.3766075631638
3004891.0,138.74267888981018
3004892.0,78.97920188880931
3004893.0,3134.8308350037505
3004894.0,14.899476211469139
3004895.0,0.5173932033398768
3004896.0,39.34393570510478
3004897.0,28.085660139788423
3004898.0,0.1521703157670758
3004899.0,243.06913360229856
3004900.0,2.804772148159474
3004901.0,2.630194406517305
3004902.0,10.046577647611851
3004903.0,117.8883242687559
3004904.0,1.379478943082231
3004905.0,92.10435500773463
3004906.0,191.4740420898135
3004907.0,1.7423376358480798
3004908.0,4.667656677062221
3004909.0,157.17368365622048
3004910.0,146.53921506383926
3004911.0,1002.262529806158
3004912.0,1.7003222362191222
3004913.0,5.233762756814709
3004914.0,4.469865956589532
3004915.0,0.2018425456447539
3004916.0,1.494743005706963
3004917.0,1504.986378444985
3004918.0,0.025894176083411127
3004919.0,183.7381950086688
3004920.0,6.76358289972918
3004921.0,620.5417869821986
3004922.0,284.79020783445685
3004923.0,157.84856920831282
3004924.0,57.175817013406395
3004925.0,44.20376035683326
3004926.0,2235.2989915478684
3004927.0,9.058877630631633
3004928.0,0.4117345677662172
3004929.0,17.939016203471713
3004930.0,15.054853646966125
3004931.0,0.09743930820220448
3004932.0,150.84609367827744
3004933.0,0.8108291851215462
3004934.0,3.3627192779146338
3004935.0,2.613472353522071
3004936.0,94.5506098410437
3004937.0,1.5642116347165393
3004938.0,110.24591792632214
3004939.0,134.9629831446478
3004940.0,1.017114078789911
3004941.0,4.279269484006264
3004942.0,280.56784693282157
3004943.0,26.0153182827113
3004944.0,638.041669511641
3004945.0,18.85391035633223
3004946.0,1.1077690601653776
3004947.0,1.613601660159943
3004948.0,0.026644686144262342
3004949.0,2.707424943890663
3004950.0,1499.8076556239462
3004951.0,0.10821051535541341
3004952.0,250.75828547982508
3004953.0,13.419691019473714
3004954.0,552.2569265368056
3004955.0,503.90444858343767
3004956.0,143.1973609490878
3004957.0,57.13748509652095
3004958.0,73.01468634731143
3004959.0,1931.2455687691079
3004960.0,25.687662456519796
3004961.0,0.35422911411276736
3004962.0,10.589606156984194
3004963.0,10.733600673404027
3004964.0,0.14671721936571747
3004965.0,112.96566279454677
3004966.0,8.79063228156695
3004967.0,2.2004608208771295
3004968.0,3.4182903566974963
3004969.0,68.8803264695255
3004970.0,3.9923506359066274
3004971.0,548.0121251946985
3004972.0,121.90714977995373
3004973.0,3.0588302629140705
3004974.0,4.5383915928809
3004975.0,332.78286833642426
3004976.0,30.61031498434155
3004977.0,1180.8104676355265
3004978.0,2.8742279798854686
3004979.0,9.27260888500452
3004980.0,2.8699047013920564
3004981.0,0.21309696690606023
3004982.0,3.9714524299368428
3004983.0,3730.6282434867335
3004984.0,0.12213460414753743
3004985.0,731.2953300830261
3004986.0,21.935705520128735
3004987.0,1182.6387858606513
3004988.0,1239.5206793049233
3004989.0,306.15336349482874
3004990.0,263.383790147691
3004991.0,197.54715408695444
3004992.0,4285.567818676473
3004993.0,28.799177911737765
3004994.0,0.7818678675959612
3004995.0,20.392254073959002
3004996.0,42.73782539532529
3004997.0,0.1327813006893621
3004998.0,277.4380487734858
3004999.0,10.870850487364208
3005000.0,39.42966932784302
3005001.0,7.585631279970737
3005002.0,145.29040968015096
3005003.0,13.017351393970937
3005004.0,654.5204070765546
3005005.0,248.04285449243213
3005006.0,14.350734457727054
3005007.0,9.433881544877053
3005008.0,755.6768608810673
3005009.0,122.16189712141589
3005010.0,3543.0468832270108
3005011.0,10.009701345763474
3005012.0,35.53765102529408
3005013.0,2.352042819763546
3005014.0,0.1486504177678401
3005015.0,3.7764489661550438
3005016.0,2106.897578216947
3005017.0,0.10123271540926891
3005018.0,335.7713391202501
3005019.0,5.243907057355088
3005020.0,420.90504689310865
3005021.0,507.72955602652894
3005022.0,159.99587779898687
3005023.0,126.28479865070325
3005024.0,50.08433314272309
3005025.0,1907.7691844386138
3005026.0,12.854357617254651
3005027.0,0.5938736349111461
3005028.0,8.207350982159504
3005029.0,16.50723283020001
3005030.0,0.1067868288211318
3005031.0,105.40222535333969
3005032.0,0.08719939544342366
3005033.0,20.417467861936935
3005034.0,2.0697929970967945
3005035.0,200.05376870365666
3005036.0,5.220962131807103
3005037.0,325.61087169671055
3005038.0,98.38971242258368
3005039.0,3.3872959466750774
3005040.0,4.698197330228478
3005041.0,244.04180261645962
3005042.0,22.318329510434864
3005043.0,911.3019993801151
3005044.0,1.5536609199813183
3005045.0,4.932714442273518
3005046.0,3.864459543641435
3005047.0,0.023085268910236288
3005048.0,1.7746876478823972
3005049.0,853.8712626333659
3005050.0,0.10623141293217969
3005051.0,198.50190706637082
3005052.0,5.821359821854172
3005053.0,391.8368633557235
3005054.0,210.63045462650794
3005055.0,102.69871689014812
3005056.0,36.353299578744476
3005057.0,30.300369264584745
3005058.0,1408.843090022879
3005059.0,18.371364259581647
3005060.0,0.510292451441348
3005061.0,11.554436511860928
3005062.0,9.460644221712975
3005063.0,0.19756999788953988
3005064.0,80.17244376908326
3005065.0,0.23233789463110982
3005066.0,6.5020564671600205
3005067.0,1.0163305053611957
3005068.0,26.938768256688498
3005069.0,0.24742281520088827
3005070.0,376.3177079556675
3005071.0,122.62051629893666
3005072.0,1.9736788358223332
3005073.0,1.075035291904138
3005074.0,188.31829131766074
3005075.0,15.964127902384284
3005076.0,427.58119193703317
3005077.0,1.215477775191619
3005078.0,3.673473722060035
3005079.0,4.904807815083494
3005080.0,0.16259091105941487
3005081.0,2.9831370813739846
3005082.0,2545.4500396304757
3005083.0,0.18312553203937684
3005084.0,474.0410954681862
3005085.0,15.652165117860351
3005086.0,733.7791498135273
3005087.0,749.9017455824497
3005088.0,289.7666918248194
3005089.0,217.9771283612254
3005090.0,125.7827495022006
3005091.0,3063.0839130206637
3005092.0,20.35020858960673
3005093.0,1.699561125223135
3005094.0,30.965776964959325
3005095.0,22.03324604293296
3005096.0,0.31056353215422067
3005097.0,200.7554608149378
3005098.0,4.178003946312368
3005099.0,32.109209906303164
3005100.0,5.652570575287255
3005101.0,199.42988352187032
3005102.0,3.4872080158894883
3005103.0,381.9226552315357
3005104.0,174.20630426922622
3005105.0,8.182367943483253
3005106.0,8.374388345507331
3005107.0,447.17237897755626
3005108.0,64.85616801061286
3005109.0,2056.213607638888
3005110.0,1.5078564878876517
3005111.0,19.10526556482219
3005112.0,5.71749785949173
3005113.0,0.09987742210221068
3005114.0,2.6878098599704683
3005115.0,2511.5540725214732
3005116.0,0.028678434621391618
3005117.0,423.80350403538466
3005118.0,14.33898951804781
3005119.0,1178.2257397720916
3005120.0,578.0307261312669
3005121.0,400.4952688831655
3005122.0,164.68324384110375
3005123.0,59.14651459134028
3005124.0,3364.9891204027444
3005125.0,9.652342289870557
3005126.0,0.7050014999470111
3005127.0,27.039165765821828
3005128.0,17.69221722836501
3005129.0,0.4584797646149614
3005130.0,209.66605818106268
3005131.0,0.10505860531735359
3005132.0,4.625908710398294
3005133.0,4.3729763738991
3005134.0,67.9119979690118
3005135.0,1.1663666655745228
3005136.0,149.73972843435632
3005137.0,246.15228151628594
3005138.0,4.126697259352991
3005139.0,2.8434662046674433
3005140.0,217.8046906722971
3005141.0,75.33447118645546
3005142.0,1026.8357698556397
3005143.0,2.106426690910152
3005144.0,2.514393270866499
3005145.0,4.6438569556231295
3005146.0,0.3950401238052357
3005147.0,3.2004322881606426
3005148.0,2255.698186632052
3005149.0,0.03393845166610579
3005150.0,450.91932031317333
3005151.0,10.248627315476703
3005152.0,817.1317827542528
3005153.0,522.5914350864118
3005154.0,246.24957624862105
3005155.0,136.56290524597011
3005156.0,67.95121330778206
3005157.0,2897.242057530011
3005158.0,12.044394354509397
3005159.0,0.7471573575508055
3005160.0,21.202289463619106
3005161.0,15.719960962941382
3005162.0,0.11497371091310936
3005163.0,192.35067075445784
3005164.0,0.0914453044466691
3005165.0,5.38723523446437
3005166.0,3.8757904679688044
3005167.0,102.12379894318607
3005168.0,1.0994210780700295
3005169.0,90.43332560479993
3005170.0,178.905733601971
3005171.0,4.198298028868406
3005172.0,3.556495017569294
3005173.0,206.1377715339218
3005174.0,51.6610181017562
3005175.0,772.0358420850066
3005176.0,1.6743201383547448
3005177.0,4.510408463792855
3005178.0,10.717948275138033
3005179.0,0.8379441979397206
3005180.0,11.862069395091082
3005181.0,7573.6927547755295
3005182.0,0.13018094449998255
3005183.0,1115.0960955817218
3005184.0,42.177130954138846
3005185.0,1851.4387048378635
3005186.0,1957.9968130463812
3005187.0,417.397904661402
3005188.0,520.1856550430257
3005189.0,357.1868244510687
3005190.0,7452.3726864161545
3005191.0,69.51767146729233
3005192.0,2.646713143563144
3005193.0,46.401497060696514
3005194.0,47.167082509566356
3005195.0,0.5991362119130287
3005196.0,529.1418856068401
3005197.0,37.78068721413712
3005198.0,60.140342257024244
3005199.0,22.4835477366193
3005200.0,299.635795847363
3005201.0,25.974531795443525
3005202.0,1174.4176530717639
3005203.0,446.9416047853723
3005204.0,16.520022567601313
3005205.0,21.676285839984395
3005206.0,1490.4427578506445
3005207.0,237.08563706543575
3005208.0,6845.870605301916
3005209.0,1.6712591348796122
3005210.0,113.3177018259997
3005211.0,2.959697388596399
3005212.0,0.30429184878696747
3005213.0,0.8728521929013525
3005214.0,1316.8570165473109
3005215.0,0.023513340762336545
3005216.0,119.82063132035202
3005217.0,3.391154222144342
3005218.0,805.1192589662021
3005219.0,237.17190484679827
3005220.0,131.17185474070328
3005221.0,129.1331445262873
3005222.0,41.01165684198206
3005223.0,1714.6676212284833
3005224.0,3.822719493098736
3005225.0,0.3065910551149732
3005226.0,12.646340011573027
3005227.0,9.833045871703622
3005228.0,0.20133349676682288
3005229.0,130.3197238608767
3005230.0,0.4648741808540169
3005231.0,3.0517967135158166
3005232.0,2.902363561170409
3005233.0,39.609385113040716
3005234.0,0.47822794272681546
3005235.0,52.86793180829691
3005236.0,89.83398937036506
3005237.0,1.624116759008821
3005238.0,3.79326912074284
3005239.0,134.995266618693
3005240.0,17.677889500469192
3005241.0,431.4907028374007
3005242.0,2.800083249014391
3005243.0,3.9096287450869536
3005244.0,6.659791832769908
3005245.0,0.28732360888578723
3005246.0,3.248355457375349
3005247.0,2469.873383473427
3005248.0,0.036836999165656234
3005249.0,454.6267846897257
3005250.0,11.52128710862386
3005251.0,1397.5571771810569
3005252.0,544.345114404467
3005253.0,288.05694332810134
3005254.0,269.00483690039016
3005255.0,88.38244013447462
3005256.0,3609.4771304031037
3005257.0,10.902299923264327
3005258.0,0.3122607626125591
3005259.0,26.16052912065603
3005260.0,17.059734334803416
3005261.0,0.12719822422233698
3005262.0,250.59387899774066
3005263.0,1.170642308073808
3005264.0,3.598691961325435
3005265.0,7.753654843299344
3005266.0,18.246700509875836
3005267.0,1.2720732183310566
3005268.0,311.7049665424903
3005269.0,223.9246368287104
3005270.0,3.217786616066181
3005271.0,5.6773855186944635
3005272.0,147.07493745812914
3005273.0,55.929853783223066
3005274.0,1099.7907623647652
3005275.0,1.7123277631117717
3005276.0,5.236651350533021
3005277.0,1.22496932195603
3005278.0,0.0382988064334388
3005279.0,0.7071651484083885
3005280.0,793.5355869116465
3005281.0,0.023085268910236288
3005282.0,96.21576732747977
3005283.0,2.446003226818175
3005284.0,701.052137475183
3005285.0,130.92474784065053
3005286.0,104.76854682907049
3005287.0,133.201582925123
3005288.0,19.354403899627982
3005289.0,1298.2181731729393
3005290.0,1.5568402407264743
3005291.0,0.22874381222717613
3005292.0,10.259413708611032
3005293.0,3.2602838357254864
3005294.0,0.08521679652043262
3005295.0,71.38764648490057
3005296.0,0.045094663700798225
3005297.0,2.7792179205975196
3005298.0,0.9394383104165134
3005299.0,33.57494710393292
3005300.0,0.29997964525928006
3005301.0,65.79067813129237
3005302.0,63.301982501706796
3005303.0,0.47923348324683546
3005304.0,1.106107955564218
3005305.0,69.00301561201671
3005306.0,10.255768859634365
3005307.0,177.2300958746614
3005308.0,2.723129340573638
3005309.0,1.3511911893832287
3005310.0,7.1547496293000865
3005311.0,0.16235881656403478
3005312.0,1.1774747301551236
3005313.0,2193.782307644532
3005314.0,0.023564936008497704
3005315.0,180.06409826080676
3005316.0,5.770230069134958
3005317.0,804.5029455081844
3005318.0,329.7067267065413
3005319.0,205.5557420358794
3005320.0,77.68190130757247
3005321.0,69.24982597341615
3005322.0,2411.315438353912
3005323.0,3.434729638280153
3005324.0,0.5070789838689679
3005325.0,26.56066766851035
3005326.0,14.137207704650038
3005327.0,0.12038641503703476
3005328.0,168.40395613259216
3005329.0,0.051353236995747634
3005330.0,3.395029192568976
3005331.0,10.4746321188983
3005332.0,40.232356867104
3005333.0,0.9835890041174186
3005334.0,193.05284449313234
3005335.0,165.51974607944615
3005336.0,1.3157811102524994
3005337.0,3.866492164217999
3005338.0,240.1539721676982
3005339.0,29.183424658295444
3005340.0,978.1602607117165
3005341.0,3.129615991731656
3005342.0,0.8148997787371711
3005343.0,2.614562727788038
3005344.0,0.2572865478782572
3005345.0,2.766068561709546
3005346.0,2154.1576607103716
3005347.0,0.04662260680140776
3005348.0,587.4042447091422
3005349.0,6.455963830910795
3005350.0,903.0769124326473
3005351.0,571.6847024379474
3005352.0,242.77492961108857
3005353.0,122.84947176691952
3005354.0,68.49143505731939
3005355.0,3803.614718633522
3005356.0,5.5371508049136136
3005357.0,3.4717511140712576
3005358.0,34.071369417513864
3005359.0,34.70532960928482
3005360.0,0.20488457811868943
3005361.0,205.66457254139823
3005362.0,2.3639604422688762
3005363.0,5.465049831455777
3005364.0,2.9302992354968014
3005365.0,47.47341426580326
3005366.0,1.9371989775844543
3005367.0,158.30584157792828
3005368.0,240.42548547588103
3005369.0,3.7162303934096594
3005370.0,5.574643773775186
3005371.0,174.03232801976569
3005372.0,37.73594372682025
3005373.0,597.268445290297
3005374.0,1.8101528326353247
3005375.0,3.050799518485218
3005376.0,2.911012792653874
3005377.0,0.08521679652043262
3005378.0,0.7834156563193315
3005379.0,1147.5505404560877
3005380.0,0.023085268910236288
3005381.0,82.30337236797811
3005382.0,3.06518941647097
3005383.0,392.95724171164557
3005384.0,136.26217538956197
3005385.0,109.45735351110132
3005386.0,127.53651961016682
3005387.0,35.834758442730646
3005388.0,1562.8527633212543
3005389.0,5.120284852305061
3005390.0,0.29192026878104116
3005391.0,8.416182790280217
3005392.0,7.9807109088702255
3005393.0,0.14385739244235776
3005394.0,88.38153903276779
3005395.0,0.045094663700798225
3005396.0,3.071407995518174
3005397.0,0.9012996037015235
3005398.0,26.370108803484563
3005399.0,0.4065505822356931
3005400.0,147.02947389877303
3005401.0,64.32282623253687
3005402.0,0.7267122591653212
3005403.0,0.8049667442219591
3005404.0,56.934211146923005
3005405.0,14.831789184934973
3005406.0,332.9957775256731
3005407.0,1.712941712340628
3005408.0,0.4448386309157055
3005409.0,3.6786090004860936
3005410.0,0.0926976468635867
3005411.0,1.1768365276657162
3005412.0,2507.1503769374576
3005413.0,0.023513340762336545
3005414.0,397.19627744651643
3005415.0,6.054284873609951
3005416.0,749.6577123432992
3005417.0,453.8891216325469
3005418.0,206.83315589430646
3005419.0,113.4500709021466
3005420.0,88.86256721546835
3005421.0,3084.8464092586946
3005422.0,5.620959747882761
3005423.0,0.32001359272685304
3005424.0,17.14316912927123
3005425.0,11.311756303147167
3005426.0,0.19813717460462665
3005427.0,183.87737485174614
3005428.0,0.0564922919301857
3005429.0,28.150114377040694
3005430.0,2.009058635849528
3005431.0,52.3476997578737
3005432.0,0.567813970368671
3005433.0,181.7812938930423
3005434.0,167.3410657618137
3005435.0,1.3855342192864704
3005436.0,4.124125239181325
3005437.0,108.3412103796916
3005438.0,40.407270744219076
3005439.0,924.1234483498444
3005440.0,1.4413358016730258
3005441.0,0.7962539627753952
3005442.0,3.308012029826045
3005443.0,0.19496503331086118
3005444.0,5.4927133324064155
3005445.0,3233.401992126966
3005446.0,0.13346263806228487
3005447.0,527.9923446429125
3005448.0,9.000307797112287
3005449.0,1057.0005715061652
3005450.0,844.3193322373563
3005451.0,180.0539487649925
3005452.0,142.01319198592648
3005453.0,138.2083761129295
3005454.0,3457.2263154524207
3005455.0,65.49819200834499
3005456.0,1.2852106830883976
3005457.0,27.171927064382345
3005458.0,20.83641518402856
3005459.0,0.3291774874333562
3005460.0,248.36869920595058
3005461.0,17.340827916267166
3005462.0,29.630854685088963
3005463.0,2.0213322021053277
3005464.0,154.2007238219802
3005465.0,7.91995318323355
3005466.0,314.37884440626726
3005467.0,248.53475619071966
3005468.0,11.431566699656624
3005469.0,15.127963360938356
3005470.0,296.9902172850158
3005471.0,77.72569090501054
3005472.0,2423.5799921845874
3005473.0,5.993062702404367
3005474.0,15.12004213404661
3005475.0,5.107596976766736
3005476.0,0.05484351123027443
3005477.0,6.693875301036551
3005478.0,2826.7291104825563
3005479.0,0.11652846348890229
3005480.0,394.5292247750776
3005481.0,14.231693277605718
3005482.0,973.6038773988892
3005483.0,752.6369051711216
3005484.0,169.55381542116686
3005485.0,87.12025159485206
3005486.0,100.79603361477515
3005487.0,3344.2959937577734
3005488.0,22.012973956950614
3005489.0,1.094394459845505
3005490.0,33.32738286303895
3005491.0,58.37240117141797
3005492.0,0.12045356426266214
3005493.0,311.97901022097426
3005494.0,16.49352335848299
3005495.0,19.618822427696877
3005496.0,6.709099442380671
3005497.0,115.9107976969067
3005498.0,9.135227627138876
3005499.0,213.3985887006856
3005500.0,358.61333376336574
3005501.0,6.853296894918673
3005502.0,9.653784486121939
3005503.0,170.3033552825724
3005504.0,87.32222565464284
3005505.0,1868.4213910271674
3005506.0,2.4196777793467463
3005507.0,20.850777253704045
3005508.0,8.054722874760666
3005509.0,0.23998068098245406
3005510.0,2.7458792613465572
3005511.0,3401.0159314618018
3005512.0,0.045332244644851
3005513.0,687.1813992253899
3005514.0,7.452809851490423
3005515.0,1835.1776170513192
3005516.0,597.5015127820715
3005517.0,211.20634875495915
3005518.0,265.0032185360302
3005519.0,82.35663170341758
3005520.0,4547.109702887195
3005521.0,30.148001546367013
3005522.0,1.3251402311923097
3005523.0,20.725223413679068
3005524.0,21.63316020134699
3005525.0,0.12821564610168926
3005526.0,263.0416154452647
3005527.0,3.7962334607394115
3005528.0,15.95158569831416
3005529.0,6.281633841896065
3005530.0,77.11596260035893
3005531.0,2.511280829137079
3005532.0,135.55295499521964
3005533.0,260.9580861434239
3005534.0,5.777193542136343
3005535.0,9.103592764979748
3005536.0,294.0222695639852
3005537.0,63.57530219915192
3005538.0,1640.6246494195207
3005539.0,9.146933984323852
3005540.0,15.703415113291479
3005541.0,3.467070007611336
3005542.0,0.2984456177437198
3005543.0,3.9832880110703908
3005544.0,2500.7676680524096
3005545.0,0.1191521053084664
3005546.0,353.90153262841534
3005547.0,7.775449932159033
3005548.0,769.9252411890855
3005549.0,690.1849156775797
3005550.0,225.38290136073732
3005551.0,138.77363926058123
3005552.0,105.10443313594294
3005553.0,3312.5559211765267
3005554.0,22.75826579385993
3005555.0,1.1312513815297103
3005556.0,15.265931461333938
3005557.0,13.787366637697069
3005558.0,0.1693243714558616
3005559.0,230.59303246206747
3005560.0,15.404831389223993
3005561.0,21.358807881244196
3005562.0,1.3244690906010836
3005563.0,126.0147815332449
3005564.0,5.225722666408745
3005565.0,547.4971286892405
3005566.0,194.69357331759187
3005567.0,4.701222933829687
3005568.0,7.863429212776685
3005569.0,463.9560485063392
3005570.0,42.864283636578676
3005571.0,1897.6938409971553
3005572.0,3.3864478156644195
3005573.0,30.554808520267116
3005574.0,3.4450876040881755
3005575.0,0.23215790562046174
3005576.0,3.483618241011969
3005577.0,3955.044080156468
3005578.0,0.03189423222160097
3005579.0,361.6651678471905
3005580.0,6.212528160991771
3005581.0,2102.9269169030904
3005582.0,506.54243453434185
3005583.0,320.9187701469474
3005584.0,161.33136081189775
3005585.0,79.7704296858952
3005586.0,4670.9171121603285
3005587.0,13.422400660298171
3005588.0,1.3875629172327675
3005589.0,27.143758069266703
3005590.0,28.686166313317067
3005591.0,0.21798481035329526
3005592.0,371.2502223240029
3005593.0,0.08216421411986993
3005594.0,2.021042431359533
3005595.0,6.020781108704762
3005596.0,56.535261516463294
3005597.0,1.5094270837073975
3005598.0,128.9045207391331
3005599.0,287.43623268366173
3005600.0,2.915632300089336
3005601.0,7.572696076213853
3005602.0,277.37584170328483
3005603.0,55.739280136519646
3005604.0,967.8556206758883
3005605.0,4.3981945606760755
3005606.0,4.059525337227569
3005607.0,5.377324377740009
3005608.0,0.1179088231068162
3005609.0,6.232181234806041
3005610.0,2412.958353282854
3005611.0,0.11825554675547598
3005612.0,388.10047776890013
3005613.0,9.778360114213108
3005614.0,1094.084614596406
3005615.0,595.0074872661178
3005616.0,219.12045524952902
3005617.0,117.13205318028301
3005618.0,153.2856902203929
3005619.0,3505.7446998235346
3005620.0,43.238388470062134
3005621.0,1.0791572220721084
3005622.0,19.69935140191977
3005623.0,26.903535767881717
3005624.0,0.18031645134583532
3005625.0,214.7657260422498
3005626.0,13.739849661559848
3005627.0,23.383669571184267
3005628.0,6.487099365825779
3005629.0,152.00481656018076
3005630.0,9.355272044841378
3005631.0,311.533682732927
3005632.0,381.00876576069356
3005633.0,11.648681150285547
3005634.0,7.640472043949241
3005635.0,214.86979501664842
3005636.0,56.04587760463777
3005637.0,1842.5913545160613
3005638.0,1.696362081814503
3005639.0,7.855663089908443
3005640.0,2.529825701191429
3005641.0,0.18495260363585972
3005642.0,4.1957948528793345
3005643.0,2875.602122538302
3005644.0,0.11163008397586369
3005645.0,421.4840107886332
3005646.0,12.099843359710018
3005647.0,676.2489651462863
3005648.0,783.378215146616
3005649.0,187.86219749502686
3005650.0,139.86502777288695
3005651.0,130.70960424274665
3005652.0,2816.826164638015
3005653.0,31.024400146764453
3005654.0,0.8218610556235731
3005655.0,22.05437128841678
3005656.0,17.04809175563825
3005657.0,0.13024881075194775
3005658.0,182.01828407398807
3005659.0,14.805126917164987
3005660.0,40.56576382508413
3005661.0,4.20458090264961
3005662.0,81.11091698877567
3005663.0,8.209149625141375
3005664.0,297.5941230103946
3005665.0,206.30143101165513
3005666.0,7.521636657288658
3005667.0,7.982780976988242
3005668.0,253.60741673193942
3005669.0,52.19918592018132
3005670.0,2238.8790001602015
3005671.0,6.275299547901321
3005672.0,18.554428585949204
3005673.0,4.089274801749573
3005674.0,0.14321151589659314
3005675.0,2.1653683921625637
3005676.0,4295.276094846952
3005677.0,0.023085268910236288
3005678.0,479.4709643598927
3005679.0,17.08023608802493
3005680.0,1106.0997835780122
3005681.0,502.92735182470545
3005682.0,285.4725421542757
3005683.0,151.1696226152594
3005684.0,61.592858326232886
3005685.0,4194.695737162252
3005686.0,6.720525344889534
3005687.0,0.30445910085734684
3005688.0,12.87213194774724
3005689.0,15.672952924015803
3005690.0,0.11405061956171653
3005691.0,212.11879348920115
3005692.0,0.0502215104172039
3005693.0,5.917552030203284
3005694.0,1.0664445425235758
3005695.0,93.28053556263635
3005696.0,1.8407048362677891
3005697.0,187.8814749206266
3005698.0,242.39738402008106
3005699.0,3.1091789023553225
3005700.0,1.590554188719187
3005701.0,320.37894163811376
3005702.0,128.73969410968087
3005703.0,1055.6508197720823
3005704.0,2.242493765792445
3005705.0,0.7455032366922592
3005706.0,14.169013332546502
3005707.0,0.05447245756686097
3005708.0,15.974533298785023
3005709.0,8629.524763813875
3005710.0,0.13018094449998255
3005711.0,1591.3788171295373
3005712.0,34.143440253589205
3005713.0,2442.7732474066397
3005714.0,2311.5922884968063
3005715.0,641.9141825166669
3005716.0,627.457881584708
3005717.0,478.8490431354297
3005718.0,8885.971181645305
3005719.0,94.28218083445458
3005720.0,4.2968049380923805
3005721.0,134.91318158567904
3005722.0,95.04772284452505
3005723.0,0.6673688783672235
3005724.0,683.3649004150136
3005725.0,33.52381645248451
3005726.0,27.16393626747007
3005727.0,20.209354074527038
3005728.0,431.3220042954373
3005729.0,24.115718930053028
3005730.0,1419.4203510468765
3005731.0,504.19958591430975
3005732.0,36.02191221708938
3005733.0,32.441181340790436
3005734.0,1570.5322902579544
3005735.0,248.87013724324834
3005736.0,7258.232821499455
3005737.0,655.4888940296196
3005738.0,125.3309638101052
3005739.0,14.556033189869211
3005740.0,0.04646586062908536
3005741.0,12.13577854934344
3005742.0,8698.54990453177
3005743.0,0.12868026345731134
3005744.0,1189.2978997690138
3005745.0,24.527000636411955
3005746.0,2473.846681659449
3005747.0,2078.3850749998574
3005748.0,741.2364425960893
3005749.0,374.01720517674687
3005750.0,338.86891076469533
3005751.0,8949.715517289165
3005752.0,148.08512892588
3005753.0,1.4041522034118339
3005754.0,58.61319344267954
3005755.0,84.52875553768536
3005756.0,0.6330854772552222
3005757.0,621.9513941325665
3005758.0,26.21643612621137
3005759.0,42.5459107271135
3005760.0,12.372207846640631
3005761.0,318.46684078963085
3005762.0,18.11899745386595
3005763.0,1694.325783950861
3005764.0,585.3241855971805
3005765.0,21.939948740524073
3005766.0,27.24179440577926
3005767.0,1597.8651818824765
3005768.0,246.61022269157388
3005769.0,5571.112963773687
3005770.0,221.49178716586312
3005771.0,102.96014348933204
3005772.0,11.162180398948644
3005773.0,0.04476449234573793
3005774.0,14.146738808546008
3005775.0,5479.227081913534
3005776.0,0.19938394247775054
3005777.0,760.9632346022646
3005778.0,15.302528728939338
3005779.0,2056.4359192552256
3005780.0,1368.243363922244
3005781.0,758.3923803309619
3005782.0,133.6035154042616
3005783.0,226.38242836053627
3005784.0,7873.769771818535
3005785.0,50.75121930227979
3005786.0,1.5365447017218496
3005787.0,31.805982269305247
3005788.0,26.465810270233362
3005789.0,0.33920798057038104
3005790.0,549.5213228475556
3005791.0,24.13038985271271
3005792.0,24.97506560154426
3005793.0,9.423231813001667
3005794.0,153.15925370939692
3005795.0,7.905095363284306
3005796.0,1575.4852144797583
3005797.0,588.1075971713456
3005798.0,21.236912497853805
3005799.0,41.24733237813689
3005800.0,887.6995107091515
3005801.0,131.01208588651207
3005802.0,2388.1325403124756
3005803.0,113.75762529637178
3005804.0,52.18524938740367
3005805.0,15.271453632310589
3005806.0,0.0468547676333661
3005807.0,15.073910751710999
3005808.0,8335.520023651992
3005809.0,0.1299680387091077
3005810.0,1065.9360927692787
3005811.0,22.692432398823584
3005812.0,2247.626260098131
3005813.0,1966.4312792290284
3005814.0,713.541974663598
3005815.0,342.1770404540243
3005816.0,270.27030877399517
3005817.0,8848.506365837924
3005818.0,57.07861959179587
3005819.0,1.3932251036702417
3005820.0,50.34652235660991
3005821.0,71.95138056537223
3005822.0,0.17086201118324632
3005823.0,630.4953127742344
3005824.0,28.34360709868796
3005825.0,27.583660262264978
3005826.0,8.663246213096077
3005827.0,287.0232403376789
3005828.0,13.950043262676214
3005829.0,1540.3378119678764
3005830.0,591.7391904838665
3005831.0,23.134445847790303
3005832.0,25.61515046672794
3005833.0,1290.1392987567956
3005834.0,211.36832242493205
3005835.0,4647.082308049884
3005836.0,266.70154077327976
3005837.0,82.37201122337876
3005838.0,10.807711006718598
3005839.0,0.039013004108453264
3005840.0,15.617766168074477
3005841.0,4528.851086382581
3005842.0,0.11530952710828307
3005843.0,670.883667418459
3005844.0,17.576995445992168
3005845.0,1878.181183105903
3005846.0,1089.1370360263736
3005847.0,628.2363127087328
3005848.0,104.73102201165639
3005849.0,160.28151165271044
3005850.0,6587.61130628912
3005851.0,44.885192534825784
3005852.0,0.5704338696830463
3005853.0,31.81297150384554
3005854.0,37.19369680967358
3005855.0,0.23942552249769444
3005856.0,529.7468352683675
3005857.0,26.18414138864044
3005858.0,13.1699725368861
3005859.0,4.894738960523901
3005860.0,156.86399804464008
3005861.0,4.447271865773015
3005862.0,1375.5292402454425
3005863.0,683.2837244993759
3005864.0,14.052182363336765
3005865.0,24.83078982049693
3005866.0,988.8065383291074
3005867.0,79.03565577914648
3005868.0,1721.8192458330814
3005869.0,495.18684374901994
3005870.0,26.99079010468777
3005871.0,10.819225005605325
3005872.0,0.05132824363708859
3005873.0,9.937856429661021
3005874.0,6671.644306245726
3005875.0,0.1267856143391263
3005876.0,1171.241029721385
3005877.0,28.22662632832717
3005878.0,1759.2777111700138
3005879.0,2152.0608124016126
3005880.0,529.8308976159999
3005881.0,492.70852816660636
3005882.0,376.98317337127884
3005883.0,7104.025140521979
3005884.0,72.13369994591409
3005885.0,1.5206552245105773
3005886.0,50.12732718816456
3005887.0,52.22203338057251
3005888.0,0.3338539672922411
3005889.0,465.0018317160908
3005890.0,16.888242337386554
3005891.0,38.78643937825481
3005892.0,13.408232668420371
3005893.0,355.8985045950044
3005894.0,19.297092901558983
3005895.0,1265.2855644734925
3005896.0,453.69639268367564
3005897.0,21.70179987177663
3005898.0,28.125618153883963
3005899.0,1280.3367017777073
3005900.0,224.257758472241
3005901.0,6600.706270089648
3005902.0,127.25120284311502
3005903.0,109.37704379352832
3005904.0,4.514006252518342
3005905.0,0.622793441010049
3005906.0,4.350899621994534
3005907.0,1753.454955725732
3005908.0,0.1234503458876271
3005909.0,309.77819023450957
3005910.0,20.88985790710933
3005911.0,829.1493625473418
3005912.0,478.6462728948776
3005913.0,231.86148145295493
3005914.0,88.9108619862236
3005915.0,117.24504741221237
3005916.0,2672.465566876239
3005917.0,57.20891487796151
3005918.0,0.8389264586397329
3005919.0,27.547098410875957
3005920.0,23.537647482042733
3005921.0,0.337065899594175
3005922.0,229.96541329787252
3005923.0,11.666529651283355
3005924.0,8.02111000796979
3005925.0,11.719862165839528
3005926.0,70.93145224058148
3005927.0,5.382186003612205
3005928.0,298.5221198818733
3005929.0,194.1128480322507
3005930.0,3.0672010110166408
3005931.0,6.440733546852355
3005932.0,294.7481321022856
3005933.0,51.32038947626456
3005934.0,1494.7463135334724
3005935.0,1.2221482730678803
3005936.0,10.561437550887455
3005937.0,9.125098549330456
3005938.0,0.0457109014147396
3005939.0,12.460337178453642
3005940.0,4390.032840909604
3005941.0,0.13252901187652713
3005942.0,543.7204443608986
3005943.0,27.51201523431964
3005944.0,1751.306596248327
3005945.0,994.8118442793416
3005946.0,502.3555278872266
3005947.0,104.54891072120738
3005948.0,176.1377784561017
3005949.0,6130.306680170824
3005950.0,132.77626653466052
3005951.0,0.9346594248335988
3005952.0,56.732699778859974
3005953.0,38.94127657102473
3005954.0,0.24654057558679288
3005955.0,451.1966553387971
3005956.0,19.039785105902386
3005957.0,7.036858464303263
3005958.0,2.173151262546069
3005959.0,170.48133828851633
3005960.0,7.206151009072844
3005961.0,815.5099972334551
3005962.0,438.29987204113456
3005963.0,10.416573262635001
3005964.0,22.22294641940009
3005965.0,504.3607289974984
3005966.0,80.12500478711061
3005967.0,1960.4023482907849
3005968.0,672.1894057677208
3005969.0,25.61281114860403
3005970.0,6.842462275420397
3005971.0,0.04810409615338212
3005972.0,5.29578893172296
3005973.0,4377.717844167966
3005974.0,0.12511354759098406
3005975.0,836.4919519126024
3005976.0,8.942482932404188
3005977.0,1403.1241290710082
3005978.0,1616.9876581018793
3005979.0,296.23574843778755
3005980.0,390.5051073671695
3005981.0,298.5923897491032
3005982.0,4780.5370600375445
3005983.0,31.95589066169132
3005984.0,1.2237230861451043
3005985.0,28.763142045952243
3005986.0,36.78732129927485
3005987.0,0.38281346412597994
3005988.0,330.3103562007146
3005989.0,1.4803014636559761
3005990.0,40.137523927717446
3005991.0,5.776019206342127
3005992.0,196.65117465854559
3005993.0,11.001259089011894
3005994.0,995.8427162264034
3005995.0,250.6521109657512
3005996.0,19.96955483063203
3005997.0,8.99576390083864
3005998.0,1976.0334586128802
3005999.0,118.75471701434665
3006000.0,4569.351572869286
3006001.0,3.3327836279012764
3006002.0,57.28437104171661
3006003.0,8.796989148861481
3006004.0,0.024187079420257458
3006005.0,7.640318451235993
3006006.0,4462.6721291974645
3006007.0,0.024187079420257458
3006008.0,838.3794537868644
3006009.0,11.641490459712156
3006010.0,1676.1708898741817
3006011.0,1080.5028861941482
3006012.0,371.95104508107846
3006013.0,221.71464281655926
3006014.0,385.90048745836043
3006015.0,5539.831735065224
3006016.0,58.02252357356414
3006017.0,2.5761035043124583
3006018.0,59.73051572292019
3006019.0,44.20910721195985
3006020.0,0.19421152404648187
3006021.0,352.72354152024303
3006022.0,6.042076263379341
3006023.0,57.21353079762763
3006024.0,5.66209419646799
3006025.0,286.637471904388
3006026.0,7.161163779230698
3006027.0,821.620072140382
3006028.0,302.7812656235399
3006029.0,14.21082604765045
3006030.0,24.244938193068286
3006031.0,654.5588767318218
3006032.0,129.27250143476215
3006033.0,4458.241416493989
3006034.0,2.1326299124712
3006035.0,10.173589879584277
3006036.0,9.045403403326056
3006037.0,0.13755107914924497
3006038.0,2.6100729759930754
3006039.0,2308.970616368726
3006040.0,0.12184486478108571
3006041.0,401.4056782103673
3006042.0,6.338128849390092
3006043.0,1049.7918158306697
3006044.0,435.669902712114
3006045.0,260.6020016444608
3006046.0,91.89393814483458
3006047.0,138.05818790814521
3006048.0,3189.5100040985444
3006049.0,10.717734065652419
3006050.0,0.8380734083513325
3006051.0,21.264366232109342
3006052.0,18.706268549512743
3006053.0,0.17998671490235907
3006054.0,205.8302739923035
3006055.0,2.6584655343811665
3006056.0,12.495649495892554
3006057.0,5.008167454785612
3006058.0,118.21668252098895
3006059.0,2.5087391885373638
3006060.0,405.9312850939134
3006061.0,190.3108392586716
3006062.0,5.0144422081043984
3006063.0,5.624668423809542
3006064.0,249.64681609353116
3006065.0,57.29873976780253
3006066.0,1874.3355825613282
3006067.0,1.4671120354969687
3006068.0,3.372278299990782
3006069.0,4.8324366919700115
3006070.0,0.023085268910236288
3006071.0,1.1036701419478052
3006072.0,3489.7067946820816
3006073.0,0.023085268910236288
3006074.0,177.84723787072352
3006075.0,3.0928943088862138
3006076.0,1178.6472124214758
3006077.0,193.67174356733045
3006078.0,205.94482157609932
3006079.0,52.82549089018491
3006080.0,31.827984258502166
3006081.0,2546.3478681991764
3006082.0,5.275501586562776
3006083.0,0.6864468430864058
3006084.0,19.25505782650488
3006085.0,10.824883904636607
3006086.0,0.08779275466807762
3006087.0,183.87877821595004
3006088.0,0.04694914673898525
3006089.0,2.9634274339890907
3006090.0,3.0946131749970953
3006091.0,32.144928071806035
3006092.0,0.6906843256744725
3006093.0,50.2953797983602
3006094.0,142.45537369638842
3006095.0,0.24169451250947924
3006096.0,1.632291413644339
3006097.0,63.97330957654546
3006098.0,64.25021809011682
3006099.0,563.8601889162235
3006100.0,2.760000185925521
3006101.0,2.1509891701868002
3006102.0,4.639563104777536
3006103.0,0.17375019150564927
3006104.0,5.826013661514863
3006105.0,3201.449130522003
3006106.0,0.1300536475624851
3006107.0,491.35610282769403
3006108.0,12.959429153851097
3006109.0,1322.9220450827925
3006110.0,880.9702997697481
3006111.0,371.7544333012437
3006112.0,165.46903825555876
3006113.0,153.33878071890797
3006114.0,4321.993475644064
3006115.0,30.892075830059795
3006116.0,0.7482720050801913
3006117.0,30.065322403565936
3006118.0,49.99589437179727
3006119.0,0.1280990864398933
3006120.0,353.1082291903866
3006121.0,20.266052488256385
3006122.0,18.623193958566915
3006123.0,10.09089176461323
3006124.0,132.56319057258793
3006125.0,6.2222469682632795
3006126.0,665.3582456845779
3006127.0,257.26976374097325
3006128.0,8.181472408840786
3006129.0,12.52534924881886
3006130.0,690.5283790073161
3006131.0,94.72995333377119
3006132.0,2232.003534874765
3006133.0,4.636149459376707
3006134.0,45.38984674172572
3006135.0,4.774052848303869
3006136.0,0.1467529985477737
3006137.0,4.910402737675733
3006138.0,4211.556468105171
3006139.0,0.1783778866853846
3006140.0,688.3465482824795
3006141.0,21.065187997414657
3006142.0,1064.5330440301382
3006143.0,1313.263251288789
3006144.0,217.89886858900002
3006145.0,300.3395208137496
3006146.0,257.02990381668974
3006147.0,4038.1608297872926
3006148.0,38.154727331729525
3006149.0,2.5419348054615094
3006150.0,25.449484171423983
3006151.0,22.982389113726825
3006152.0,0.6114764195258431
3006153.0,251.5646759383551
3006154.0,13.22681221719058
3006155.0,41.543559630975935
3006156.0,5.395149216997412
3006157.0,249.91824097302788
3006158.0,13.812706460425822
3006159.0,751.448309270537
3006160.0,236.20979735568022
3006161.0,6.680832087244734
3006162.0,15.070985146853406
3006163.0,793.0150415222372
3006164.0,136.0668799697304
3006165.0,4352.765421976437
3006166.0,1.9944249400050555
3006167.0,50.75962671957777
3006168.0,4.308494307472126
3006169.0,0.24859895345145044
3006170.0,9.459036716065734
3006171.0,4423.932657805954
3006172.0,0.1355879798507821
3006173.0,820.2222967220692
3006174.0,22.757422430474485
3006175.0,1252.1040800801554
3006176.0,1384.4789147645429
3006177.0,311.07158418572254
3006178.0,321.46075849391025
3006179.0,168.96486202206995
3006180.0,4586.857416676872
3006181.0,43.284374322596314
3006182.0,3.1558528916739323
3006183.0,36.34318615978911
3006184.0,40.84126019846337
3006185.0,0.22090856172674117
3006186.0,359.9602911200735
3006187.0,23.34635889108816
3006188.0,35.02212956906081
3006189.0,22.098677728833433
3006190.0,183.8457832712598
3006191.0,18.226251818832356
3006192.0,782.6707543485211
3006193.0,299.56476464229945
3006194.0,16.645569407158696
3006195.0,21.114296914217405
3006196.0,845.7392139819062
3006197.0,138.23523527996466
3006198.0,3986.392348464333
3006199.0,2.086439678304676
3006200.0,56.898913435248744
3006201.0,9.10610226637773
3006202.0,0.1751774272034649
3006203.0,5.585501080376652
3006204.0,2876.385759775541
3006205.0,0.04151665760366868
3006206.0,464.2820094658766
3006207.0,14.774703573426155
3006208.0,1445.7476968182084
3006209.0,641.2207575618963
3006210.0,595.3032584194999
3006211.0,144.30710573634983
3006212.0,92.75100856063371
3006213.0,4897.431776053329
3006214.0,12.985459901408955
3006215.0,0.9779196663798635
3006216.0,45.36398999719765
3006217.0,35.84222233963564
3006218.0,0.12260083292129428
3006219.0,352.39575724774886
3006220.0,8.861385268128883
3006221.0,4.396810224969684
3006222.0,4.9907189040513265
3006223.0,59.7659991809347
3006224.0,2.6667552039031515
3006225.0,290.47170116878686
3006226.0,335.9530156705798
3006227.0,6.894569533822728
3006228.0,6.39581437682115
3006229.0,444.5058600903325
3006230.0,101.96441354809687
3006231.0,1222.2619021751643
3006232.0,48.746833355018744
3006233.0,14.889138669834843
3006234.0,4.701621986423077
3006235.0,0.03538148167831505
3006236.0,4.332106912261287
3006237.0,2179.174568254464
3006238.0,0.147153508313545
3006239.0,349.4008242448389
3006240.0,13.238940048100265
3006241.0,663.5137624226461
3006242.0,667.6562498295082
3006243.0,128.61319211465468
3006244.0,149.33102743447205
3006245.0,127.41351038657089
3006246.0,2426.9701087483654
3006247.0,19.35022263638878
3006248.0,1.5875550828163294
3006249.0,20.10336130452167
3006250.0,22.375505893084856
3006251.0,0.451409581341908
3006252.0,188.2825949880871
3006253.0,13.760359203290973
3006254.0,15.975973551771492
3006255.0,5.034552452739934
3006256.0,127.86437105158164
3006257.0,7.07127216823339
3006258.0,273.4449610580085
3006259.0,145.87499029612286
3006260.0,4.924634902358438
3006261.0,9.999418380555518
3006262.0,251.92638956991527
3006263.0,62.75993327785591
3006264.0,2261.513302164283
3006265.0,2.87434815259717
3006266.0,24.456558379670476
3006267.0,1.4606191084314222
3006268.0,0.04324780061516691
3006269.0,2.2732130365336203
3006270.0,1488.2873789939508
3006271.0,0.028230820381281364
3006272.0,103.59944519461732
3006273.0,4.954297219942427
3006274.0,977.0316618672035
3006275.0,306.1804934093576
3006276.0,242.02516196990405
3006277.0,43.58110613526919
3006278.0,53.20083943658093
3006279.0,2742.617334796708
3006280.0,7.085715503867657
3006281.0,0.4175742156321896
3006282.0,14.03396631707892
3006283.0,11.434933824706633
3006284.0,0.10037181810456576
3006285.0,207.73067080960567
3006286.0,2.730882980468064
3006287.0,2.9298945090169797
3006288.0,1.3786880117190918
3006289.0,22.629179544593683
3006290.0,0.5772130878154064
3006291.0,145.26441781391765
3006292.0,191.65735115919762
3006293.0,0.9664685751594734
3006294.0,4.730513546418104
3006295.0,127.72968879054834
3006296.0,28.045276244506734
3006297.0,248.26115914451717
3006298.0,14.319841125052097
3006299.0,1.4429394057622218
3006300.0,10.213154616551666
3006301.0,0.287704240820023
3006302.0,6.775373684738362
3006303.0,4304.312921149964
3006304.0,0.049623666420210794
3006305.0,680.8279252293034
3006306.0,19.651618748165674
3006307.0,1906.8077395655118
3006308.0,669.0474009870468
3006309.0,456.45011259649004
3006310.0,204.1694532866352
3006311.0,119.04976223350573
3006312.0,6833.755087927395
3006313.0,41.832452589154045
3006314.0,0.7780609425405974
3006315.0,32.23178397031464
3006316.0,26.973256803458213
3006317.0,0.1595655692230514
3006318.0,439.87188525960875
3006319.0,13.54903855475057
3006320.0,2.7243944153147504
3006321.0,11.983204909848451
3006322.0,67.73813388360898
3006323.0,3.5074812412185223
3006324.0,568.5675436954657
3006325.0,387.00122053944
3006326.0,4.389918198977957
3006327.0,17.472039348306748
3006328.0,378.553269599595
3006329.0,117.12387330015738
3006330.0,1407.9978244983913
3006331.0,31.92541282608816
3006332.0,14.08549757497059
3006333.0,7.1355615186581245
3006334.0,0.11150893864678911
3006335.0,0.9578764410958942
3006336.0,1868.3508451893156
3006337.0,0.039904891694701586
3006338.0,179.81936536232874
3006339.0,10.255154883724241
3006340.0,1224.3857242775825
3006341.0,468.4230304735296
3006342.0,207.4160928226238
3006343.0,61.13087624997457
3006344.0,57.004771791516916
3006345.0,3085.274380210746
3006346.0,11.657794144371993
3006347.0,0.8351534299141712
3006348.0,20.328512784304564
3006349.0,23.506804594929264
3006350.0,0.29135034122964043
3006351.0,194.6074777999607
3006352.0,9.205912108256335
3006353.0,4.641763442196641
3006354.0,7.114889343458662
3006355.0,60.656541543011045
3006356.0,1.6648729830751154
3006357.0,121.88553481824651
3006358.0,185.33442234547047
3006359.0,1.811603404990315
3006360.0,6.871500334254188
3006361.0,129.30470393110727
3006362.0,33.45139773504226
3006363.0,357.08107123626394
3006364.0,18.95840215098646
3006365.0,6.291638592924563
3006366.0,5.323780483136262
3006367.0,0.028262636688736666
3006368.0,5.259515077406148
3006369.0,1860.0654865003437
3006370.0,0.029601354216424215
3006371.0,133.45067599113588
3006372.0,8.355425788455694
3006373.0,951.0011733861863
3006374.0,356.5194236963124
3006375.0,204.47587347873144
3006376.0,50.744535365255864
3006377.0,54.93917367039956
3006378.0,3046.923118544345
3006379.0,21.861403007557733
3006380.0,0.2617529165435665
3006381.0,17.675192890134333
3006382.0,12.502906855492197
3006383.0,0.10251936227995219
3006384.0,187.51263706807902
3006385.0,2.0554883771832477
3006386.0,3.1415328427713947
3006387.0,2.5423944987174263
3006388.0,56.692729097839
3006389.0,0.7101515988102821
3006390.0,167.3371848536266
3006391.0,217.31199943245161
3006392.0,0.40812416504200016
3006393.0,5.645676978473471
3006394.0,134.1434558763267
3006395.0,23.397117294444357
3006396.0,227.0883946857835
3006397.0,22.373236171728266
3006398.0,2.7656820428331583
3006399.0,4.496009117387055
3006400.0,0.02421966182808526
3006401.0,4.361358422399373
3006402.0,1433.5723500232712
3006403.0,0.02645077776904352
3006404.0,173.22728048328094
3006405.0,7.270462803779746
3006406.0,1518.0602035285983
3006407.0,413.8935941117712
3006408.0,237.29031762189328
3006409.0,31.061932673376592
3006410.0,66.10562405679983
3006411.0,2964.889128006005
3006412.0,11.462010648082902
3006413.0,0.6397412102085478
3006414.0,12.343488716396969
3006415.0,23.404426296659327
3006416.0,0.17821530265821403
3006417.0,272.87202320011005
3006418.0,1.2446740964703198
3006419.0,4.210351196977547
3006420.0,3.83155526574738
3006421.0,31.0764391169046
3006422.0,1.883757486772307
3006423.0,140.83938518512198
3006424.0,304.4781978199988
3006425.0,1.411604978201238
3006426.0,5.228247870615549
3006427.0,97.80674379874057
3006428.0,58.59161027560534
3006429.0,402.0724380370445
3006430.0,11.349058603602217
3006431.0,6.4489563141522
3006432.0,4.037032146881614
3006433.0,2.00394376272724
3006434.0,4.557958588713646
3006435.0,1736.5108286123382
3006436.0,0.028636062283624163
3006437.0,177.6830014023841
3006438.0,3.242390652209813
3006439.0,933.1043131983266
3006440.0,339.12072902809734
3006441.0,254.74311297664138
3006442.0,75.05818427110404
3006443.0,92.6595967537161
3006444.0,2580.71223552314
3006445.0,9.532206241030895
3006446.0,1.0496460184733647
3006447.0,19.143845390884046
3006448.0,20.262679700960717
3006449.0,0.16475591682542576
3006450.0,232.24562856312787
3006451.0,9.923504977577423
3006452.0,3.379202825902758
3006453.0,4.141815376822709
3006454.0,45.979777202984025
3006455.0,1.5018771547814056
3006456.0,118.97063844098864
3006457.0,205.6283170760927
3006458.0,0.8446925682012998
3006459.0,5.83599508988432
3006460.0,96.06005637399633
3006461.0,43.03698977637627
3006462.0,647.8826671182364
3006463.0,21.458236031035366
3006464.0,6.578065873589144
3006465.0,4.99926194594657
3006466.0,0.10186211676317515
3006467.0,1.2388104506793136
3006468.0,1314.5498682618327
3006469.0,0.027001359331620324
3006470.0,146.77717892084843
3006471.0,5.055115179867941
3006472.0,1012.3501281260517
3006473.0,269.41279861604
3006474.0,161.6394298731512
3006475.0,130.20739162154615
3006476.0,54.5760571663264
3006477.0,2124.139161578676
3006478.0,5.661472587261656
3006479.0,0.29920684295764055
3006480.0,11.721353498553743
3006481.0,11.906955545807747
3006482.0,0.24399516556472
3006483.0,167.86642315819472
3006484.0,0.05972014113233621
3006485.0,3.05470677707813
3006486.0,2.1340973901344107
3006487.0,52.364170635226614
3006488.0,1.251637627145282
3006489.0,57.55165166410136
3006490.0,150.00023220906516
3006491.0,1.0021422186068498
3006492.0,3.3999140985590794
3006493.0,67.724887476807
3006494.0,38.69726771644575
3006495.0,505.27552682592557
3006496.0,2.9697756487795464
3006497.0,1.036688701263853
3006498.0,9.695392075547293
3006499.0,0.7689915177142226
3006500.0,4.699383067653477
3006501.0,3495.268650522019
3006502.0,0.0355272692684096
3006503.0,355.16942409572283
3006504.0,10.32672809912961
3006505.0,1329.5704024002787
3006506.0,748.057224574398
3006507.0,628.0258213973054
3006508.0,169.1246439837076
3006509.0,174.42941335725075
3006510.0,4666.766597393434
3006511.0,21.910953558469664
3006512.0,1.2394787386211612
3006513.0,22.483568695649527
3006514.0,30.76661742561016
3006515.0,0.32191297759248394
3006516.0,343.8849658433461
3006517.0,1.044146660898582
3006518.0,3.3436952456831057
3006519.0,11.219455237966372
3006520.0,82.03862674832878
3006521.0,3.7808875999350198
3006522.0,236.08261270830144
3006523.0,305.0752895304128
3006524.0,2.5243607774654966
3006525.0,11.22765894304435
3006526.0,438.11307375457034
3006527.0,67.18595916132988
3006528.0,1305.199521875223
3006529.0,27.193314922438805
3006530.0,20.700740562216424
3006531.0,4.778590380335157
3006532.0,0.12008577311003855
3006533.0,5.24670515738481
3006534.0,2434.478646861742
3006535.0,0.03083897531006095
3006536.0,569.6221863120736
3006537.0,6.026160087433473
3006538.0,666.3570990659327
3006539.0,636.2976495874377
3006540.0,263.8667896069102
3006541.0,132.21089563244368
3006542.0,106.50261523378452
3006543.0,2564.9854881528645
3006544.0,9.886096454486879
3006545.0,1.0937059456174993
3006546.0,17.48575743057828
3006547.0,18.387450677583274
3006548.0,0.23856407978801986
3006549.0,217.4056527025814
3006550.0,11.352264902363824
3006551.0,6.050645115712068
3006552.0,11.372828826357217
3006553.0,71.95804526124263
3006554.0,2.230390681136609
3006555.0,40.76808838434411
3006556.0,183.37857238698987
3006557.0,5.339776335802968
3006558.0,8.2152803422544
3006559.0,149.37427321554662
3006560.0,26.94897536012909
3006561.0,848.6556530240675
3006562.0,99.06921837121494
3006563.0,20.581517516922666
3006564.0,8.54063150097777
3006565.0,0.8246465341581088
3006566.0,5.167546594642165
3006567.0,3468.674383882579
3006568.0,0.04077636442322137
3006569.0,218.97275785196746
3006570.0,8.105684040957533
3006571.0,1517.3374407346698
3006572.0,484.34850368203706
3006573.0,387.72898951743184
3006574.0,65.68265511537123
3006575.0,67.58911560161563
3006576.0,4467.5120904864325
3006577.0,53.63136166257377
3006578.0,1.1909477793377412
3006579.0,23.604502781771515
3006580.0,17.650823665450545
3006581.0,0.18821729316118285
3006582.0,269.4471169935979
3006583.0,9.416137504063837
3006584.0,3.470027434035201
3006585.0,5.640927613832312
3006586.0,63.772495910403705
3006587.0,2.640269555618639
3006588.0,210.31876326601918
3006589.0,271.53551020494876
3006590.0,1.5060097166341424
3006591.0,5.9218272382362915
3006592.0,278.6606997905418
3006593.0,30.33487651556841
3006594.0,607.7514167265638
3006595.0,35.233638118860185
3006596.0,5.92377896868655
3006597.0,7.303550424875786
3006598.0,0.13635317447453954
3006599.0,9.443858570066993
3006600.0,3795.943276471693
3006601.0,0.13867973808076556
3006602.0,731.5346513824201
3006603.0,15.544764869802947
3006604.0,982.5940368508273
3006605.0,952.8246005729254
3006606.0,265.1288826649005
3006607.0,190.0461471158897
3006608.0,152.5781831729508
3006609.0,4437.921683125598
3006610.0,69.93119219817805
3006611.0,1.406519863835153
3006612.0,20.55929134404848
3006613.0,29.76343800446721
3006614.0,0.2200448907444434
3006615.0,323.09402511233793
3006616.0,28.789472974414704
3006617.0,22.90246232167582
3006618.0,8.299524648945567
3006619.0,170.5204107259379
3006620.0,9.303903345337169
3006621.0,454.0388165223023
3006622.0,303.53126119285093
3006623.0,11.754296036323439
3006624.0,10.546061523696574
3006625.0,524.5673511887375
3006626.0,127.01486899228316
3006627.0,2552.5320463589032
3006628.0,4.323384092464394
3006629.0,38.41011419986836
3006630.0,10.323821127988257
3006631.0,0.12476939945985005
3006632.0,7.090832791303534
3006633.0,4175.808946266952
3006634.0,0.046461226041351
3006635.0,561.6083625955671
3006636.0,13.149405649909149
3006637.0,2285.8138152988486
3006638.0,843.9097619712826
3006639.0,788.8515658696836
3006640.0,108.03002549526417
3006641.0,153.28561712328556
3006642.0,6389.922918833157
3006643.0,22.83755409926477
3006644.0,0.6239685554600427
3006645.0,29.2859678126637
3006646.0,17.7078784660278
3006647.0,0.1430380129972586
3006648.0,406.4032037535194
3006649.0,4.780055350022096
3006650.0,8.20182876609326
3006651.0,5.071732661062824
3006652.0,102.24539811822983
3006653.0,0.9549570809468158
3006654.0,336.1306774436534
3006655.0,434.6856684247455
3006656.0,6.769627758603798
3006657.0,7.787875043152343
3006658.0,377.57565109203784
3006659.0,80.11660701349032
3006660.0,1257.4496930138985
3006661.0,62.01802992702797
3006662.0,23.59689724770729
3006663.0,14.759989638885877
3006664.0,0.427139214935627
3006665.0,6.1300577243810235
3006666.0,3118.611736668706
3006667.0,0.04226087133763888
3006668.0,497.20806459000437
3006669.0,8.599137707937658
3006670.0,1696.33526783243
3006671.0,693.3263709156395
3006672.0,353.7349335368696
3006673.0,252.19415802680612
3006674.0,161.5739190008447
3006675.0,4386.588504562933
3006676.0,18.854215928863614
3006677.0,0.6553492206001842
3006678.0,47.308993641292545
3006679.0,37.543781496962595
3006680.0,0.21494958410197912
3006681.0,366.26105621413427
3006682.0,4.8077445816456255
3006683.0,4.711501728691151
3006684.0,11.919444467012873
3006685.0,143.32544937530088
3006686.0,2.2424460170034726
3006687.0,130.16834609827626
3006688.0,317.3327598149373
3006689.0,2.855616037091086
3006690.0,5.254646527693422
3006691.0,187.16972003800439
3006692.0,162.69183663805478
3006693.0,1532.317456457533
3006694.0,2.144237038746674
3006695.0,11.814700704235994
3006696.0,6.277678324668827
3006697.0,0.25942050263816097
3006698.0,1.9783971916260605
3006699.0,1756.4766635167855
3006700.0,0.031080679268544333
3006701.0,149.39748924151093
3006702.0,11.472010180586178
3006703.0,787.5212302750062
3006704.0,334.05806217905086
3006705.0,153.68009493810666
3006706.0,48.93316666828891
3006707.0,84.59393916670003
3006708.0,2521.792672327402
3006709.0,11.053801646907917
3006710.0,0.430988032496061
3006711.0,22.65385544264339
3006712.0,18.187571889602815
3006713.0,0.10882573198409248
3006714.0,196.45854996765192
3006715.0,1.1260319801606198
3006716.0,3.494558683335519
3006717.0,3.762276549288101
3006718.0,145.41099107306954
3006719.0,2.2239810995160205
3006720.0,82.68605405202099
3006721.0,166.28670184586673
3006722.0,1.4504244111920768
3006723.0,6.935822905036173
3006724.0,141.2268660432603
3006725.0,32.899723776750136
3006726.0,452.9086658270172
3006727.0,26.90566939619009
3006728.0,3.8903847318950016
3006729.0,2.1648291707271405
3006730.0,0.03985143459433019
3006731.0,4.612136473997838
3006732.0,1743.5815807914669
3006733.0,0.12002318670338118
3006734.0,259.61014817297456
3006735.0,15.769115879515688
3006736.0,574.63889963533
3006737.0,514.4175284753067
3006738.0,149.8343505592983
3006739.0,52.60697955321558
3006740.0,95.93117053562548
3006741.0,2291.806956799789
3006742.0,25.317679471935683
3006743.0,0.4848145333635294
3006744.0,19.798397930792206
3006745.0,13.45278978439721
3006746.0,0.166853482328957
3006747.0,140.411869035034
3006748.0,15.562715629503238
3006749.0,2.466113812557701
3006750.0,3.4003610055224796
3006751.0,100.38817370052291
3006752.0,5.467004056988504
3006753.0,378.4467392495045
3006754.0,165.12347884271884
3006755.0,4.754609169405202
3006756.0,6.4126700005458925
3006757.0,263.61672517738896
3006758.0,42.763296095999436
3006759.0,1154.3940156657795
3006760.0,2.9144371007558774
3006761.0,8.900265571539045
3006762.0,3.6700508861837964
3006763.0,0.23153798252934413
3006764.0,6.919780856113067
3006765.0,4056.9714093170287
3006766.0,0.12404824714496132
3006767.0,766.4704790848212
3006768.0,20.847060969307805
3006769.0,1188.2687842013063
3006770.0,1349.5282007585995
3006771.0,294.67968976441
3006772.0,236.78439865302425
3006773.0,190.51764666243375
3006774.0,4473.927696892452
3006775.0,32.19738329618306
3006776.0,0.9714982030019177
3006777.0,24.509433625475637
3006778.0,44.502587960770285
3006779.0,0.13398271438245768
3006780.0,300.887074968971
3006781.0,14.989526617768554
3006782.0,44.11172411637643
3006783.0,9.945803900289658
3006784.0,148.05597580671906
3006785.0,14.560302898336644
3006786.0,395.0341001455704
3006787.0,294.3514315206604
3006788.0,20.99240695629514
3006789.0,10.583104560278953
3006790.0,585.0821228737059
3006791.0,125.80829056151832
3006792.0,3417.6217487685617
3006793.0,10.4613509574192
3006794.0,23.498235885776452
3006795.0,3.9014925370307734
3006796.0,0.18230190275028574
3006797.0,3.4280735760420633
3006798.0,2740.5999855580076
3006799.0,0.10866442331110526
3006800.0,371.0816390543955
3006801.0,5.973346706601877
3006802.0,537.412648269951
3006803.0,665.0779133473352
3006804.0,142.9684491484811
3006805.0,80.43962779829602
3006806.0,88.14150043115222
3006807.0,2004.4677844023906
3006808.0,16.705010457408658
3006809.0,0.6540089825949476
3006810.0,12.179614246138645
3006811.0,17.129668219685065
3006812.0,0.12218247632820417
3006813.0,116.18207275968781
3006814.0,0.09907848670241888
3006815.0,20.811007392535792
3006816.0,3.256459391790599
3006817.0,395.3338543001785
3006818.0,7.565124651925927
3006819.0,82.30286769988605
3006820.0,131.2264812986922
3006821.0,4.057929175818595
3006822.0,7.614910816037229
3006823.0,80.57956398115921
3006824.0,25.101131595574724
3006825.0,1413.2403737760642
3006826.0,1.948846337649687
3006827.0,3.120392674555211
3006828.0,5.61306974413271
3006829.0,0.03117069893362389
3006830.0,2.0084041988989307
3006831.0,1289.9781565202313
3006832.0,0.12087865712105363
3006833.0,231.15434768316828
3006834.0,8.53000572258248
3006835.0,520.0240861654405
3006836.0,249.13743010015696
3006837.0,102.84769343307585
3006838.0,40.06386085727757
3006839.0,39.03703893666781
3006840.0,1854.327160409901
3006841.0,17.453536813224638
3006842.0,0.5731797396304893
3006843.0,11.630613319278112
3006844.0,11.746141787017734
3006845.0,0.23049235050602107
3006846.0,103.0438851903688
3006847.0,0.2983518048529772
3006848.0,7.513864241985075
3006849.0,1.228066870265607
3006850.0,50.34644254458961
3006851.0,0.27878299044759447
3006852.0,278.1317239011447
3006853.0,144.01036373741877
3006854.0,2.843641231026581
3006855.0,3.2929122492679936
3006856.0,178.09709712573397
3006857.0,23.334192405510333
3006858.0,546.666333024444
3006859.0,1.4480935731236506
3006860.0,2.6809826902566254
3006861.0,9.254305605901507
3006862.0,0.1960052684207272
3006863.0,4.9570457932879926
3006864.0,3558.2137241673145
3006865.0,0.19911276285188284
3006866.0,644.7356484479867
3006867.0,30.493282998592377
3006868.0,1056.7580701587726
3006869.0,1053.9954090863855
3006870.0,316.19119628066017
3006871.0,239.8122957420536
3006872.0,225.46088973890676
3006873.0,4074.284952869384
3006874.0,27.9931244834442
3006875.0,2.635579458839244
3006876.0,32.52655054453845
3006877.0,34.904174251207586
3006878.0,0.47109516948183083
3006879.0,269.74340788408296
3006880.0,9.175047381592204
3006881.0,48.06070805608566
3006882.0,9.633257611222703
3006883.0,328.32978993982164
3006884.0,4.944984502942811
3006885.0,286.2935570579618
3006886.0,276.9991036826443
3006887.0,12.570751132670795
3006888.0,12.038048674531362
3006889.0,396.94799907284266
3006890.0,93.15712369043622
3006891.0,2559.7243163317853
3006892.0,1.8930578849638249
3006893.0,16.845366939503183
3006894.0,9.235715862648295
3006895.0,0.11925043995063553
3006896.0,5.153749054345172
3006897.0,3661.12961441689
3006898.0,0.04243518032075869
3006899.0,710.0976559296366
3006900.0,21.28432576942581
3006901.0,1410.8757759868336
3006902.0,909.9023198081318
3006903.0,377.80631519040696
3006904.0,220.82844183268492
3006905.0,131.06045127713884
3006906.0,4700.3922770066365
3006907.0,13.451913670355236
3006908.0,1.1521793699711307
3006909.0,42.280155278338995
3006910.0,26.90222651949771
3006911.0,0.7292858132409136
3006912.0,303.47126818374807
3006913.0,0.1510046758784821
3006914.0,8.565777626689435
3006915.0,7.754521994630991
3006916.0,100.28836357170195
3006917.0,1.7406605396967565
3006918.0,228.60432188807664
3006919.0,312.88407828504785
3006920.0,6.97265012822401
3006921.0,5.414710920979534
3006922.0,265.46603190155076
3006923.0,89.77356313766143
3006924.0,1726.5968338924067
3006925.0,3.0693311174183155
3006926.0,7.217997940283221
3006927.0,7.49059271912194
3006928.0,0.47240683767777014
3006929.0,3.2792656188307956
3006930.0,3119.2529463222295
3006931.0,0.043907215695696514
3006932.0,621.4675782962214
3006933.0,16.287361800420285
3006934.0,1113.9990476575954
3006935.0,749.2764648512102
3006936.0,282.11249021880883
3006937.0,209.53748744082222
3006938.0,155.7054982849266
3006939.0,4097.811769519172
3006940.0,25.455113157763876
3006941.0,1.1589188409238704
3006942.0,28.197420791852235
3006943.0,28.29656606496222
3006944.0,0.14701267927238676
3006945.0,270.8755398674622
3006946.0,0.13102443783026155
3006947.0,8.52335466541987
3006948.0,7.391946664173711
3006949.0,201.50806763299465
3006950.0,1.8078331549384912
3006951.0,115.70538454766182
3006952.0,252.24612080281742
3006953.0,6.757855541888042
3006954.0,6.534664107811609
3006955.0,198.4521343592216
3006956.0,66.6360525016491
3006957.0,1226.1886161923244
3006958.0,2.224565860622104
3006959.0,11.07911629665551
3006960.0,17.138625319464502
3006961.0,1.1633115886079057
3006962.0,15.378767420096557
3006963.0,10041.353888320058
3006964.0,0.13283826923648906
3006965.0,1285.8871220103047
3006966.0,49.42815256714235
3006967.0,2365.7647138140264
3006968.0,2462.194823890954
3006969.0,444.9422634351208
3006970.0,566.0310588667937
3006971.0,455.44630484591005
3006972.0,9682.260371773902
3006973.0,94.43875372393445
3006974.0,3.213943593145413
3006975.0,56.47540252243637
3006976.0,66.19529096639587
3006977.0,0.6730462009856494
3006978.0,686.6582075169265
3006979.0,54.609330748583645
3006980.0,65.60505123878622
3006981.0,30.010766121566796
3006982.0,380.52521897224653
3006983.0,30.99620327471576
3006984.0,790.7435774248261
3006985.0,687.3030989672917
3006986.0,23.919663454916652
3006987.0,30.412206159562153
3006988.0,1180.2833297200261
3006989.0,288.9800451607199
3006990.0,7741.198042781931
3006991.0,2.0958970356417668
3006992.0,92.33734647967745
3006993.0,3.9888777024602637
3006994.0,0.32042945016030544
3006995.0,1.0744283204363552
3006996.0,1829.2648333587422
3006997.0,0.02765389701047696
3006998.0,154.41972855145633
3006999.0,4.550732934712768
3007000.0,742.8537218879104
3007001.0,287.34759406424945
3007002.0,123.60262538676541
3007003.0,147.70495949682146
3007004.0,78.03598130347629
3007005.0,2194.5433298967537
3007006.0,5.546020128805751
3007007.0,0.28686333438752104
3007008.0,13.912909558583669
3007009.0,10.403734819325805
3007010.0,0.2423826906441919
3007011.0,170.41094036499607
3007012.0,0.5210391565824115
3007013.0,3.12604625166461
3007014.0,4.124858175965507
3007015.0,53.050636466378236
3007016.0,0.5400479549128567
3007017.0,57.97183833625432
3007018.0,106.81374800284507
3007019.0,2.0157973853154836
3007020.0,5.050152106826643
3007021.0,117.84127944110969
3007022.0,21.821182586406437
3007023.0,492.78631702169537
3007024.0,1.4143310955979873
3007025.0,6.695983436741919
3007026.0,10.838956084690967
3007027.0,0.3312787752072468
3007028.0,3.809473911421802
3007029.0,3101.7956916641897
3007030.0,0.04646920641651089
3007031.0,577.3256358357094
3007032.0,15.955047385304493
3007033.0,1691.0464707631513
3007034.0,753.1161634737259
3007035.0,296.7967108937728
3007036.0,252.90604089620473
3007037.0,146.17369328568589
3007038.0,4816.207448234705
3007039.0,15.750050932134654
3007040.0,0.48127730473859603
3007041.0,30.031952593336655
3007042.0,23.606601907669436
3007043.0,0.1495459951782412
3007044.0,319.27010079228296
3007045.0,1.7098517178360413
3007046.0,4.142153435234487
3007047.0,13.24760401443125
3007048.0,51.916957764357434
3007049.0,1.8961942706996544
3007050.0,351.15999679377967
3007051.0,315.8836377048681
3007052.0,4.352224007285969
3007053.0,9.062073264913476
3007054.0,136.48070219574993
3007055.0,71.66850814988214
3007056.0,1345.0106372083349
3007057.0,2.153992012447084
3007058.0,9.440090312680983
3007059.0,1.7395293708781494
3007060.0,0.0396726602376603
3007061.0,0.8991480593068402
3007062.0,1167.7464769109652
3007063.0,0.025226165837807048
3007064.0,119.08130446972424
3007065.0,2.9365095174126403
3007066.0,1060.8730145906627
3007067.0,186.24694357087964
3007068.0,98.48241103211492
3007069.0,131.61108577240697
3007070.0,32.87343028932174
3007071.0,1776.8963588010179
3007072.0,1.9492854211841089
3007073.0,0.25624780995872964
3007074.0,14.768154232124388
3007075.0,4.33116663271112
3007076.0,0.09712600619512858
3007077.0,111.84624480203776
3007078.0,0.05786829932497079
3007079.0,2.837157907187451
3007080.0,0.9769704704362254
3007081.0,33.91465462700957
3007082.0,0.34705506032046574
3007083.0,76.6591823836643
3007084.0,95.9101536548695
3007085.0,0.5519669945587637
3007086.0,1.424344796974383
3007087.0,65.95417727743138
3007088.0,13.758484441581261
3007089.0,237.0411223892237
3007090.0,2.737990629906792
3007091.0,1.8203834532357004
3007092.0,10.71488342409921
3007093.0,0.17010277026236034
3007094.0,1.875348733514769
3007095.0,2268.415012561438
3007096.0,0.028873770562199343
3007097.0,246.59049136730508
3007098.0,8.700815297338863
3007099.0,1128.6276011800287
3007100.0,518.8500882344616
3007101.0,190.55882107611131
3007102.0,165.1996238777722
3007103.0,165.43365436183018
3007104.0,3274.4858080704444
3007105.0,4.290414111389433
3007106.0,0.6358751648729284
3007107.0,29.746594895634132
3007108.0,21.20903685149622
3007109.0,0.19744382282741754
3007110.0,278.96413707408135
3007111.0,0.06302480902663227
3007112.0,3.4684535735569524
3007113.0,14.435973230305244
3007114.0,63.01903722711627
3007115.0,1.3532040235737164
3007116.0,286.13851946229215
3007117.0,237.38078238866294
3007118.0,1.9366769913854254
3007119.0,5.2391156852132035
3007120.0,185.0790481183609
3007121.0,31.15270313238937
3007122.0,1316.3678027226445
3007123.0,3.1973202124163915
3007124.0,2.0819295774383644
3007125.0,3.373808034984819
3007126.0,0.2800415333442793
3007127.0,1.9718060481563489
3007128.0,2834.0123943421495
3007129.0,0.047231968404241036
3007130.0,675.6153725298595
3007131.0,8.442571500514312
3007132.0,851.4829769800391
3007133.0,738.1096850927386
3007134.0,234.9751001586644
3007135.0,126.10431650635022
3007136.0,93.42524012843555
3007137.0,4343.3804808170335
3007138.0,7.210390506388046
3007139.0,4.484597202870454
3007140.0,41.396755835008726
3007141.0,44.33358685843585
3007142.0,0.21046863444881886
3007143.0,252.27541547239883
3007144.0,2.7913481544509704
3007145.0,8.437489787435739
3007146.0,3.9299557005215804
3007147.0,57.50473792867159
3007148.0,2.6380996301810993
3007149.0,181.69680649465863
3007150.0,279.3233394320896
3007151.0,4.471391958132884
3007152.0,6.858432070352124
3007153.0,151.7056007863925
3007154.0,35.8487873467856
3007155.0,650.7611569511516
3007156.0,2.753091381707069
3007157.0,6.007692626341525
3007158.0,5.370655915246373
3007159.0,0.09570029661971392
3007160.0,0.7777903588349115
3007161.0,1585.6946836868883
3007162.0,0.025226165837807048
3007163.0,99.4549843676879
3007164.0,3.854553099287034
3007165.0,540.9851045699711
3007166.0,191.24556680707485
3007167.0,95.56168000677013
3007168.0,135.6107843148917
3007169.0,67.61980525685675
3007170.0,1996.1146870033085
3007171.0,7.654159273179228
3007172.0,0.33837989163243937
3007173.0,12.936840759811503
3007174.0,10.03610658678031
3007175.0,0.17683428198021695
3007176.0,122.07863209485518
3007177.0,0.05786829932497079
3007178.0,3.1407853981847653
3007179.0,0.9623713355313854
3007180.0,70.7824655451854
3007181.0,0.4608146409837546
3007182.0,167.68976591559237
3007183.0,109.92187993120488
3007184.0,0.7619744923347008
3007185.0,1.0045371883246825
3007186.0,50.222640422486776
3007187.0,21.093366521674437
3007188.0,409.6838704754965
3007189.0,1.7617834822850484
3007190.0,1.676046554346159
3007191.0,4.963030123300374
3007192.0,0.09857416055393733
3007193.0,1.4194313398873686
3007194.0,3027.7936461535546
3007195.0,0.02790029539422847
3007196.0,520.1530362598462
3007197.0,10.721698757197068
3007198.0,998.7196183605915
3007199.0,608.7320088301658
3007200.0,221.69721583919105
3007201.0,126.24331458121421
3007202.0,164.10742676565735
3007203.0,3796.6387530948496
3007204.0,8.451074091561322
3007205.0,0.35538752613215724
3007206.0,20.343979634262283
3007207.0,12.023534566764667
3007208.0,0.23719460102412268
3007209.0,229.29571441090982
3007210.0,0.06608041662522776
3007211.0,31.68975457348199
3007212.0,2.8754063053792427
3007213.0,92.53929284257252
3007214.0,0.7869452509184662
3007215.0,226.12866860157726
3007216.0,237.18224436028402
3007217.0,1.562986062348561
3007218.0,5.428782634949119
3007219.0,112.08699436219824
3007220.0,48.535899405283054
3007221.0,1282.7218538677841
3007222.0,1.5459582222172035
3007223.0,0.9159846376962979
3007224.0,4.108226343689566
3007225.0,0.19374294672228326
3007226.0,7.94187714421191
3007227.0,3208.1837087734284
3007228.0,0.12955069435796535
3007229.0,553.455898342022
3007230.0,11.744537359218768
3007231.0,1005.0734777129544
3007232.0,909.3375325526154
3007233.0,172.24990201221192
3007234.0,147.75052537364746
3007235.0,118.52688563352038
3007236.0,3964.1618093375555
3007237.0,51.16506923103911
3007238.0,1.7906320509904203
3007239.0,27.888332483555146
3007240.0,25.25507883602239
3007241.0,0.35128470584116794
3007242.0,302.7160087055662
3007243.0,29.53164896925042
3007244.0,25.806197852120867
3007245.0,2.7395004449224354
3007246.0,164.67004405258086
3007247.0,10.60643554734594
3007248.0,243.24055094695626
3007249.0,282.2348864232437
3007250.0,12.938278306655924
3007251.0,15.191255503578931
3007252.0,298.9343217930815
3007253.0,69.2473209932246
3007254.0,2620.5694403423086
3007255.0,6.0629843542956365
3007256.0,13.093789568856366
3007257.0,8.173967187842496
3007258.0,0.06020627272422137
3007259.0,11.463556757251858
3007260.0,4391.099563567681
3007261.0,0.12469653848599281
3007262.0,547.0750593784919
3007263.0,21.890181150344695
3007264.0,1415.833133283856
3007265.0,913.4662370571166
3007266.0,206.01837048173144
3007267.0,123.01871180911641
3007268.0,123.24050021630526
3007269.0,4690.355642467117
3007270.0,35.161957737122734
3007271.0,1.7899418881681375
3007272.0,48.552415722442575
3007273.0,51.83904495714087
3007274.0,0.1448716024378957
3007275.0,482.27934001034714
3007276.0,32.878730110675875
3007277.0,24.24504595149891
3007278.0,12.194497441428275
3007279.0,143.82493271359644
3007280.0,13.098990209944759
3007281.0,163.7578500044325
3007282.0,528.8454428447344
3007283.0,10.611864304737379
3007284.0,13.080567389194417
3007285.0,165.70931865956493
3007286.0,97.78558766149277
3007287.0,2211.7455147249866
3007288.0,2.691714123309379
3007289.0,21.28435215905482
3007290.0,12.136089245811224
3007291.0,0.23722793318145252
3007292.0,4.731001083084266
3007293.0,4356.047671237971
3007294.0,0.05152551856510462
3007295.0,762.0584270897667
3007296.0,10.087072126486238
3007297.0,2157.4043429169465
3007298.0,771.1346122512541
3007299.0,230.65332482682751
3007300.0,356.0189757288716
3007301.0,126.85786495772084
3007302.0,5209.599932826241
3007303.0,35.46425881540226
3007304.0,1.7427118574288252
3007305.0,34.30936510301541
3007306.0,23.995853175636476
3007307.0,0.14911476007972818
3007308.0,359.86616938422907
3007309.0,6.986577196293389
3007310.0,20.545435307145237
3007311.0,10.976069506816298
3007312.0,121.87199429866101
3007313.0,2.6041869476985378
3007314.0,190.77263353083393
3007315.0,353.19193671494867
3007316.0,9.280492904003228
3007317.0,14.110190410892159
3007318.0,270.8192263622801
3007319.0,62.37408937963177
3007320.0,1852.7895852586423
3007321.0,13.991712194817726
3007322.0,23.34605680459486
3007323.0,4.834835115094544
3007324.0,0.5314300036263279
3007325.0,5.2290645428438705
3007326.0,3161.5307520059305
3007327.0,0.13442875430877152
3007328.0,417.8561752987076
3007329.0,10.779767231396846
3007330.0,946.407433587077
3007331.0,856.7340321289704
3007332.0,254.30286652601816
3007333.0,160.5684412317313
3007334.0,123.5493859015127
3007335.0,3855.112786843587
3007336.0,29.402571626139157
3007337.0,1.523054750737738
3007338.0,16.885721949279592
3007339.0,18.483609815034335
3007340.0,0.21094354631570128
3007341.0,295.62269250098063
3007342.0,21.707627183468034
3007343.0,25.972697623280084
3007344.0,1.7342853002954428
3007345.0,161.70964642835298
3007346.0,9.310272218912267
3007347.0,355.17659706619014
3007348.0,280.5697471146467
3007349.0,9.057246357295366
3007350.0,10.867687014859595
3007351.0,430.02371181593185
3007352.0,52.3700858046586
3007353.0,2414.9897805272085
3007354.0,3.6059291846471093
3007355.0,29.274184012681403
3007356.0,4.1682243185997585
3007357.0,0.24760337742470964
3007358.0,4.044742321329428
3007359.0,5571.235158437905
3007360.0,0.03382354946159022
3007361.0,423.82209595391384
3007362.0,9.195549898727567
3007363.0,2931.0160736287007
3007364.0,674.4676081132984
3007365.0,298.9731968431661
3007366.0,183.98902906750942
3007367.0,128.70310192511278
3007368.0,6135.703136656362
3007369.0,13.53972425722371
3007370.0,1.8649418729786147
3007371.0,31.273720377702343
3007372.0,30.547602138200574
3007373.0,0.26045728273167995
3007374.0,470.9494408536597
3007375.0,0.08933958696162758
3007376.0,2.1197030264192147
3007377.0,8.202929935925699
3007378.0,112.8391545198239
3007379.0,1.8248519618005017
3007380.0,145.92821680217537
3007381.0,378.31232670226103
3007382.0,3.79888015845848
3007383.0,9.421509877809548
3007384.0,180.65380300290244
3007385.0,69.79064039607067
3007386.0,1207.6023996139893
3007387.0,4.472661561888167
3007388.0,7.6474605175037516
3007389.0,9.46798383386553
3007390.0,0.1340060400407711
3007391.0,9.124957002897268
3007392.0,3499.737071874146
3007393.0,0.12592606713325694
3007394.0,572.7327557629817
3007395.0,14.190907402670737
3007396.0,1155.518207579069
3007397.0,813.7144087187282
3007398.0,272.6552292588269
3007399.0,152.79378038471071
3007400.0,212.2088801297814
3007401.0,4367.526321676331
3007402.0,60.207547177124454
3007403.0,1.5545194038271186
3007404.0,36.26692791967837
3007405.0,35.97282078143127
3007406.0,0.18483829323289713
3007407.0,305.50135848309003
3007408.0,20.719330242874925
3007409.0,26.26199426274816
3007410.0,9.533080565241463
3007411.0,250.7893285552089
3007412.0,14.223457731765617
3007413.0,231.85702911641647
3007414.0,566.8846700134652
3007415.0,14.3775750321726
3007416.0,11.274512523361805
3007417.0,202.3132376417043
3007418.0,61.223370736340044
3007419.0,2148.9842329485627
3007420.0,1.5602941362275493
3007421.0,8.838587306190469
3007422.0,4.521778896197663
3007423.0,0.17584548712262482
3007424.0,6.693385815191907
3007425.0,3622.2819000122063
3007426.0,0.11664189120239522
3007427.0,607.3591101461672
3007428.0,15.650551597505865
3007429.0,914.0622899146105
3007430.0,956.8815312089957
3007431.0,214.92716164366328
3007432.0,164.15056151015716
3007433.0,140.6090356620067
3007434.0,3710.995597281908
3007435.0,40.01929694146588
3007436.0,1.0622756344930797
3007437.0,27.342176047842308
3007438.0,21.408137965215758
3007439.0,0.13246306334002267
3007440.0,285.08851425637306
3007441.0,25.996254866539225
3007442.0,49.7240470079732
3007443.0,8.056499160630342
3007444.0,133.1687808569933
3007445.0,11.393277912018409
3007446.0,301.28124485717285
3007447.0,265.1724470991802
3007448.0,13.134829363550903
3007449.0,11.729179574675394
3007450.0,273.6328811699602
3007451.0,64.60618388772875
3007452.0,2651.563389360491
3007453.0,6.929410618334915
3007454.0,17.731485297871437
3007455.0,5.737339550841634
3007456.0,0.20855466048532142
3007457.0,3.9693998228484344
3007458.0,5240.144170120509
3007459.0,0.027001359331620324
3007460.0,595.3513793518522
3007461.0,19.53952283584162
3007462.0,1375.8168035167546
3007463.0,709.7211984211667
3007464.0,287.84722526208867
3007465.0,175.55148021445302
3007466.0,98.28185658746955
3007467.0,4805.811393167765
3007468.0,9.619484746530123
3007469.0,0.32634699478485046
3007470.0,20.114025773268615
3007471.0,21.03206079049758
3007472.0,0.11650149646610317
3007473.0,266.3112362786951
3007474.0,0.05855880264323857
3007475.0,8.939291456363128
3007476.0,1.322569088635582
3007477.0,161.21962902684743
3007478.0,2.3065915111150703
3007479.0,193.62918325756232
3007480.0,346.6991249646535
3007481.0,3.7053074134342965
3007482.0,2.0442287063825306
3007483.0,222.85726549424635
3007484.0,122.53113232878589
3007485.0,1187.979710975948
3007486.0,2.6423753020920704
3007487.0,0.8337164543813549
3007488.0,23.216218629706496
3007489.0,0.05426590539170116
3007490.0,26.47081766606936
3007491.0,10339.683241507717
3007492.0,0.13283826923648906
3007493.0,1938.186657808019
3007494.0,36.124855260411636
3007495.0,3120.6026901471864
3007496.0,3032.08797623787
3007497.0,715.5895539836329
3007498.0,737.0611870846369
3007499.0,585.5277475222001
3007500.0,10385.901198024252
3007501.0,100.95438233467536
3007502.0,5.542652605403411
3007503.0,130.4261909517024
3007504.0,141.73411770664765
3007505.0,0.7970606031863252
3007506.0,1065.74872861606
3007507.0,44.03124384714813
3007508.0,35.665533670455176
3007509.0,20.628318080889237
3007510.0,513.6965625677665
3007511.0,30.83324313993794
3007512.0,1018.5713198300133
3007513.0,825.5748189582059
3007514.0,60.746647872675226
3007515.0,44.171644880925314
3007516.0,1280.2935797177847
3007517.0,307.687025992656
3007518.0,9768.4681299623
3007519.0,243.24856033909094
3007520.0,103.09735762856045
3007521.0,20.14159283525037
3007522.0,0.052725825678833424
3007523.0,16.624927189242854
3007524.0,10339.683241507717
3007525.0,0.13656269526760173
3007526.0,1354.498385753421
3007527.0,34.148608583847746
3007528.0,3067.5916306827557
3007529.0,2636.33185682508
3007530.0,855.9992086308116
3007531.0,463.19357620973335
3007532.0,404.6984582817871
3007533.0,10404.475233695217
3007534.0,193.1761055588606
3007535.0,1.9013183498995485
3007536.0,74.45521097698162
3007537.0,93.40473357235317
3007538.0,1.047176002687256
3007539.0,882.7911628320675
3007540.0,39.007071902130015
3007541.0,48.9602893779231
3007542.0,13.882547257227802
3007543.0,365.4384468878007
3007544.0,23.428939520736144
3007545.0,1313.939718590298
3007546.0,876.352988515328
3007547.0,30.753719812855138
3007548.0,39.99728509988097
3007549.0,1340.1849310139487
3007550.0,287.015070955757
3007551.0,7215.131231561945
3007552.0,330.5463550351748
3007553.0,93.91611776642188
3007554.0,18.062254999534048
3007555.0,0.05426590539170116
3007556.0,22.942796800637186
3007557.0,9237.869495772913
3007558.0,0.24385816895784718
3007559.0,1154.0010218435937
3007560.0,21.313690291866855
3007561.0,3134.1102962571895
3007562.0,1928.8306609646986
3007563.0,1052.0996004692233
3007564.0,212.56165009685603
3007565.0,311.56507142134967
3007566.0,10369.564772243002
3007567.0,67.54896595586295
3007568.0,2.492605413142411
3007569.0,55.6071231945987
3007570.0,38.605948432836485
3007571.0,0.5134030281088136
3007572.0,888.964475584389
3007573.0,45.18734937000722
3007574.0,38.32575853602652
3007575.0,12.49815395545389
3007576.0,218.9665592227077
3007577.0,12.934949911023024
3007578.0,1038.6688576346826
3007579.0,977.4652226135852
3007580.0,33.39293861094602
3007581.0,62.33772494787384
3007582.0,940.0301152271002
3007583.0,166.62356849793005
3007584.0,3415.3213170863096
3007585.0,248.24006861062935
3007586.0,61.78743933619977
3007587.0,22.08260348182575
3007588.0,0.05426590539170116
3007589.0,25.902020407344914
3007590.0,10145.259901663967
3007591.0,0.15267196810524059
3007592.0,1205.8684257347804
3007593.0,34.44145132348861
3007594.0,2834.187812525011
3007595.0,2589.103490052037
3007596.0,756.2389343075206
3007597.0,416.0004501695666
3007598.0,318.2224231756795
3007599.0,10401.554335257717
3007600.0,81.48039735640344
3007601.0,2.2037536461779585
3007602.0,66.74677368251386
3007603.0,98.10523252015506
3007604.0,0.17513724963861899
3007605.0,867.597374194977
3007606.0,41.55019032595276
3007607.0,35.6013734202576
3007608.0,10.864072953811714
3007609.0,359.12027499650605
3007610.0,18.44455600164734
3007611.0,953.2637877125098
3007612.0,913.7719302000584
3007613.0,28.838881007379307
3007614.0,38.74093858207622
3007615.0,1243.729303001911
3007616.0,254.44943576992455
3007617.0,5775.3706971033225
3007618.0,222.69136660358532
3007619.0,75.16155522969649
3007620.0,19.133778498397398
3007621.0,0.051587261634700496
3007622.0,23.470494636531367
3007623.0,6543.35543122948
3007624.0,0.12995485274481697
3007625.0,929.9395568452369
3007626.0,28.84869269761866
3007627.0,2762.2725695667104
3007628.0,1598.0917383358853
3007629.0,798.2563985587942
3007630.0,149.96531317613147
3007631.0,237.68946597145145
3007632.0,10122.417450576855
3007633.0,59.37656487250878
3007634.0,0.7497143460379607
3007635.0,43.21082978347195
3007636.0,55.74763319373007
3007637.0,0.31801278014360806
3007638.0,787.4551230785798
3007639.0,41.57113280480443
3007640.0,18.35734604209175
3007641.0,9.890758530501522
3007642.0,207.08686675702972
3007643.0,7.4721917888516565
3007644.0,933.0047870872927
3007645.0,907.0005405094789
3007646.0,21.900615347023724
3007647.0,32.89104478995988
3007648.0,984.0575322614013
3007649.0,114.71645572459796
3007650.0,2509.0320009607804
3007651.0,580.1907978821545
3007652.0,26.306576288281434
3007653.0,13.432210152337536
3007654.0,0.052725825678833424
3007655.0,14.766955019283103
3007656.0,8168.89051434865
3007657.0,0.12931803754250598
3007658.0,1143.2048184541438
3007659.0,27.71566357123593
3007660.0,2000.205808229208
3007661.0,2351.921975640892
3007662.0,528.524943575615
3007663.0,500.9993533851571
3007664.0,421.15956775640655
3007665.0,8230.345556387192
3007666.0,67.58013378266838
3007667.0,2.4796943130465934
3007668.0,60.84167642036436
3007669.0,66.20346337422848
3007670.0,0.4964297016574313
3007671.0,606.4977619682263
3007672.0,22.65831061820002
3007673.0,35.781813411710154
3007674.0,16.183048103320857
3007675.0,394.0245439897385
3007676.0,23.49824392081542
3007677.0,813.062471948306
3007678.0,600.7384495461341
3007679.0,22.317753718705987
3007680.0,35.16306833179328
3007681.0,1029.973706892682
3007682.0,253.74477564181672
3007683.0,7348.057519854437
3007684.0,120.01047144480367
3007685.0,75.23472806102009
3007686.0,6.378936643262552
3007687.0,0.6626409429393008
3007688.0,7.145785369832029
3007689.0,2176.2263992067574
3007690.0,0.13014952365186389
3007691.0,333.47597844627467
3007692.0,25.253577229808187
3007693.0,1124.5248869827678
3007694.0,549.9851333952456
3007695.0,226.47714232137508
3007696.0,86.37656055760651
3007697.0,122.37209728518351
3007698.0,3077.409802118167
3007699.0,69.31939582383727
3007700.0,1.0372199954682952
3007701.0,31.5042675122839
3007702.0,24.448550677714593
3007703.0,0.390862557615721
3007704.0,251.7775628534182
3007705.0,17.330117714118657
3007706.0,10.64780636057257
3007707.0,11.37695428459066
3007708.0,98.88877218257875
3007709.0,8.048319718057602
3007710.0,234.4209196718072
3007711.0,270.66186229163543
3007712.0,3.6364660135613156
3007713.0,8.431467514501135
3007714.0,227.72412652251288
3007715.0,54.2841814182254
3007716.0,1584.1040721340923
3007717.0,1.7961632576787994
3007718.0,9.681345677530192
3007719.0,11.90849218912939
3007720.0,0.0537933951581797
3007721.0,19.26115723877608
3007722.0,6028.281828049403
3007723.0,0.14611182874719691
3007724.0,702.6909695777715
3007725.0,35.089488439439066
3007726.0,2508.6096232468344
3007727.0,1404.5179211032496
3007728.0,626.9943838664798
3007729.0,136.45568911179143
3007730.0,200.53553267938236
3007731.0,8430.772321322473
3007732.0,144.5932908552822
3007733.0,1.3660045268671863
3007734.0,65.5643844828995
3007735.0,56.10016633432623
3007736.0,0.31224615972567643
3007737.0,693.3831945561739
3007738.0,37.564366379989394
3007739.0,12.242144317740793
3007740.0,3.1905414031699686
3007741.0,198.58769700709718
3007742.0,13.416185276748772
3007743.0,631.8714437280726
3007744.0,738.3146550732407
3007745.0,17.812914223462357
3007746.0,32.04689523000647
3007747.0,487.2453443998866
3007748.0,97.16350901947104
3007749.0,2528.0865628723395
3007750.0,377.23438266757734
3007751.0,27.052506592212588
3007752.0,9.889214911212207
3007753.0,0.05589785448861927
3007754.0,7.887878848929197
3007755.0,4975.237889250525
3007756.0,0.1354369795946319
3007757.0,950.1708465033882
3007758.0,12.492209188477304
3007759.0,1629.2417510125867
3007760.0,1695.295176309707
3007761.0,270.01025772798044
3007762.0,338.2494912386328
3007763.0,351.9852973945034
3007764.0,5317.55625622161
3007765.0,42.73651358409275
3007766.0,1.7393911398766229
3007767.0,39.803467239456914
3007768.0,39.45732464461467
3007769.0,0.5170340397728442
3007770.0,392.2999385558327
3007771.0,2.608913417898017
3007772.0,58.53094047885541
3007773.0,9.76497092417862
3007774.0,274.91135466377466
3007775.0,13.562828281007437
3007776.0,632.7967987246652
3007777.0,323.4512765989197
3007778.0,27.052889654588498
3007779.0,14.578963096513602
3007780.0,717.2447853284832
3007781.0,133.12610218559473
3007782.0,5229.246251878338
3007783.0,4.725295795281135
3007784.0,51.8394421305224
3007785.0,14.353616393416406
3007786.0,0.024420294509468067
3007787.0,11.841981845129094
3007788.0,5598.928791490349
3007789.0,0.02706899453812598
3007790.0,955.9748645231045
3007791.0,15.815809139573968
3007792.0,1994.1163879224641
3007793.0,1307.3387856043491
3007794.0,454.1916597105509
3007795.0,237.49816151317688
3007796.0,385.87997653310777
3007797.0,7602.4781052135095
3007798.0,68.16981202668202
3007799.0,4.444412772607604
3007800.0,57.00956126941874
3007801.0,49.82266789464293
3007802.0,0.260050209928198
3007803.0,499.6236700169695
3007804.0,12.158550753570452
3007805.0,68.02156190028973
3007806.0,8.835089088055991
3007807.0,355.09368943984896
3007808.0,12.884692155401702
3007809.0,544.4938419989305
3007810.0,444.5651716028324
3007811.0,20.22196955293996
3007812.0,29.975331528397824
3007813.0,554.9224680408756
3007814.0,132.93569037137883
3007815.0,4877.719038783884
3007816.0,3.5593534897677337
3007817.0,11.542355504967166
3007818.0,12.049117659696416
3007819.0,0.16083241622003114
3007820.0,4.817401372427957
3007821.0,2831.8444987118446
3007822.0,0.13602346576890584
3007823.0,553.2449646652515
3007824.0,10.76576948038339
3007825.0,1205.8752210550706
3007826.0,607.8188114685845
3007827.0,306.25763369992785
3007828.0,103.80860773869755
3007829.0,192.64284797604904
3007830.0,3829.1519463006316
3007831.0,20.70570309747295
3007832.0,1.211575555572364
3007833.0,36.227429255376435
3007834.0,33.23703304245292
3007835.0,0.222578417231741
3007836.0,270.2154005108834
3007837.0,4.154886931078118
3007838.0,16.8696603358825
3007839.0,8.15922052416139
3007840.0,173.5369785866542
3007841.0,3.3991114962369573
3007842.0,327.1481632299176
3007843.0,289.75582777637317
3007844.0,6.818734897478593
3007845.0,8.803690795728745
3007846.0,231.1613271801719
3007847.0,67.54552011164701
3007848.0,2307.4259035674427
3007849.0,1.5609821819234264
3007850.0,3.4548098304960897
3007851.0,8.46799267291516
3007852.0,0.024420294509468067
3007853.0,1.6424604695836418
3007854.0,2722.751846680134
3007855.0,0.0257699430866292
3007856.0,214.05635010824605
3007857.0,4.743980713834095
3007858.0,1466.8804745221987
3007859.0,256.4811562932596
3007860.0,230.29839077054362
3007861.0,58.30915591890752
3007862.0,68.20777501125673
3007863.0,3205.0882122631765
3007864.0,7.656825985775294
3007865.0,0.7472473727018863
3007866.0,20.83355831616526
3007867.0,15.393765670192021
3007868.0,0.1018222636075622
3007869.0,256.4475933798074
3007870.0,0.05843556045458848
3007871.0,3.0586405440729694
3007872.0,3.916501629050659
3007873.0,47.53287941888779
3007874.0,1.2013984825831667
3007875.0,53.85467693861881
3007876.0,197.82213894849673
3007877.0,0.2758347323123646
3007878.0,2.6572673519698298
3007879.0,73.53561176070538
3007880.0,77.85229390325708
3007881.0,659.6616216041261
3007882.0,2.802703406287474
3007883.0,4.137679471755181
3007884.0,8.10300491007678
3007885.0,0.17848095624904542
3007886.0,8.566383545012712
3007887.0,4224.577554068561
3007888.0,0.13338422736540317
3007889.0,624.5622624289969
3007890.0,21.227418506675214
3007891.0,1376.6372567256612
3007892.0,1106.9761536377118
3007893.0,394.3931764079405
3007894.0,198.5216215880389
3007895.0,209.38862550187338
3007896.0,5100.801780677399
3007897.0,40.7961416517323
3007898.0,0.9197129507850503
3007899.0,40.078089245291
3007900.0,52.76181144101737
3007901.0,0.14339846606515388
3007902.0,427.7062969482319
3007903.0,34.8866514839843
3007904.0,21.23697516398299
3007905.0,12.786395515344019
3007906.0,181.67664258023603
3007907.0,9.828819789583594
3007908.0,484.7958357108028
3007909.0,345.46401168960693
3007910.0,11.430622773604988
3007911.0,14.736844408123064
3007912.0,595.0169447442561
3007913.0,114.65450944885957
3007914.0,2616.6434255976937
3007915.0,4.928300638311608
3007916.0,36.2460393289969
3007917.0,6.122505934543684
3007918.0,0.14395830140436533
3007919.0,5.093928254777076
3007920.0,3993.0375525421186
3007921.0,0.1732472035792626
3007922.0,631.9465337038729
3007923.0,25.339455517498372
3007924.0,887.6032698469955
3007925.0,1152.542326343325
3007926.0,177.80043863662215
3007927.0,254.27400287067366
3007928.0,290.56248985349805
3007929.0,3407.4220897146615
3007930.0,42.18236526256191
3007931.0,3.22649211288863
3007932.0,27.766978266744623
3007933.0,24.31366209838221
3007934.0,0.8181462924368262
3007935.0,231.3648187015574
3007936.0,19.703137524466854
3007937.0,49.75458904338339
3007938.0,8.970459312658907
3007939.0,303.0898374175951
3007940.0,14.251437321117688
3007941.0,439.37895394062485
3007942.0,226.64969221905838
3007943.0,8.59278841942876
3007944.0,18.49816044661403
3007945.0,571.4663850602226
3007946.0,137.22949561411377
3007947.0,4246.854858936478
3007948.0,2.068112900064767
3007949.0,34.43123205918019
3007950.0,6.873420369753058
3007951.0,0.26711757430296795
3007952.0,13.867440348139356
3007953.0,5676.231165723021
3007954.0,0.13637862122337413
3007955.0,891.6701424982618
3007956.0,25.79373225961141
3007957.0,1384.1963369271612
3007958.0,1641.2791497731741
3007959.0,338.0452595326608
3007960.0,390.99495395902807
3007961.0,197.5381581598846
3007962.0,5692.532683972911
3007963.0,47.633604901709674
3007964.0,5.269008490042917
3007965.0,48.8381901481491
3007966.0,54.57890017757034
3007967.0,0.25743500166981514
3007968.0,463.6540203312239
3007969.0,38.768272722569776
3007970.0,44.159274464261614
3007971.0,24.672950292915402
3007972.0,232.00749498211758
3007973.0,22.617659749829286
3007974.0,498.2010711963769
3007975.0,400.562132562622
3007976.0,23.028775274636835
3007977.0,26.10321337195628
3007978.0,705.3311639343881
3007979.0,173.93042456678268
3007980.0,4823.081934219974
3007981.0,2.1436371034198958
3007982.0,47.04976666410722
3007983.0,12.166427481274585
3007984.0,0.22547627159512618
3007985.0,8.764579573397494
3007986.0,4069.3384730439793
3007987.0,0.0485108236188969
3007988.0,609.0691397834473
3007989.0,27.349246881391736
3007990.0,1865.1411915340263
3007991.0,927.7467319991108
3007992.0,602.2702469888336
3007993.0,214.08127764799005
3007994.0,147.76673575580725
3007995.0,7312.35398051785
3007996.0,16.979346189583616
3007997.0,1.5501206626125257
3007998.0,54.88291662249125
3007999.0,50.127475506345675
3008000.0,0.14662350784892123
3008001.0,476.8023487043448
3008002.0,14.218881562672916
3008003.0,7.760096190304434
3008004.0,7.853507925091499
3008005.0,111.10101555756626
3008006.0,3.8147197008032743
3008007.0,379.60944161641913
3008008.0,533.9451238436836
3008009.0,9.591772311194196
3008010.0,9.808126295244863
3008011.0,465.89522998819103
3008012.0,126.77716435042252
3008013.0,1692.3250306993823
3008014.0,42.83444995317123
3008015.0,23.537278999820177
3008016.0,3.751116097403619
3008017.0,0.02696381106329764
3008018.0,4.19043120887915
3008019.0,1389.5389829763149
3008020.0,0.11136424906678793
3008021.0,169.21214743313817
3008022.0,7.5217530736952485
3008023.0,352.1500107572935
3008024.0,384.13769386212823
3008025.0,73.23732869738518
3008026.0,87.95671248791001
3008027.0,58.80971992374607
3008028.0,1388.079093089298
3008029.0,12.116185873820708
3008030.0,1.4789994657941332
3008031.0,11.202196449354304
3008032.0,14.183155370104274
3008033.0,0.40759189358460995
3008034.0,103.41067986839585
3008035.0,8.877505433893582
3008036.0,14.454312299904792
3008037.0,4.54949746315791
3008038.0,47.166952344983144
3008039.0,4.9258632736417765
3008040.0,149.36519158302235
3008041.0,88.17770326357319
3008042.0,4.751425691663077
3008043.0,6.521400564981877
3008044.0,160.5755976030465
3008045.0,45.90319732353235
3008046.0,1407.416626973449
3008047.0,2.827742207963686
3008048.0,15.814088341013978
3008049.0,1.6637747768917577
3008050.0,0.041855445426439535
3008051.0,2.163692777903992
3008052.0,1426.6938134963043
3008053.0,0.026837813732413042
3008054.0,122.81205410299
3008055.0,4.084812963104627
3008056.0,817.5652175790829
3008057.0,285.338672676903
3008058.0,258.2920657233451
3008059.0,41.15699412795654
3008060.0,36.825454024958866
3008061.0,2673.990884740865
3008062.0,6.822267765325317
3008063.0,0.36610787435757464
3008064.0,12.909048829072983
3008065.0,10.0888735148685
3008066.0,0.09886699453908267
3008067.0,200.31488040133456
3008068.0,2.2650392502370376
3008069.0,2.925422134100903
3008070.0,1.4234728600394317
3008071.0,11.57024492037782
3008072.0,0.5219826584476955
3008073.0,167.24655237412014
3008074.0,199.95325427694848
3008075.0,0.7811925787541626
3008076.0,3.9731994274585567
3008077.0,189.16586715239515
3008078.0,25.737858887077913
3008079.0,289.6666335090252
3008080.0,16.8785786745046
3008081.0,1.2506397117731822
3008082.0,9.699731462657304
3008083.0,0.24642530053378098
3008084.0,5.523348241063852
3008085.0,4572.810863717257
3008086.0,0.05076173515581031
3008087.0,807.4698704728644
3008088.0,12.500674714891254
3008089.0,1988.327308367514
3008090.0,790.1987109142108
3008091.0,573.2602757685092
3008092.0,207.18813415581846
3008093.0,98.76241033471655
3008094.0,8124.785277550067
3008095.0,36.24423566645095
3008096.0,0.8743375377669371
3008097.0,31.374797016792122
3008098.0,25.66115420045304
3008099.0,0.2422115064752922
3008100.0,534.5303184683353
3008101.0,12.869132346426007
3008102.0,2.824121664078975
3008103.0,9.530795060315906
3008104.0,41.34404715186461
3008105.0,3.1831206572914126
3008106.0,524.4851192993881
3008107.0,462.32368977669756
3008108.0,3.555338182194221
3008109.0,14.39523739077639
3008110.0,449.80736442058577
3008111.0,91.57280534093316
3008112.0,1612.4360779497315
3008113.0,42.24637256930626
3008114.0,13.659962154733975
3008115.0,6.759974804377887
3008116.0,0.1108227997784572
3008117.0,1.0080070167697441
3008118.0,1935.3200696139124
3008119.0,0.03926606587580529
3008120.0,218.69984370293648
3008121.0,9.97352178627758
3008122.0,1107.5829564801638
3008123.0,448.7356567091474
3008124.0,221.12311323316553
3008125.0,66.61766080380241
3008126.0,36.899557795955346
3008127.0,2962.152384755586
3008128.0,13.948266328593215
3008129.0,0.7342796856803055
3008130.0,13.812372559004492
3008131.0,20.051394171835412
3008132.0,0.3343897685335829
3008133.0,188.56620928176653
3008134.0,8.656112360211491
3008135.0,4.634373658337388
3008136.0,8.091872094416459
3008137.0,42.92926545803831
3008138.0,1.378337822136107
3008139.0,123.00331156361476
3008140.0,202.0831651965031
3008141.0,1.7137396290062425
3008142.0,6.820558944568139
3008143.0,138.35440924139937
3008144.0,32.29990528959594
3008145.0,331.45828489715905
3008146.0,15.050256217212237
3008147.0,3.796864920668312
3008148.0,4.7157955375057865
3008149.0,0.026869542262715686
3008150.0,4.6271207069726525
3008151.0,1626.1620883598757
3008152.0,0.028204559412983644
3008153.0,149.64946329147918
3008154.0,7.229447933914507
3008155.0,880.7088623122866
3008156.0,260.4227902867695
3008157.0,140.36342838044902
3008158.0,54.13515620698885
3008159.0,32.89546658420014
3008160.0,2372.7259354804
3008161.0,16.13080397767748
3008162.0,0.23732814663344154
3008163.0,17.790512239178682
3008164.0,11.544693485932413
3008165.0,0.10100860432702365
3008166.0,140.66585468802543
3008167.0,1.9038997132631685
3008168.0,3.133361761228426
3008169.0,2.3409225068382398
3008170.0,23.16323191903524
3008171.0,0.7357025804773196
3008172.0,109.0673058094365
3008173.0,158.1024360303293
3008174.0,0.37606570131003697
3008175.0,6.025271737382463
3008176.0,99.7232466929672
3008177.0,21.866395619627085
3008178.0,200.60843234247307
3008179.0,23.184087006410945
3008180.0,2.3731905045217916
3008181.0,4.346283457520436
3008182.0,0.02421966182808526
3008183.0,3.0246900812452346
3008184.0,1391.4381208709274
3008185.0,0.0250621374514433
3008186.0,158.2777021467742
3008187.0,7.084347288913143
3008188.0,1306.087573765267
3008189.0,299.1002991266731
3008190.0,186.68995035831367
3008191.0,38.17560514487704
3008192.0,35.964222011063576
3008193.0,2402.693538333693
3008194.0,10.9569202929944
3008195.0,0.5842212002278141
3008196.0,11.167910896775885
3008197.0,14.398392635410659
3008198.0,0.17124892277105225
3008199.0,170.09398214342616
3008200.0,0.960611222248344
3008201.0,4.200674502107552
3008202.0,3.80908607869943
3008203.0,19.927521676635354
3008204.0,1.9805328277426444
3008205.0,112.76355572092295
3008206.0,199.7764391613203
3008207.0,1.1788104127738075
3008208.0,5.088964542376804
3008209.0,61.512058396080974
3008210.0,49.58605858649892
3008211.0,366.3479086396959
3008212.0,15.387804170893258
3008213.0,3.9774221723751855
3008214.0,5.022674215372221
3008215.0,0.9069499969547337
3008216.0,4.247221645288912
3008217.0,1522.6384490029532
3008218.0,0.027247201475404402
3008219.0,165.57139715783882
3008220.0,3.1705552530006234
3008221.0,823.5612387314229
3008222.0,278.2806566315801
3008223.0,242.61782810791198
3008224.0,70.19856165953632
3008225.0,57.68684103032274
3008226.0,2322.861925990929
3008227.0,10.061138917567842
3008228.0,1.0688736561659204
3008229.0,14.203170440866955
3008230.0,19.80578221338451
3008231.0,0.15439891845233578
3008232.0,196.07278968287363
3008233.0,9.924603956457565
3008234.0,3.3705158065546135
3008235.0,3.123483729894904
3008236.0,14.250861181514606
3008237.0,1.6065141965086664
3008238.0,100.56447011743381
3008239.0,173.74339433055053
3008240.0,0.7819821556043074
3008241.0,5.529981694691383
3008242.0,88.77021241206893
3008243.0,37.69630669796073
3008244.0,527.7652595654895
3008245.0,34.02354562444073
3008246.0,5.124173497734114
3008247.0,4.172031266958054
3008248.0,0.09591038809138598
3008249.0,2.1878375155268515
3008250.0,1631.104075403498
3008251.0,0.025611751311657417
3008252.0,213.1205353691451
3008253.0,5.595067919199113
3008254.0,1383.513246369102
3008255.0,340.0981171418665
3008256.0,226.64798749205858
3008257.0,156.90127982575507
3008258.0,41.69035872456645
3008259.0,2776.4458047476382
3008260.0,7.217309648098454
3008261.0,0.3657053721767749
3008262.0,11.368022112445836
3008263.0,17.407198424180603
3008264.0,0.227106186002932
3008265.0,217.51177833434312
3008266.0,0.058118754317026684
3008267.0,3.052988852006414
3008268.0,2.7312770388670105
3008269.0,41.44964980068562
3008270.0,1.136431803314464
3008271.0,63.24741243175176
3008272.0,203.78669050914175
3008273.0,0.8150072894156036
3008274.0,3.625965809389625
3008275.0,76.26768565833025
3008276.0,40.55054413801308
3008277.0,611.3732268763222
3008278.0,2.966787429518377
3008279.0,0.824998265675383
3008280.0,9.896465709642806
3008281.0,0.7199839599268933
3008282.0,5.23274217205199
3008283.0,3962.7762102182173
3008284.0,0.03567457795702039
3008285.0,456.2053624852596
3008286.0,8.30294391890833
3008287.0,1489.9263437617133
3008288.0,905.5217688357862
3008289.0,663.4075649906409
3008290.0,219.21151373991404
3008291.0,130.61406674291982
3008292.0,5442.212919989682
3008293.0,22.128454781258498
3008294.0,1.3254931163246668
3008295.0,27.362305835776496
3008296.0,33.07704846766879
3008297.0,0.3202779029770054
3008298.0,417.9970230584545
3008299.0,0.8754663616244622
3008300.0,3.3436952456831057
3008301.0,9.335036135180635
3008302.0,51.016826383345446
3008303.0,3.6123538593708604
3008304.0,280.328509650264
3008305.0,374.5099763704097
3008306.0,2.5272277586452137
3008307.0,9.594842505023351
3008308.0,479.2097293898672
3008309.0,64.88331365990386
3008310.0,1575.3251172770506
3008311.0,28.069922817336266
3008312.0,21.369019540703537
3008313.0,4.800029538794984
3008314.0,0.12354329037709452
3008315.0,5.846850849670833
3008316.0,2412.959509458403
3008317.0,0.030985707044336768
3008318.0,749.0900788005415
3008319.0,6.643871888696663
3008320.0,737.5396922614668
3008321.0,683.9659582866154
3008322.0,238.37978703297296
3008323.0,155.35508032811157
3008324.0,41.04394708939759
3008325.0,2850.079421079654
3008326.0,19.62315077437087
3008327.0,0.9246119441278885
3008328.0,18.195163132030483
3008329.0,18.955240360335488
3008330.0,0.2240780358923416
3008331.0,250.2421577801591
3008332.0,13.050065694951613
3008333.0,5.873942299070631
3008334.0,4.577443016081137
3008335.0,53.918987744091226
3008336.0,2.2309489670626297
3008337.0,53.71192266651585
3008338.0,218.98219416399422
3008339.0,5.927364267459319
3008340.0,8.432224461663777
3008341.0,178.2835634451693
3008342.0,30.860249455005153
3008343.0,1041.9941965279422
3008344.0,67.74931512627077
3008345.0,18.193063943741812
3008346.0,8.523063479995509
3008347.0,0.7997491367267131
3008348.0,4.252802878010218
3008349.0,2671.905273424407
3008350.0,0.04111267152417304
3008351.0,205.34283827439566
3008352.0,6.2461964178929
3008353.0,928.7641471669398
3008354.0,358.7546990713997
3008355.0,299.73792048107
3008356.0,76.9806644977239
3008357.0,44.413386031720464
3008358.0,3298.9100184946965
3008359.0,34.95129110553046
3008360.0,1.3083926061500217
3008361.0,14.20632051042966
3008362.0,14.087248589098731
3008363.0,0.16661279127523665
3008364.0,199.94358295661277
3008365.0,6.934038973498209
3008366.0,3.4706653229435873
3008367.0,5.676668182206325
3008368.0,25.222981567036854
3008369.0,2.0221679575662854
3008370.0,130.20135630042242
3008371.0,199.12589213073227
3008372.0,1.6350299025247688
3008373.0,5.469545339409375
3008374.0,100.60651742818501
3008375.0,28.29074794837049
3008376.0,548.8093727215075
3008377.0,18.66203311595935
3008378.0,4.149339807931971
3008379.0,8.37301133245581
3008380.0,0.1384498051074169
3008381.0,10.013735587686579
3008382.0,3874.2949485314316
3008383.0,0.1407959935429352
3008384.0,781.3922906017542
3008385.0,11.304822602008723
3008386.0,1076.2540834905694
3008387.0,1049.5001186625368
3008388.0,249.7100535493858
3008389.0,224.84105420090629
3008390.0,124.7918786858425
3008391.0,4500.314483542186
3008392.0,65.59745331162826
3008393.0,2.6405534399888877
3008394.0,18.6351519112932
3008395.0,26.967694971535632
3008396.0,0.21978914956545398
3008397.0,333.79454828905773
3008398.0,36.33263375928344
3008399.0,20.102613969477286
3008400.0,4.80274633058975
3008401.0,87.88476157884571
3008402.0,8.960600903317353
3008403.0,413.9426491261263
3008404.0,313.0994483654831
3008405.0,10.855417396976602
3008406.0,10.175830610023723
3008407.0,568.4115441141254
3008408.0,116.74377657317571
3008409.0,2737.647711605758
3008410.0,4.329572365894265
3008411.0,43.86933520620772
3008412.0,10.858915527512355
3008413.0,0.1268493109898679
3008414.0,8.252414496901624
3008415.0,5093.104419575264
3008416.0,0.04837607647750203
3008417.0,868.0591709507559
3008418.0,11.637023677553689
3008419.0,2411.943381234489
3008420.0,1120.2374199690207
3008421.0,888.7087438963478
3008422.0,164.25394649587645
3008423.0,97.69501957593116
3008424.0,7958.452873432936
3008425.0,22.769951799293615
3008426.0,0.5935310507578931
3008427.0,32.60728522105549
3008428.0,28.599809653552
3008429.0,0.1451658019581923
3008430.0,493.43785560404825
3008431.0,4.850125575912614
3008432.0,10.95052721991098
3008433.0,6.867835768801415
3008434.0,56.44777398911948
3008435.0,1.1821169899709265
3008436.0,471.83894822842535
3008437.0,565.7039355569764
3008438.0,7.600893293557429
3008439.0,7.389094900504849
3008440.0,492.5238536106299
3008441.0,105.37423023819575
3008442.0,1596.5833397394224
3008443.0,66.70557329226114
3008444.0,20.032222170404378
3008445.0,15.380472243548825
3008446.0,0.40598597272765224
3008447.0,6.07871167650621
3008448.0,4381.991867809953
3008449.0,0.044170900316821124
3008450.0,735.4214368669516
3008451.0,7.281726525520023
3008452.0,2426.628220200688
3008453.0,975.035834504978
3008454.0,484.5482735264037
3008455.0,365.07861712084525
3008456.0,83.28697937629845
3008457.0,6038.766691330653
3008458.0,29.520710108191402
3008459.0,0.7927794441218626
3008460.0,50.012420497040196
3008461.0,45.50789335743395
3008462.0,0.21886127302581487
3008463.0,506.184085483486
3008464.0,6.755026654723494
3008465.0,4.438547375371842
3008466.0,12.749288831601739
3008467.0,68.78953183521963
3008468.0,1.8240422803109677
3008469.0,165.79602872957207
3008470.0,444.09111412157387
3008471.0,3.506058932183294
3008472.0,5.310452515937779
3008473.0,241.29362619854044
3008474.0,192.79419173023393
3008475.0,1569.6815515874132
3008476.0,2.2365829872704546
3008477.0,10.059326864962312
3008478.0,5.486087174838772
3008479.0,0.23520671720157674
3008480.0,2.4123009098937773
3008481.0,1782.3100146092565
3008482.0,0.029679636237179653
3008483.0,175.98545541209546
3008484.0,7.806609228187709
3008485.0,796.6475833852764
3008486.0,339.8286783041965
3008487.0,180.80770343842417
3008488.0,68.89276147916544
3008489.0,50.622083586781656
3008490.0,2496.914782388037
3008491.0,10.361687079297397
3008492.0,0.5507666123876754
3008493.0,20.605294656666654
3008494.0,18.508768317878413
3008495.0,0.10524866353602577
3008496.0,199.73957930824525
3008497.0,0.9428115306200965
3008498.0,3.489374867379403
3008499.0,3.8901349694560854
3008500.0,37.380219712865
3008501.0,2.3873815991924303
3008502.0,105.56572186100175
3008503.0,190.46611468246672
3008504.0,1.2882258503624273
3008505.0,7.995217643658467
3008506.0,152.09237808770462
3008507.0,37.46954118171845
3008508.0,483.7945447363032
3008509.0,19.91712019895535
3008510.0,1.5168563245244553
3008511.0,2.409892001954989
3008512.0,0.04018740921312272
3008513.0,2.8357823512940197
3008514.0,2013.9037094198743
3008515.0,0.12038711031263792
3008516.0,248.9123132073687
3008517.0,13.268443853735933
3008518.0,591.4334456394816
3008519.0,565.3996591967225
3008520.0,136.23913177262548
3008521.0,52.991004039108546
3008522.0,69.69084064348604
3008523.0,2283.104133405772
3008524.0,18.80596205796609
3008525.0,0.5325574636603162
3008526.0,15.147118281958774
3008527.0,15.891575236502197
3008528.0,0.16820163508564798
3008529.0,163.37457927424873
3008530.0,12.077304014328963
3008531.0,2.62351919556658
3008532.0,4.825781642326591
3008533.0,53.60737461590246
3008534.0,5.154999565617178
3008535.0,766.4986363545204
3008536.0,203.60036816091147
3008537.0,4.077328441963804
3008538.0,6.742060300397288
3008539.0,291.8306150774358
3008540.0,31.289738819204477
3008541.0,1224.668563257624
3008542.0,2.9151859735128354
3008543.0,8.147015675291659
3008544.0,3.8441602483465585
3008545.0,0.20739009276276285
3008546.0,5.888211109469545
3008547.0,3771.3793671157878
3008548.0,0.12250403235986229
3008549.0,752.6093918692741
3008550.0,14.693827226710052
3008551.0,1105.3822008848347
3008552.0,1275.9601378526681
3008553.0,255.40229736604348
3008554.0,222.29206136326172
3008555.0,141.17114362153677
3008556.0,3932.44803509706
3008557.0,38.91907685411248
3008558.0,0.8922587194363713
3008559.0,25.178217531931118
3008560.0,40.13363839845562
3008561.0,0.1324250811017036
3008562.0,281.7938831060869
3008563.0,13.242818191554532
3008564.0,36.05852302769281
3008565.0,9.451282431317438
3008566.0,75.78170680873501
3008567.0,11.018195787826537
3008568.0,378.2607976633286
3008569.0,313.65270586032193
3008570.0,18.401494240228942
3008571.0,10.145610097563566
3008572.0,491.8424334713519
3008573.0,113.12948508155966
3008574.0,3283.2750992532274
3008575.0,10.442940274740977
3008576.0,22.85009414812684
3008577.0,4.06366226322872
3008578.0,0.21112024003876764
3008579.0,3.802038738877863
3008580.0,2309.564746952534
3008581.0,0.10799353950654556
3008582.0,407.1210622819864
3008583.0,6.278246126856818
3008584.0,491.6136888092974
3008585.0,617.5016999652651
3008586.0,134.71464213895416
3008587.0,57.76214549451846
3008588.0,52.58775635302117
3008589.0,2112.4378712298494
3008590.0,18.661597526392747
3008591.0,0.8160690334648468
3008592.0,9.849392308589128
3008593.0,14.300344156067299
3008594.0,0.11951047833401968
3008595.0,118.76722637730884
3008596.0,0.0982484063422447
3008597.0,20.35040874027345
3008598.0,2.3579211919019363
3008599.0,132.79438925357087
3008600.0,5.8496424777652525
3008601.0,90.59001553410491
3008602.0,137.76479687452473
3008603.0,4.644180904967707
3008604.0,8.193888213124826
3008605.0,74.54941764339657
3008606.0,27.93565651305687
3008607.0,1379.1571632395498
3008608.0,2.012143564730809
3008609.0,3.213846299249681
3008610.0,5.655831134101478
3008611.0,0.032283183306776146
3008612.0,0.7554979717732008
3008613.0,1454.7987435747468
3008614.0,0.12210375236331551
3008615.0,258.27070608736346
3008616.0,7.956776747547415
3008617.0,627.340579698285
3008618.0,336.1685030087743
3008619.0,126.27202166553168
3008620.0,51.405002323421364
3008621.0,37.55709573601731
3008622.0,2010.5240059436655
3008623.0,17.611784957040584
3008624.0,0.7659966780090348
3008625.0,16.154123778631345
3008626.0,12.373378244014308
3008627.0,0.2080889164125997
3008628.0,127.68868642806962
3008629.0,0.270781871401953
3008630.0,7.171287217580871
3008631.0,1.3278675616335402
3008632.0,27.703833558722916
3008633.0,0.2778034626165169
3008634.0,325.423807944881
3008635.0,168.07185228295836
3008636.0,2.89662116675885
3008637.0,1.5890153983686262
3008638.0,194.28620920244552
3008639.0,29.28330214521643
3008640.0,578.9762942535915
3008641.0,1.5594893318564123
3008642.0,2.054412852145381
3008643.0,9.084246258259183
3008644.0,0.19823083880141493
3008645.0,5.953396210244088
3008646.0,4746.683330353921
3008647.0,0.19823083880141493
3008648.0,831.8701695986608
3008649.0,17.584690347757522
3008650.0,1190.0326146912307
3008651.0,1358.358534274883
3008652.0,372.3886002250356
3008653.0,320.08516177418437
3008654.0,163.3051090061702
3008655.0,5558.304742396242
3008656.0,42.97086348983561
3008657.0,2.473106100600794
3008658.0,33.96641136891563
3008659.0,38.685672756886994
3008660.0,0.44069682591915815
3008661.0,354.3300959698532
3008662.0,8.708070800864089
3008663.0,46.86084733621812
3008664.0,9.643773258178532
3008665.0,179.8562674495458
3008666.0,4.113921537088714
3008667.0,346.64734926975973
3008668.0,316.8211153613645
3008669.0,12.701455107493464
3008670.0,12.990167045603847
3008671.0,505.68154836513065
3008672.0,114.34218251222215
3008673.0,3183.535024074864
3008674.0,1.9174275299883607
3008675.0,23.027757622878774
3008676.0,9.598934809355622
3008677.0,0.12131208638232002
3008678.0,4.5508723823367845
3008679.0,4644.098186429252
3008680.0,0.044337187818605774
3008681.0,938.6661032531898
3008682.0,15.165322550863214
3008683.0,1576.5912346154128
3008684.0,1303.7024428633647
3008685.0,498.16181276663133
3008686.0,362.2904661287133
3008687.0,78.8920847290822
3008688.0,6091.766568633927
3008689.0,17.851279553325107
3008690.0,1.3451277779134014
3008691.0,39.90480984552833
3008692.0,29.966297282753175
3008693.0,0.8379619971330492
3008694.0,395.9504063732596
3008695.0,0.15301853056092762
3008696.0,6.9594841861522285
3008697.0,6.794306018948815
3008698.0,62.69546876858291
3008699.0,1.6390200795188257
3008700.0,220.8584440645691
3008701.0,415.0011349718051
3008702.0,7.119708083248736
3008703.0,5.868351186004796
3008704.0,303.5855807974466
3008705.0,88.54150141580423
3008706.0,1926.9405176657856
3008707.0,2.865205657032785
3008708.0,3.7123547587829595
3008709.0,8.691194341408654
3008710.0,0.44136018749837935
3008711.0,3.9685151235226495
3008712.0,3812.3406313321793
3008713.0,0.044055800761895816
3008714.0,859.2727685679827
3008715.0,12.456030712257377
3008716.0,1389.8091979244034
3008717.0,939.1546000599374
3008718.0,379.0678783255531
3008719.0,281.5966434123876
3008720.0,89.64744604855036
3008721.0,4917.429324042057
3008722.0,32.29804567442386
3008723.0,1.3267275329136188
3008724.0,36.85485718413541
3008725.0,27.679066231906837
3008726.0,0.13644369054282102
3008727.0,337.61090462085315
3008728.0,0.13102443783026155
3008729.0,7.707399275988554
3008730.0,6.051817636606363
3008731.0,92.57304289617406
3008732.0,1.4097840173157734
3008733.0,137.93844137336043
3008734.0,352.366142561708
3008735.0,7.244852573340862
3008736.0,5.053930785267118
3008737.0,246.6490002199044
3008738.0,75.79109625321072
3008739.0,1465.2569241776284
3008740.0,2.2658671775882944
3008741.0,9.383568692550078
3008742.0,15.279396629157024
3008743.0,1.336063700111614
3008744.0,20.21785505032875
3008745.0,10068.872206351467
3008746.0,0.13494453347007823
3008747.0,1458.069026768569
3008748.0,32.8032168722374
3008749.0,2521.6524611857294
3008750.0,2601.961903927924
3008751.0,449.7947217876276
3008752.0,627.5373652554163
3008753.0,423.77279509744415
3008754.0,9698.650595662031
3008755.0,116.94072099227819
3008756.0,3.483204309023012
3008757.0,65.55142528315038
3008758.0,71.58713943236117
3008759.0,0.6808956491360062
3008760.0,744.4997645688591
3008761.0,55.633582049597365
3008762.0,64.9194196596072
3008763.0,32.58364788799594
3008764.0,219.59467903642684
3008765.0,28.853514940554277
3008766.0,853.3014696031146
3008767.0,781.7024569823603
3008768.0,25.079029931968524
3008769.0,30.15535639966243
3008770.0,1300.0554033554922
3008771.0,282.3374121546546
3008772.0,9266.577223472836
3008773.0,2.0822593492799184
3008774.0,102.30597542608056
3008775.0,3.1893635290992366
3008776.0,0.3653480514916863
3008777.0,1.0075747140913047
3008778.0,1522.5617660520716
3008779.0,0.027022998143674506
3008780.0,194.63965389364046
3008781.0,4.479008829279609
3008782.0,581.4797588672941
3008783.0,301.9687952869472
3008784.0,137.89168038754923
3008785.0,140.6711317678729
3008786.0,45.888790206604185
3008787.0,1850.609332630721
3008788.0,6.335414057533178
3008789.0,0.28268719455597807
3008790.0,15.800380660674954
3008791.0,12.430609157235136
3008792.0,0.20622729602651774
3008793.0,136.74912413240634
3008794.0,0.48807801449519395
3008795.0,3.114335250268431
3008796.0,4.1084003295171785
3008797.0,29.2458700008578
3008798.0,0.580998854817794
3008799.0,62.88330369880697
3008800.0,103.41391996011681
3008801.0,2.4293595537132
3008802.0,4.509392402624261
3008803.0,115.50572091561502
3008804.0,20.210366091321767
3008805.0,526.8808319429833
3008806.0,1.5320438348106065
3008807.0,4.814267736272149
3008808.0,10.16354222277946
3008809.0,0.36391288602915933
3008810.0,4.240697940387722
3008811.0,4291.926047826086
3008812.0,0.04680867535760338
3008813.0,754.0850504552989
3008814.0,10.673481650235999
3008815.0,1762.9058847531958
3008816.0,998.1803070609836
3008817.0,323.8483568382785
3008818.0,367.3962382960152
3008819.0,75.65513328082389
3008820.0,5835.206599843033
3008821.0,21.62482063057209
3008822.0,0.4485175849207384
3008823.0,35.15191925612524
3008824.0,30.644759925289193
3008825.0,0.15112208354713386
3008826.0,406.0063693050556
3008827.0,1.7010646533287077
3008828.0,3.4105481812121394
3008829.0,11.13954203588572
3008830.0,19.907396847726442
3008831.0,1.6354215376918277
3008832.0,471.6692591965318
3008833.0,404.7106691125955
3008834.0,4.5580976251251
3008835.0,10.516799115680286
3008836.0,162.34549389580457
3008837.0,83.32326866835355
3008838.0,1492.2052159667662
3008839.0,2.176784453204352
3008840.0,6.381663968862226
3008841.0,1.8512942135419173
3008842.0,0.0396726602376603
3008843.0,0.8913360022115233
3008844.0,1087.6535721798023
3008845.0,0.02459777426599844
3008846.0,176.20093085685784
3008847.0,3.4224314021306483
3008848.0,740.4089865896419
3008849.0,219.52009222590405
3008850.0,112.86794223854776
3008851.0,149.39440329447723
3008852.0,24.15991002389848
3008853.0,1765.9663903435137
3008854.0,3.7656677114565316
3008855.0,0.24368468347740826
3008856.0,14.873236983591529
3008857.0,4.553700899698309
3008858.0,0.09644717262107196
3008859.0,111.16340739134921
3008860.0,0.05706130831406648
3008861.0,2.8261855265493283
3008862.0,0.9517359229122555
3008863.0,27.460096511847937
3008864.0,0.30810028509539017
3008865.0,79.29971482786141
3008866.0,104.88912731837058
3008867.0,0.6015284077076969
3008868.0,1.115157989815699
3008869.0,55.54276815506691
3008870.0,13.322960921812948
3008871.0,222.69789604989398
3008872.0,2.736699593300957
3008873.0,1.6143148291801113
3008874.0,10.874105524597677
3008875.0,0.1683900158935783
3008876.0,1.9796593124522486
3008877.0,2635.290219174706
3008878.0,0.027478987182689298
3008879.0,324.5971341168997
3008880.0,8.795122850461393
3008881.0,1247.2711069252232
3008882.0,556.4307288877084
3008883.0,202.7425787933833
3008884.0,155.50740603064617
3008885.0,51.21133743724981
3008886.0,3667.065516176287
3008887.0,5.6569747854088615
3008888.0,0.6729026507643154
3008889.0,31.426643209243846
3008890.0,21.13311796561007
3008891.0,0.1760547351829414
3008892.0,270.22104477341094
3008893.0,0.06141207497707362
3008894.0,3.463705705972724
3008895.0,17.19952811430923
3008896.0,32.94976787336386
3008897.0,1.610926675433828
3008898.0,329.7884511939742
3008899.0,283.52616587795694
3008900.0,1.880727825966674
3008901.0,6.6632959265986855
3008902.0,218.68788196015856
3008903.0,28.67312610246306
3008904.0,1345.6080820597317
3008905.0,3.1940500631854345
3008906.0,0.9145556339200382
3008907.0,3.4231490827625484
3008908.0,0.3687125226711132
3008909.0,2.0692544965274267
3008910.0,2654.464968149101
3008911.0,0.045806280249245594
3008912.0,693.1580140033943
3008913.0,7.452518204785294
3008914.0,874.9001907795762
3008915.0,675.5269592311491
3008916.0,252.8704176033673
3008917.0,119.89107123861126
3008918.0,61.49659907660198
3008919.0,4073.749414583358
3008920.0,9.016208116999739
3008921.0,3.898575353364624
3008922.0,33.90514006948578
3008923.0,42.093390564208846
3008924.0,0.19713474873609282
3008925.0,216.07907496965498
3008926.0,2.331052182352537
3008927.0,6.005656577237801
3008928.0,3.6317842595209515
3008929.0,27.398248898685566
3008930.0,2.486569225267749
3008931.0,161.04418613844882
3008932.0,247.39761136255606
3008933.0,3.6864446812087985
3008934.0,7.854722714707577
3008935.0,131.7069057177988
3008936.0,34.998648117235774
3008937.0,634.8938870142288
3008938.0,2.8850856758535803
3008939.0,3.767783884654793
3008940.0,5.199747176853596
3008941.0,0.09502325863558116
3008942.0,0.7332871413507315
3008943.0,1577.5011964934374
3008944.0,0.02459777426599844
3008945.0,152.09972216140204
3008946.0,4.013345088027922
3008947.0,634.6976737087517
3008948.0,241.57847864020803
3008949.0,109.33825626332512
3008950.0,184.62955019399072
3008951.0,45.891717125507654
3008952.0,2475.2700301313334
3008953.0,11.816820291028408
3008954.0,0.37020799694019213
3008955.0,15.493217004327969
3008956.0,13.487115252165236
3008957.0,0.15656732270734142
3008958.0,142.67139345717987
3008959.0,0.05706130831406648
3008960.0,3.127384009062756
3008961.0,0.9576480250608044
3008962.0,34.77455711611198
3008963.0,0.43638620713557785
3008964.0,219.16778845243132
3008965.0,123.03252339897512
3008966.0,0.8204386646076025
3008967.0,1.273532850476397
3008968.0,62.303413166411886
3008969.0,25.094348625777876
3008970.0,437.40984388700286
3008971.0,1.7132746341856724
3008972.0,0.5487145483997745
3008973.0,4.861555388698269
3008974.0,0.09789408273292102
3008975.0,1.310983011249271
3008976.0,3457.323011277561
3008977.0,0.027269087328331245
3008978.0,608.607403989557
3008979.0,7.408746602790103
3008980.0,1022.4686010101211
3008981.0,797.9353165313007
3008982.0,262.034005267568
3008983.0,144.81206400444654
3008984.0,91.01855228318118
3008985.0,4269.144096894792
3008986.0,10.378896218081069
3008987.0,0.46910265288758046
3008988.0,17.274347106882853
3008989.0,12.476088076384357
3008990.0,0.21288464971861812
3008991.0,258.1342534950278
3008992.0,0.06526842068680747
3008993.0,23.608593979316396
3008994.0,2.839078807605503
3008995.0,44.629103440010375
3008996.0,0.8666599899264577
3008997.0,213.3391519692025
3008998.0,256.5426406658486
3008999.0,2.041750241056638
3009000.0,5.463621034844087
3009001.0,128.65079247512148
3009002.0,52.072482367594375
3009003.0,1219.0856154413418
3009004.0,1.584426660328328
3009005.0,0.9953144688585115
3009006.0,4.116857745586602
3009007.0,0.19235023949362268
3009008.0,7.78527006484876
3009009.0,2580.8619395358273
3009010.0,0.12832562519273555
3009011.0,466.20952483385315
3009012.0,8.556999740368948
3009013.0,852.3336830420935
3009014.0,777.6706358086283
3009015.0,150.70634950930514
3009016.0,124.57274278431083
3009017.0,88.48701387725127
3009018.0,3114.4465499790695
3009019.0,52.996685588094536
3009020.0,1.736267877393088
3009021.0,16.4773900784502
3009022.0,19.689024877038165
3009023.0,0.31943746692780683
3009024.0,243.76615824653305
3009025.0,23.956869105532355
3009026.0,21.969331669121413
3009027.0,2.499337413702084
3009028.0,95.02749277423267
3009029.0,8.055134835546056
3009030.0,191.23072710790075
3009031.0,268.5485956893138
3009032.0,11.008767216950654
3009033.0,12.726448056414904
3009034.0,233.00578809246394
3009035.0,59.615351700504775
3009036.0,2131.176632036072
3009037.0,6.055202610292341
3009038.0,11.219879108513544
3009039.0,8.827586131357695
3009040.0,0.06211966936583342
3009041.0,10.796117570236682
3009042.0,3085.6030996803956
3009043.0,0.12677731428335992
3009044.0,577.9926448459521
3009045.0,17.948140391187046
3009046.0,1464.1812251811298
3009047.0,878.5574094257975
3009048.0,178.48422266203895
3009049.0,129.48429749609386
3009050.0,111.42872364349297
3009051.0,4611.994916963169
3009052.0,29.501775729954502
3009053.0,1.790967572662542
3009054.0,40.09260841223788
3009055.0,49.620170276616186
3009056.0,0.147000359974307
3009057.0,463.5851817964334
3009058.0,36.5064331042488
3009059.0,21.023149368804418
3009060.0,10.42663342168526
3009061.0,79.4004610681549
3009062.0,14.257950623588306
3009063.0,145.76242714916916
3009064.0,543.2222110980385
3009065.0,9.429707511165567
3009066.0,12.799140145065483
3009067.0,147.76793229524174
3009068.0,98.21987727972268
3009069.0,2206.7597469252046
3009070.0,2.350829375419485
3009071.0,18.36458184209352
3009072.0,11.750483197583733
3009073.0,0.23169714362815497
3009074.0,4.812120965454677
3009075.0,4505.798741213301
3009076.0,0.053457519306467194
3009077.0,885.2091291273518
3009078.0,9.27582151163513
3009079.0,2314.274521924863
3009080.0,772.200207478532
3009081.0,239.5646564631686
3009082.0,402.32496387654624
3009083.0,74.60319145886146
3009084.0,5760.841999177346
3009085.0,40.13150894502034
3009086.0,1.733538033975376
3009087.0,29.330155331811486
3009088.0,20.926472467525706
3009089.0,0.15126335106168848
3009090.0,391.58704835999515
3009091.0,6.976594387359929
3009092.0,14.987151774995663
3009093.0,9.234883142075944
3009094.0,58.371544611781495
3009095.0,3.4009086102438344
3009096.0,172.86242275044842
3009097.0,450.3574519021889
3009098.0,9.754413732856662
3009099.0,13.45779360120417
3009100.0,291.6434064189327
3009101.0,63.992045128667336
3009102.0,2040.043011953975
3009103.0,13.988552854492921
3009104.0,20.52042097390253
3009105.0,4.74994240344182
3009106.0,0.7150556830785691
3009107.0,5.801063222823117
3009108.0,3596.902828500539
3009109.0,0.1365473492532486
3009110.0,500.3601937864547
3009111.0,9.1399229841682
3009112.0,1050.321547848545
3009113.0,981.5260467123005
3009114.0,253.5181286485899
3009115.0,198.4832344694089
3009116.0,121.44321935078271
3009117.0,4286.5775803196775
3009118.0,29.399827081862725
3009119.0,1.559310563597441
3009120.0,16.078164901053725
3009121.0,16.950829648769755
3009122.0,0.20449309391443277
3009123.0,350.53022780098775
3009124.0,27.482089959923563
3009125.0,23.376483177339345
3009126.0,1.9214081309831508
3009127.0,88.32581559103824
3009128.0,7.370565949113524
3009129.0,414.83968444403195
3009130.0,334.94804123197184
3009131.0,9.672952089658203
3009132.0,12.671734551591285
3009133.0,472.3122394805583
3009134.0,51.3970253360181
3009135.0,2901.5125621836683
3009136.0,3.6125666386800073
3009137.0,35.075948992636526
3009138.0,4.444464449974841
3009139.0,0.22195495258946216
3009140.0,3.7182306360359076
3009141.0,4545.370392268833
3009142.0,0.03195511753954189
3009143.0,499.97831856482424
3009144.0,7.135379134601605
3009145.0,2562.6755935640185
3009146.0,741.1908080677902
3009147.0,291.610255257863
3009148.0,160.57456433221523
3009149.0,55.4660165273647
3009150.0,5708.6504350188425
3009151.0,13.623078722518159
3009152.0,1.8857827179150632
3009153.0,29.64133464357446
3009154.0,27.547659633406006
3009155.0,0.22611095371779033
3009156.0,439.238472414435
3009157.0,0.08716636436021385
3009158.0,2.228856410183251
3009159.0,8.334826732119124
3009160.0,30.00636216530671
3009161.0,2.0076187488091053
3009162.0,141.0269637740668
3009163.0,353.06025676562865
3009164.0,3.7645691751588326
3009165.0,10.065761652735238
3009166.0,201.20357678530985
3009167.0,64.05369526220434
3009168.0,1102.9026059889534
3009169.0,4.465310640257307
3009170.0,4.484669805971546
3009171.0,10.564103233780552
3009172.0,0.1352107691209713
3009173.0,11.396911052925645
3009174.0,4369.923562851604
3009175.0,0.12799927686602786
3009176.0,687.9977877288484
3009177.0,12.743471030624882
3009178.0,1662.4399107104787
3009179.0,999.2080916844136
3009180.0,347.0270753747411
3009181.0,198.13880031175108
3009182.0,154.2558495629471
3009183.0,5289.4811462124335
3009184.0,62.46562714763545
3009185.0,1.4234249952221836
3009186.0,31.84412925459032
3009187.0,40.006935880594234
3009188.0,0.1665237290807547
3009189.0,391.340158600205
3009190.0,32.18547131267991
3009191.0,24.572751855673946
3009192.0,11.42174021148556
3009193.0,77.12278344010312
3009194.0,15.71685318383553
3009195.0,274.10765398397604
3009196.0,585.5756597365303
3009197.0,18.660696562352477
3009198.0,12.452947290551826
3009199.0,259.77499985003
3009200.0,62.24157761322013
3009201.0,2589.6659371624523
3009202.0,1.618601537402251
3009203.0,8.789242258340995
3009204.0,3.8964599885813755
3009205.0,0.1772074458051619
3009206.0,7.249979370092955
3009207.0,3492.5830588252234
3009208.0,0.11784792040890958
3009209.0,630.6542957930844
3009210.0,9.36815603626553
3009211.0,927.8991733203936
3009212.0,963.6744271849562
3009213.0,200.6179031785909
3009214.0,169.93502293606417
3009215.0,104.30653127948364
3009216.0,3907.960649747531
3009217.0,40.18310281240741
3009218.0,1.0223663487102224
3009219.0,25.33738086227966
3009220.0,20.17474424909214
3009221.0,0.1302799985216404
3009222.0,288.1133649379912
3009223.0,24.573878942944887
3009224.0,39.715888756211385
3009225.0,7.832603708573609
3009226.0,74.0783330700161
3009227.0,12.067796917981166
3009228.0,246.45431242194923
3009229.0,296.12027285015506
3009230.0,10.559481557538174
3009231.0,11.6276145620891
3009232.0,274.4094183230886
3009233.0,64.66515218414534
3009234.0,2736.2483084988935
3009235.0,6.941417854815628
3009236.0,20.495165210749597
3009237.0,6.098234754145507
3009238.0,0.1830958076382467
3009239.0,3.678131779315284
3009240.0,5915.44635163053
3009241.0,0.025611751311657417
3009242.0,729.4405764267353
3009243.0,18.1053666426104
3009244.0,1423.2501807443753
3009245.0,820.4703778183725
3009246.0,334.5268325498419
3009247.0,209.41702329072228
3009248.0,67.63412330504585
3009249.0,5548.004829786008
3009250.0,12.420744363184234
3009251.0,0.30356168341769385
3009252.0,17.096317567983057
3009253.0,22.49257220003775
3009254.0,0.11677951860636768
3009255.0,303.2442025742969
3009256.0,0.05695741582792904
3009257.0,9.487830117977065
3009258.0,1.3444321397752264
3009259.0,66.15610399194095
3009260.0,2.15505049220617
3009261.0,212.00676209029228
3009262.0,352.24200169589824
3009263.0,4.455143770837337
3009264.0,2.0777534849863875
3009265.0,274.8291852744469
3009266.0,132.7598175562053
3009267.0,1323.6469478108552
3009268.0,2.2911170877049853
3009269.0,0.9038538722307395
3009270.0,20.114302241988025
3009271.0,0.056206351366170346
3009272.0,23.39238191819411
3009273.0,10343.691054007717
3009274.0,0.13494453347007823
3009275.0,2195.382943482081
3009276.0,24.72153802451689
3009277.0,3407.6234135491322
3009278.0,3407.1275142754
3009279.0,842.7138322451057
3009280.0,829.7229525206766
3009281.0,551.4463792502359
3009282.0,10419.234511038967
3009283.0,112.40132506425749
3009284.0,5.347886719013962
3009285.0,145.8362419804687
3009286.0,144.00895791436983
3009287.0,0.758590631404172
3009288.0,1151.2489511194108
3009289.0,54.97751746079628
3009290.0,27.1063533030827
3009291.0,22.172056413637208
3009292.0,376.35904438793045
3009293.0,31.420007053285254
3009294.0,1027.3903503153176
3009295.0,963.0235093153108
3009296.0,59.948204774505015
3009297.0,53.27402667661363
3009298.0,1434.7867090844738
3009299.0,326.3435301012342
3009300.0,9776.96568855605
3009301.0,187.711966904779
3009302.0,120.8859241842529
3009303.0,22.448444152611117
3009304.0,0.05466053284359783
3009305.0,19.100416244205633
3009306.0,10343.691054007717
3009307.0,0.13868285483400417
3009308.0,1616.5708570538052
3009309.0,25.452409853565005
3009310.0,3588.837604343649
3009311.0,2963.295429139648
3009312.0,962.9756780078446
3009313.0,513.8023647550903
3009314.0,406.96705252043046
3009315.0,10402.750807399252
3009316.0,178.42489651119905
3009317.0,1.9949518590931108
3009318.0,89.69655726886467
3009319.0,104.10003436139417
3009320.0,1.2380665879198147
3009321.0,1016.0067181613117
3009322.0,40.891981722309865
3009323.0,45.26792503946285
3009324.0,14.24187627718347
3009325.0,233.9434419143641
3009326.0,26.48817916469462
3009327.0,1348.048207840664
3009328.0,1097.8688123800507
3009329.0,33.93306354340192
3009330.0,44.117424415566305
3009331.0,1530.8397375552422
3009332.0,308.8143585011211
3009333.0,9137.454147874443
3009334.0,424.8590627657506
3009335.0,130.13863014601213
3009336.0,16.24724228180547
3009337.0,0.056206351366170346
3009338.0,28.245895783948207
3009339.0,9705.55387303915
3009340.0,0.2203280859402403
3009341.0,1318.5062425883016
3009342.0,16.09693055144193
3009343.0,3722.932647993784
3009344.0,2280.0859815075805
3009345.0,1175.9602400115814
3009346.0,244.2172118067813
3009347.0,324.36827208174446
3009348.0,10386.367018336752
3009349.0,66.39194716568757
3009350.0,2.6556186082557685
3009351.0,51.08322628410207
3009352.0,42.91390829022342
3009353.0,0.487293893509702
3009354.0,1025.5980329155336
3009355.0,50.11217629700168
3009356.0,34.28132106626302
3009357.0,11.45597327828999
3009358.0,123.82040755713805
3009359.0,11.516461039179262
3009360.0,1153.8958134771647
3009361.0,1100.259987268198
3009362.0,34.92870743767679
3009363.0,69.49539760084043
3009364.0,1115.1584108704228
3009365.0,154.4624313360111
3009366.0,3924.7672522078656
3009367.0,362.4201853529747
3009368.0,67.9922120718539
3009369.0,18.95532776680255
3009370.0,0.056206351366170346
3009371.0,25.870236913557015
3009372.0,10342.960096976467
3009373.0,0.15485212719719005
3009374.0,1501.2264082940792
3009375.0,19.81906053966698
3009376.0,3332.0811334433056
3009377.0,2831.5178469155385
3009378.0,969.8628322574932
3009379.0,486.17046997154245
3009380.0,357.5968801557217
3009381.0,10402.014479274252
3009382.0,68.08154806264162
3009383.0,2.192065466348963
3009384.0,80.29471335505488
3009385.0,120.19585704775719
3009386.0,0.41544586292361685
3009387.0,978.8091240519572
3009388.0,46.15379318585411
3009389.0,35.724539485725
3009390.0,10.454897169813668
3009391.0,215.98808029029027
3009392.0,16.413267823607406
3009393.0,1071.3192761468085
3009394.0,1085.6818223170453
3009395.0,35.71049621586103
3009396.0,46.449470561182395
3009397.0,1430.9856139384601
3009398.0,265.5767260324633
3009399.0,7165.952052689876
3009400.0,143.8107514858624
3009401.0,92.12940357092683
3009402.0,18.093525701543378
3009403.0,0.05352189243101378
3009404.0,30.28906060588231
3009405.0,8023.585716239395
3009406.0,0.13205480633664055
3009407.0,1169.9913317446599
3009408.0,20.49397322927046
3009409.0,3482.5031876054873
3009410.0,1844.8920634518581
3009411.0,1001.09310248259
3009412.0,210.07858670777375
3009413.0,259.3415616791701
3009414.0,10262.487577761367
3009415.0,70.6866347839442
3009416.0,0.7719284259801771
3009417.0,47.20283640424996
3009418.0,82.61657762102865
3009419.0,0.29719541937618826
3009420.0,990.1337932198213
3009421.0,41.805075037121085
3009422.0,19.19876934621351
3009423.0,7.061872150590159
3009424.0,110.26014849877062
3009425.0,8.50142323011271
3009426.0,1121.8113932447854
3009427.0,1177.1550086052162
3009428.0,26.34553614444848
3009429.0,46.727767955166954
3009430.0,1223.0135736009681
3009431.0,139.85157475677414
3009432.0,3185.4561656127235
3009433.0,122.10023263123838
3009434.0,38.03544596008811
3009435.0,12.44073920657452
3009436.0,0.05466053284359783
3009437.0,14.771470128104141
3009438.0,9591.715048787031
3009439.0,0.13141119993011546
3009440.0,1294.549999803289
3009441.0,22.55294145441787
3009442.0,2264.45343748072
3009443.0,2540.337443260996
3009444.0,633.4323262801911
3009445.0,582.8990466307421
3009446.0,377.6465728222577
3009447.0,9650.940634724531
3009448.0,79.115633793509
3009449.0,2.222006129902852
3009450.0,57.64454083329848
3009451.0,57.816122088376545
3009452.0,0.44822372601852273
3009453.0,734.9398463302064
3009454.0,29.486237900072805
3009455.0,23.94714017299968
3009456.0,16.166415679292594
3009457.0,248.15227317010311
3009458.0,22.23693130182931
3009459.0,880.083823248287
3009460.0,741.1094431164609
3009461.0,27.586190969208737
3009462.0,43.3134896030074
3009463.0,1175.8295776589653
3009464.0,240.09856203515298
3009465.0,8837.91018958452
3009466.0,176.72815339548245
3009467.0,77.24972304993926
3009468.0,6.940156557197914
3009469.0,0.21466849754391193
3009470.0,8.658425914980537
3009471.0,2631.8900839648986
3009472.0,0.13051874834921534
3009473.0,401.91113417099325
3009474.0,19.96232459244427
3009475.0,1101.6487732182495
3009476.0,705.8845026170513
3009477.0,263.10305311009097
3009478.0,111.1686999150002
3009479.0,86.41951071952485
3009480.0,3470.018553387479
3009481.0,70.18226613270576
3009482.0,0.9399899616163714
3009483.0,30.507458500694717
3009484.0,25.371376051565626
3009485.0,0.2916730468578396
3009486.0,306.7026827466534
3009487.0,19.907134872356544
3009488.0,10.187868584284505
3009489.0,12.985948312677564
3009490.0,56.26546912654072
3009491.0,7.276720864987281
3009492.0,272.9535298234734
3009493.0,324.87637248791424
3009494.0,3.885539784933921
3009495.0,9.226513626327138
3009496.0,281.05546311350975
3009497.0,51.966497668687005
3009498.0,1721.6689088036032
3009499.0,1.7372488959674246
3009500.0,9.86538679501098
3009501.0,12.814609722486665
3009502.0,0.05573207907033771
3009503.0,17.962873672701658
3009504.0,6618.485501097544
3009505.0,0.14826754993478847
3009506.0,726.954895358896
3009507.0,31.001895042067897
3009508.0,2581.5128541730473
3009509.0,1489.4162964607362
3009510.0,685.7687327712432
3009511.0,155.46348622810586
3009512.0,165.71708373252565
3009513.0,9149.008188214031
3009514.0,136.65104399422597
3009515.0,1.3571460492097867
3009516.0,59.4507951571463
3009517.0,51.25070114479316
3009518.0,0.3065148748017882
3009519.0,716.1724559747175
3009520.0,30.918476886859317
3009521.0,11.474452041726
3009522.0,3.2094785125717498
3009523.0,113.93680957249836
3009524.0,12.458218182889865
3009525.0,564.4455657336289
3009526.0,761.2548363331866
3009527.0,18.81172433944611
3009528.0,35.566531937405216
3009529.0,550.1500873596692
3009530.0,84.72510614396734
3009531.0,2688.2815320488708
3009532.0,146.85138184048392
3009533.0,25.579885966832183
3009534.0,11.1861733798312
3009535.0,0.05624264500690311
3009536.0,8.926324971147178
3009537.0,5865.992500517391
3009538.0,0.13581178850214076
3009539.0,1091.1127385093255
3009540.0,9.863549179851152
3009541.0,1746.3430918248105
3009542.0,1927.249088913748
3009543.0,299.3532684376218
3009544.0,406.46985540397543
3009545.0,271.37355158900584
3009546.0,6464.70079666914
3009547.0,53.04280731752013
3009548.0,1.896012226578898
3009549.0,37.799240977802384
3009550.0,45.612542952692856
3009551.0,0.7332823806653294
3009552.0,480.51819350544963
3009553.0,3.09918322664674
3009554.0,48.3077784765846
3009555.0,7.5156564775847565
3009556.0,159.4622914651257
3009557.0,14.081118024534884
3009558.0,664.5562979846502
3009559.0,386.4596208057984
3009560.0,26.326679606653332
3009561.0,13.771222152499703
3009562.0,790.2116029669096
3009563.0,153.41481512346832
3009564.0,5542.875783049525
3009565.0,5.958663545626898
3009566.0,56.94736665828093
3009567.0,18.393959251174877
3009568.0,0.024420294509468067
3009569.0,10.454204789493627
3009570.0,6011.680254388044
3009571.0,0.025679199904402185
3009572.0,1044.610307668178
3009573.0,12.661181552048902
3009574.0,2000.5306814352384
3009575.0,1511.2024506101131
3009576.0,471.22505611368734
3009577.0,269.6574931317798
3009578.0,291.59383876405775
3009579.0,7429.885227133462
3009580.0,67.17065327535886
3009581.0,3.317676456203253
3009582.0,49.52790169017585
3009583.0,60.65463710948811
3009584.0,0.22782805032623873
3009585.0,537.6007800621461
3009586.0,11.827890345286466
3009587.0,61.36958058810771
3009588.0,7.5889566532401185
3009589.0,180.02866513853508
3009590.0,12.183833862759382
3009591.0,542.3380999938385
3009592.0,492.78196342836554
3009593.0,18.38801549112454
3009594.0,31.976106852794697
3009595.0,584.9962992526571
3009596.0,136.06550983137566
3009597.0,4537.102692793725
3009598.0,4.186161968354387
3009599.0,10.52193155567355
3009600.0,11.351926589126327
3009601.0,0.15311290716947334
3009602.0,4.301801005510399
3009603.0,3238.055710028242
3009604.0,0.1370417887731516
3009605.0,677.2105284985312
3009606.0,9.448941443886607
3009607.0,1342.3274275292301
3009608.0,761.7900369613719
3009609.0,330.1911969766336
3009610.0,134.95388096359795
3009611.0,123.12840474676918
3009612.0,4161.289095177139
3009613.0,21.000151178480245
3009614.0,1.4962306185990986
3009615.0,33.173454410117586
3009616.0,28.01999611733448
3009617.0,0.2191937570740113
3009618.0,343.8044277635802
3009619.0,4.954639946867983
3009620.0,15.171439616233007
3009621.0,7.987440364911202
3009622.0,91.62266744542637
3009623.0,3.4654402336342773
3009624.0,334.4736123652523
3009625.0,333.5750788298636
3009626.0,7.340865512422386
3009627.0,7.8884115963030315
3009628.0,278.59214708872395
3009629.0,74.98720013713523
3009630.0,2664.2237456254343
3009631.0,1.6529474943731601
3009632.0,3.4029812967530533
3009633.0,7.360477416605253
3009634.0,0.024420294509468067
3009635.0,2.409675629064404
3009636.0,4670.578304380888
3009637.0,0.024420294509468067
3009638.0,382.07404159239104
3009639.0,4.61122784397879
3009640.0,1529.123268987024
3009641.0,344.78007915303834
3009642.0,296.3047873470543
3009643.0,73.44334023064101
3009644.0,46.60086528436081
3009645.0,4124.560831294581
3009646.0,9.780662272567497
3009647.0,0.6768425665128486
3009648.0,30.006204055450866
3009649.0,16.232179094020903
3009650.0,0.09948842511493029
3009651.0,352.3777018715514
3009652.0,0.05683809823260839
3009653.0,3.0569432422083453
3009654.0,4.422322420591785
3009655.0,28.58499183297552
3009656.0,0.9754588072871097
3009657.0,64.97139630380798
3009658.0,287.5767399115431
3009659.0,0.24046844684877175
3009660.0,3.023558543410188
3009661.0,73.62698310511001
3009662.0,98.24251448078095
3009663.0,730.4895166208296
3009664.0,2.799770261718077
3009665.0,2.6649618363732728
3009666.0,8.864622938632223
3009667.0,0.18036958902339845
3009668.0,10.558280654128769
3009669.0,4984.960864811895
3009670.0,0.13548327198639393
3009671.0,667.4056441582541
3009672.0,12.009034923200609
3009673.0,1606.1465447776623
3009674.0,1297.1290275394772
3009675.0,467.60185589094414
3009676.0,249.47388302732307
3009677.0,172.7678560528583
3009678.0,5849.078651686212
3009679.0,37.59843536070957
3009680.0,1.0004676265908516
3009681.0,38.00659125776123
3009682.0,53.32180166156534
3009683.0,0.14326492185853462
3009684.0,502.69307009261615
3009685.0,38.39174783590069
3009686.0,17.954367784134977
3009687.0,14.263601693262675
3009688.0,107.41380662838188
3009689.0,10.805856357230105
3009690.0,563.5719305664804
3009691.0,467.35260300096525
3009692.0,14.170929918629781
3009693.0,19.122811249676207
3009694.0,702.7605382584152
3009695.0,120.91167326358456
3009696.0,3155.8437743768527
3009697.0,4.936845798605187
3009698.0,47.57029673752646
3009699.0,6.430740004006019
3009700.0,0.1316943077682502
3009701.0,5.954421257747421
3009702.0,3905.668043669394
3009703.0,0.2509277011719192
3009704.0,648.0958411458903
3009705.0,14.97964213686502
3009706.0,919.5298333119554
3009707.0,1144.109061103625
3009708.0,182.72764398177884
3009709.0,254.50919622843833
3009710.0,218.21233576904513
3009711.0,3582.3914209842796
3009712.0,35.00367967096861
3009713.0,2.952049304709373
3009714.0,26.133090221885087
3009715.0,25.750434340254415
3009716.0,0.6762965382205544
3009717.0,243.22221551365288
3009718.0,18.206675443423464
3009719.0,34.27432846289142
3009720.0,11.0146754109259
3009721.0,188.6942491503031
3009722.0,13.43721741607712
3009723.0,415.6963639269957
3009724.0,246.35023093586176
3009725.0,8.93886453653871
3009726.0,14.088484169048968
3009727.0,570.8327724739138
3009728.0,126.88219104880807
3009729.0,4294.445679248978
3009730.0,2.0627462277647073
3009731.0,37.59322382749891
3009732.0,6.111223377779643
3009733.0,0.38369927538283183
3009734.0,15.316563729503889
3009735.0,6023.632676735229
3009736.0,0.13849808788578105
3009737.0,933.3304801465794
3009738.0,21.839742601736344
3009739.0,1488.1501694119356
3009740.0,1653.0288366590808
3009741.0,369.66657476225237
3009742.0,409.30709222105816
3009743.0,189.82759519732872
3009744.0,5795.720599129196
3009745.0,39.23975830751924
3009746.0,4.440277090580402
3009747.0,41.454962845948025
3009748.0,51.14418304548734
3009749.0,0.24834379382053232
3009750.0,474.1207517610187
3009751.0,43.8191043209104
3009752.0,34.8827834793736
3009753.0,26.953013225452
3009754.0,127.08711041143377
3009755.0,21.004551222086413
3009756.0,485.9717771331602
3009757.0,445.01006011356765
3009758.0,29.192981382619145
3009759.0,23.758093167992456
3009760.0,715.7538945723016
3009761.0,170.85926491404174
3009762.0,5581.2908189407935
3009763.0,2.105205816608067
3009764.0,45.972443439370835
3009765.0,15.100589133909455
3009766.0,0.2245479916377971
3009767.0,9.962981418592387
3009768.0,4253.721062674435
3009769.0,0.05042982682240814
3009770.0,705.636997795205
3009771.0,17.545860944575885
3009772.0,1911.6562350153017
3009773.0,1039.698128934399
3009774.0,662.3867688535461
3009775.0,243.49272006748186
3009776.0,126.12600390354203
3009777.0,7841.58194655535
3009778.0,19.849797802040854
3009779.0,1.4329878187752354
3009780.0,55.69460440674022
3009781.0,57.900803496482055
3009782.0,0.14875388216132204
3009783.0,509.8828684232835
3009784.0,16.20620204547967
3009785.0,6.594674121264228
3009786.0,10.848403591170632
3009787.0,64.95907383947896
3009788.0,3.617666963770542
3009789.0,417.58036581603363
3009790.0,539.9728196730471
3009791.0,9.436774615853992
3009792.0,11.77722077634018
3009793.0,547.5354283441029
3009794.0,115.90852407709102
3009795.0,1868.0624815435392
3009796.0,49.820934989786494
3009797.0,18.25555125360013
3009798.0,3.6749560171141185
3009799.0,0.045011283501572616
3009800.0,3.9555998799215226
3009801.0,2191.4333726112177
3009802.0,0.14742540231047543
3009803.0,346.8213929649903
3009804.0,10.981561250457375
3009805.0,637.0859181826528
3009806.0,700.8490494583044
3009807.0,148.36361580454428
3009808.0,139.41488643889113
3009809.0,117.25025003343336
3009810.0,2556.549369791353
3009811.0,16.81193020302299
3009812.0,1.2160618541912853
3009813.0,17.59255508640966
3009814.0,25.530596145321383
3009815.0,0.3442315118928396
3009816.0,208.8847195227454
3009817.0,11.326811936896
3009818.0,16.122896333222386
3009819.0,4.389666824835359
3009820.0,62.935019232693335
3009821.0,5.345520364215377
3009822.0,265.79282560884576
3009823.0,167.44873358111397
3009824.0,4.062161905669564
3009825.0,7.812240890720504
3009826.0,319.91827314741516
3009827.0,60.70422586251787
3009828.0,2421.5613892046404
3009829.0,2.918785018812208
3009830.0,21.080408064995652
3009831.0,1.279217133078333
3009832.0,0.0382988064334388
3009833.0,1.6033521200714893
3009834.0,1271.261221445216
3009835.0,0.023085268910236288
3009836.0,109.22576272302037
3009837.0,2.9800779631311873
3009838.0,942.3480248831322
3009839.0,291.5651032320985
3009840.0,236.95835686265315
3009841.0,56.62680469018159
3009842.0,29.64316730789779
3009843.0,2420.659526245667
3009844.0,4.928595374494017
3009845.0,0.3034359547428438
3009846.0,7.82826934575871
3009847.0,6.089876791779167
3009848.0,0.08725184996732155
3009849.0,186.33362346458964
3009850.0,1.3881711067234632
3009851.0,2.8124539473614356
3009852.0,1.2745849658274853
3009853.0,6.504878062792034
3009854.0,0.4295450835754396
3009855.0,162.324932776188
3009856.0,179.03379045719367
3009857.0,0.621849374889992
3009858.0,3.1417689088124225
3009859.0,129.8255454916531
3009860.0,25.647512306171542
3009861.0,259.0706814360302
3009862.0,9.138722944842003
3009863.0,0.8615977173185673
3009864.0,5.573283906047401
3009865.0,0.17997870735190094
3009866.0,3.98918402233935
3009867.0,4038.9843414043826
3009868.0,0.040626191391159736
3009869.0,664.5851452287563
3009870.0,9.527189482589343
3009871.0,1798.9617227394929
3009872.0,627.3039830002833
3009873.0,528.6081710074209
3009874.0,344.8240254429918
3009875.0,69.69904861702172
3009876.0,6794.352778581844
3009877.0,25.684019696879137
3009878.0,0.7181690358898103
3009879.0,18.703653776770977
3009880.0,23.80139224895077
3009881.0,0.16694265875666944
3009882.0,475.1382123257672
3009883.0,9.14821571033735
3009884.0,1.9903586852259632
3009885.0,7.248362743750741
3009886.0,31.30452896076397
3009887.0,2.359812740152143
3009888.0,557.8196196015745
3009889.0,366.79307820407604
3009890.0,2.1904084871729053
3009891.0,12.125545540641074
3009892.0,316.11524266510725
3009893.0,83.13037717713104
3009894.0,1535.1629565630697
3009895.0,29.43395820343191
3009896.0,7.684338686007849
3009897.0,4.767403179116364
3009898.0,0.10386869025243928
3009899.0,2.135226904193054
3009900.0,1631.6447293025817
3009901.0,0.032912146931998155
3009902.0,186.88466797957705
3009903.0,7.033857786170909
3009904.0,1088.6665597756728
3009905.0,381.5984362609378
3009906.0,186.2514033595556
3009907.0,81.77400839391017
3009908.0,32.50522854096101
3009909.0,2876.6580623036043
3009910.0,7.0262357398718365
3009911.0,0.6297254075838904
3009912.0,13.050381482395673
3009913.0,15.906191506758631
3009914.0,0.2252275791870909
3009915.0,187.11476691788167
3009916.0,5.08959719480664
3009917.0,4.437045324894303
3009918.0,7.32891900116722
3009919.0,23.920051241673498
3009920.0,1.1425699726142042
3009921.0,118.77253533235
3009922.0,177.2153728301248
3009923.0,1.2304057261230508
3009924.0,5.2376926908071635
3009925.0,135.95199577358812
3009926.0,27.34028034662156
3009927.0,308.3050357699522
3009928.0,27.07690644753338
3009929.0,3.2598210370732152
3009930.0,3.9365333819138795
3009931.0,0.023085268910236288
3009932.0,3.4083369216902155
3009933.0,1661.3790423321243
3009934.0,0.023085268910236288
3009935.0,135.39936204504616
3009936.0,4.719178649875695
3009937.0,968.7688116401108
3009938.0,260.5809633008204
3009939.0,171.8626603519574
3009940.0,72.48363492174845
3009941.0,34.82734482032224
3009942.0,2731.366781192018
3009943.0,10.886402507437268
3009944.0,0.22178803904498795
3009945.0,15.016641768430645
3009946.0,8.608524469538814
3009947.0,0.09244706903704086
3009948.0,148.36063839463898
3009949.0,1.2896731828150931
3009950.0,3.0058519935822914
3009951.0,1.8839356370551157
3009952.0,28.85191186493732
3009953.0,0.44784692572475965
3009954.0,171.9762496288499
3009955.0,212.2382760502184
3009956.0,0.37221966730555883
3009957.0,4.679375132466541
3009958.0,72.34571450356867
3009959.0,22.99476886630112
3009960.0,177.26857461907542
3009961.0,18.209005874272272
3009962.0,1.7815186678398756
3009963.0,3.1324908725612097
3009964.0,0.02288514698285841
3009965.0,2.346140424922191
3009966.0,1491.1330983837947
3009967.0,0.02288514698285841
3009968.0,144.69065611812
3009969.0,4.908294247577816
3009970.0,1226.4512016562717
3009971.0,331.5996114184195
3009972.0,179.6986386967405
3009973.0,42.79536331582429
3009974.0,29.312793951911274
3009975.0,2665.229870575271
3009976.0,7.446793105452083
3009977.0,0.42910669502851273
3009978.0,8.693665367100289
3009979.0,19.676871457098713
3009980.0,0.12300778513849714
3009981.0,216.33027171750945
3009982.0,0.6723547186861797
3009983.0,4.072919563257576
3009984.0,3.1365523145980454
3009985.0,11.264667196584728
3009986.0,1.3485656921908213
3009987.0,111.09410508857385
3009988.0,229.71844918056252
3009989.0,0.8043893021196056
3009990.0,4.265394679858222
3009991.0,39.54071110290923
3009992.0,42.61200108518162
3009993.0,304.6447012847208
3009994.0,15.339980591958195
3009995.0,3.274662481420339
3009996.0,3.108392583056004
3009997.0,0.7663908267170233
3009998.0,3.98871676198309
3009999.0,1701.736263099145
3010000.0,0.0269722404977822
3010001.0,173.9669000461762
3010002.0,2.0892855709364886
3010003.0,981.9575753963912
3010004.0,365.15273274530205
3010005.0,258.54057932546135
3010006.0,123.23826885458064
3010007.0,54.616866682157145
3010008.0,2673.343263630124
3010009.0,6.082709372490523
3010010.0,0.9286266456509267
3010011.0,15.651000780692621
3010012.0,17.04434029090346
3010013.0,0.12523473042981384
3010014.0,220.78997506460544
3010015.0,7.394360759525681
3010016.0,3.2904859289485406
3010017.0,3.094993686669904
3010018.0,14.62922358448082
3010019.0,1.2844142837097443
3010020.0,139.48724058207628
3010021.0,194.6652873346659
3010022.0,0.6593229024435838
3010023.0,4.486898278886981
3010024.0,107.5315177019134
3010025.0,42.9706498709821
3010026.0,648.9789883734277
3010027.0,25.999575994337924
3010028.0,3.940290173155006
3010029.0,3.314266487403433
3010030.0,0.169510177390789
3010031.0,0.9930747028265623
3010032.0,1238.6695784839385
3010033.0,0.023085268910236288
3010034.0,165.78229568282512
3010035.0,3.5577826468391605
3010036.0,712.4426271149031
3010037.0,242.5819073306546
3010038.0,154.69966877892463
3010039.0,219.0168311768499
3010040.0,23.16520207561337
3010041.0,2059.1927007732625
3010042.0,3.1718516751965415
3010043.0,0.29788945398145605
3010044.0,11.246846238631676
3010045.0,11.309516752798515
3010046.0,0.19897511612326252
3010047.0,159.58893525964453
3010048.0,0.04898982537422485
3010049.0,3.0218669887259666
3010050.0,2.0839811840658626
3010051.0,19.73423462012824
3010052.0,0.8709413509854688
3010053.0,58.04321368792258
3010054.0,132.9738814318794
3010055.0,0.8555986910493741
3010056.0,2.8977699395551495
3010057.0,66.90232200489888
3010058.0,36.8906709376533
3010059.0,518.4422187088347
3010060.0,2.975907885390326
3010061.0,0.6019595110558094
3010062.0,6.227620534329828
3010063.0,0.4288459235856048
3010064.0,3.6567902643533143
3010065.0,3007.327132856094
3010066.0,0.026414710436905003
3010067.0,306.08956938757194
3010068.0,5.1471143176860545
3010069.0,1206.3262006215355
3010070.0,688.7881297360001
3010071.0,480.2255326790669
3010072.0,293.9372436868732
3010073.0,93.82535331299997
3010074.0,4512.750384241875
3010075.0,13.254154422665302
3010076.0,0.8834901601708547
3010077.0,21.677958715457805
3010078.0,23.881047330661403
3010079.0,0.1837917222050172
3010080.0,308.45830653036427
3010081.0,0.5034937034967837
3010082.0,3.1809423184426002
3010083.0,5.440185276971503
3010084.0,29.975702863698128
3010085.0,2.051904518503415
3010086.0,261.0571610398897
3010087.0,283.2407566360723
3010088.0,1.5786976924046257
3010089.0,6.09758525064148
3010090.0,384.8851284038599
3010091.0,53.87746038116379
3010092.0,1239.976492984702
3010093.0,29.892571632365424
3010094.0,11.754813946003548
3010095.0,3.2887497894520674
3010096.0,0.0913018311533427
3010097.0,4.075031005119334
3010098.0,1682.9721337078888
3010099.0,0.022828176838620217
3010100.0,478.92384422031625
3010101.0,4.979686793680283
3010102.0,521.4337702452353
3010103.0,526.4307313098566
3010104.0,179.34295817718413
3010105.0,194.96892396629062
3010106.0,28.16379101457955
3010107.0,2478.3607972240407
3010108.0,7.293926793348228
3010109.0,0.6140619241039275
3010110.0,10.288139094550768
3010111.0,9.870874525877724
3010112.0,0.15635073053845805
3010113.0,164.73329738142235
3010114.0,6.208320744371426
3010115.0,4.760582234406504
3010116.0,4.392164647584917
3010117.0,42.880814509793694
3010118.0,1.3873024803510619
3010119.0,41.081130615088156
3010120.0,152.582526596374
3010121.0,3.624709912324742
3010122.0,4.9633435290132555
3010123.0,121.79509361266255
3010124.0,22.89686622208229
3010125.0,767.4108926042402
3010126.0,43.62240688277586
3010127.0,7.68348804993028
3010128.0,5.453043024817799
3010129.0,0.4933957334256248
3010130.0,3.171791962639933
3010131.0,2365.593111414695
3010132.0,0.030902085930024553
3010133.0,175.58506820118362
3010134.0,4.689555945547793
3010135.0,971.7025468465172
3010136.0,391.435018520973
3010137.0,288.2716652759969
3010138.0,94.19383166374273
3010139.0,40.40414274299268
3010140.0,3579.049809834972
3010141.0,25.744844691334634
3010142.0,0.9944299871646476
3010143.0,12.64638916142685
3010144.0,12.969131993293427
3010145.0,0.18220518715757983
3010146.0,189.07478520275828
3010147.0,5.51172474755716
3010148.0,3.2410663466889895
3010149.0,3.924793338371324
3010150.0,24.457758247612492
3010151.0,1.4868188268285034
3010152.0,143.306992701948
3010153.0,188.1037207847681
3010154.0,1.1244002014658192
3010155.0,3.9505372130956826
3010156.0,102.07639666774949
3010157.0,26.006076316173342
3010158.0,507.8538410386184
3010159.0,22.790514710658318
3010160.0,3.3095804687910664
3010161.0,5.081058384483775
3010162.0,0.13119508918188022
3010163.0,6.747039065749412
3010164.0,2930.5918468665077
3010165.0,0.13870648450762224
3010166.0,617.8856286222715
3010167.0,9.502578261607752
3010168.0,863.7277304210668
3010169.0,787.4810164128216
3010170.0,215.23618782778846
3010171.0,161.8240909270729
3010172.0,83.91000161920482
3010173.0,3608.4881291733013
3010174.0,47.44497146753203
3010175.0,1.2514061617332861
3010176.0,15.019938054284056
3010177.0,21.05186474832289
3010178.0,0.18441938146341014
3010179.0,248.93665359825917
3010180.0,19.14891836167267
3010181.0,12.078559696633825
3010182.0,5.186730288809337
3010183.0,47.89120501332343
3010184.0,6.1703699226921005
3010185.0,356.1685599607284
3010186.0,264.04448804944155
3010187.0,6.68130602809657
3010188.0,7.032427092030825
3010189.0,432.5137850620605
3010190.0,116.79618821513031
3010191.0,2106.951113335961
3010192.0,4.109392891826806
3010193.0,32.09006536966307
3010194.0,5.02033268632065
3010195.0,0.10371218493762449
3010196.0,5.043632691609087
3010197.0,3004.636709077751
3010198.0,0.03206723378949293
3010199.0,465.75266417105496
3010200.0,5.970822970863928
3010201.0,1593.5911234319924
3010202.0,669.7824739026951
3010203.0,570.1819666523063
3010204.0,163.93268231178797
3010205.0,67.70296940292977
3010206.0,4800.575483105318
3010207.0,9.870294753300143
3010208.0,0.37796677487129104
3010209.0,20.95483025028043
3010210.0,13.576732507701024
3010211.0,0.10637414260202026
3010212.0,299.42533629536666
3010213.0,2.3430608296238224
3010214.0,5.431565351491768
3010215.0,2.7141881307261575
3010216.0,34.84726642334958
3010217.0,0.6581557435215459
3010218.0,275.63805361672473
3010219.0,326.8158053191505
3010220.0,3.7514501514307192
3010221.0,4.219811033194976
3010222.0,281.82832625515465
3010223.0,57.18478966657666
3010224.0,901.0781409076574
3010225.0,54.77875115290448
3010226.0,11.99388842677244
3010227.0,8.650315157003833
3010228.0,0.2723082680614184
3010229.0,3.6795982108906684
3010230.0,3315.3875026890955
3010231.0,0.033654808710870183
3010232.0,437.73943327827044
3010233.0,4.754218444126085
3010234.0,1559.0713602097803
3010235.0,593.597091209497
3010236.0,328.0078734886916
3010237.0,368.09029016750594
3010238.0,63.772712343431564
3010239.0,4009.7150210193668
3010240.0,13.970514621313079
3010241.0,0.5731054050057008
3010242.0,30.026929982685566
3010243.0,29.116937510698204
3010244.0,0.18518370303593762
3010245.0,329.8501871077633
3010246.0,2.976354933994525
3010247.0,2.600990335339259
3010248.0,8.179506276132756
3010249.0,57.73834715407256
3010250.0,0.9460262213199138
3010251.0,105.36012241122444
3010252.0,275.2967149302899
3010253.0,2.1470726426553925
3010254.0,4.045822440850275
3010255.0,156.56673668864937
3010256.0,138.34588971919408
3010257.0,1199.5651050061388
3010258.0,2.0153984685416404
3010259.0,5.713541511552979
3010260.0,3.8365225530765246
3010261.0,0.1684862701761445
3010262.0,1.4854993735541588
3010263.0,1611.7063625913486
3010264.0,0.026115542611832767
3010265.0,203.95291768702765
3010266.0,5.480407875385134
3010267.0,707.4440381271432
3010268.0,317.7448758892248
3010269.0,159.55052159404718
3010270.0,77.8607919971403
3010271.0,52.576924962671896
3010272.0,2532.0034506916245
3010273.0,6.482797621904156
3010274.0,0.4783383348470802
3010275.0,18.431108642185144
3010276.0,13.260326211255933
3010277.0,0.0947849606334541
3010278.0,153.08808848935638
3010279.0,0.6098796959849804
3010280.0,3.3653844400011206
3010281.0,2.8244038268533824
3010282.0,36.039046307055614
3010283.0,1.760303728962821
3010284.0,97.71813377175778
3010285.0,184.41352488436962
3010286.0,1.0163477240727692
3010287.0,4.979391222867064
3010288.0,141.56217275610095
3010289.0,23.101130685562886
3010290.0,707.6238431634949
3010291.0,23.846820071995268
3010292.0,1.2876929140434141
3010293.0,1.678981668407859
3010294.0,0.027120168548261537
3010295.0,3.767974762451525
3010296.0,1394.9877886669924
3010297.0,0.10875399423176572
3010298.0,263.4700841988386
3010299.0,9.473932196501096
3010300.0,529.7716599227026
3010301.0,483.74938162317966
3010302.0,124.55318118523994
3010303.0,45.92650656218772
3010304.0,48.049507872875196
3010305.0,2168.6279554315524
3010306.0,18.272202159195732
3010307.0,0.43355245804936954
3010308.0,13.097503800314861
3010309.0,13.816476112612534
3010310.0,0.12210737666022643
3010311.0,130.9048514825942
3010312.0,9.242174554240437
3010313.0,1.8993553340529292
3010314.0,3.631214750198509
3010315.0,40.64263754673594
3010316.0,3.925192028866003
3010317.0,396.7386810139722
3010318.0,133.78479922366944
3010319.0,3.0437312156270586
3010320.0,4.222368268578693
3010321.0,325.4555316828575
3010322.0,26.34130517014991
3010323.0,1117.0159357295415
3010324.0,2.875624755131135
3010325.0,5.8446272236099635
3010326.0,2.807723489057836
3010327.0,0.18746550163073988
3010328.0,6.806919485849541
3010329.0,3406.271335768336
3010330.0,0.123063531360491
3010331.0,679.3890764178511
3010332.0,14.988748669248833
3010333.0,999.118122301348
3010334.0,1204.1208759804117
3010335.0,250.7749308687635
3010336.0,220.37161660882725
3010337.0,143.57463797093982
3010338.0,3877.0876183975543
3010339.0,36.28260067953348
3010340.0,0.6850257460917526
3010341.0,20.146759674018643
3010342.0,35.321598596082815
3010343.0,0.13372035696663717
3010344.0,251.41640364532788
3010345.0,11.641358503979356
3010346.0,29.25793237679661
3010347.0,9.199368766518761
3010348.0,55.60728147880336
3010349.0,10.247174543190344
3010350.0,348.5171233565909
3010351.0,248.46565996343367
3010352.0,15.469361061147545
3010353.0,7.150200456421014
3010354.0,462.86369753416
3010355.0,94.90558921045454
3010356.0,3089.12469292677
3010357.0,9.996846766538685
3010358.0,19.048826448657255
3010359.0,2.7259015064971104
3010360.0,0.1655301838255827
3010361.0,3.3254859361845397
3010362.0,1648.1519900234357
3010363.0,0.10237250522898632
3010364.0,309.652534495625
3010365.0,4.421978184852996
3010366.0,362.1923679808996
3010367.0,435.5440952757126
3010368.0,106.87542608427415
3010369.0,34.612195044448995
3010370.0,27.041804081066864
3010371.0,1508.1486454965307
3010372.0,8.32470558502737
3010373.0,0.6241268744759819
3010374.0,7.157125903768153
3010375.0,13.847553771960936
3010376.0,0.10700532827300749
3010377.0,91.90541835142201
3010378.0,0.08817777215979901
3010379.0,11.632890468454061
3010380.0,2.4812022960472087
3010381.0,76.79952890892685
3010382.0,5.080556717714238
3010383.0,51.11296597739786
3010384.0,74.45539485951329
3010385.0,3.3494910196440735
3010386.0,5.273155381949587
3010387.0,45.948056197043314
3010388.0,14.58530366037241
3010389.0,749.6250592436104
3010390.0,1.6034006814137312
3010391.0,1.9408975359088496
3010392.0,4.259412550723902
3010393.0,0.023085268910236288
3010394.0,0.624232014672852
3010395.0,986.9200180134582
3010396.0,0.10638959248354268
3010397.0,204.14378319292095
3010398.0,4.906165439131523
3010399.0,475.4206559285569
3010400.0,262.74299877862364
3010401.0,92.67139246436085
3010402.0,34.30441730802521
3010403.0,25.629339783627167
3010404.0,1696.196440621634
3010405.0,12.17792112499551
3010406.0,0.46274599798333294
3010407.0,11.326852404780372
3010408.0,8.486591296580041
3010409.0,0.16606710096311453
3010410.0,96.23371739777568
3010411.0,0.28513592993781817
3010412.0,4.23497815041361
3010413.0,1.0571542966863294
3010414.0,14.033277887192398
3010415.0,0.23782023154737908
3010416.0,244.62252333729643
3010417.0,138.84536290225526
3010418.0,1.9673263247364048
3010419.0,1.3315459545979813
3010420.0,147.11207926471906
3010421.0,20.55072675317477
3010422.0,475.59228589619113
3010423.0,1.4928049887522834
3010424.0,1.6754245435310589
3010425.0,4.730464770011349
3010426.0,0.13594052926940745
3010427.0,4.1461979383316905
3010428.0,3520.454864700706
3010429.0,0.15898562437763814
3010430.0,705.1845144215499
3010431.0,12.504941373239312
3010432.0,1001.4050757581
3010433.0,1148.944307660906
3010434.0,288.7007330565574
3010435.0,265.38240962026896
3010436.0,96.25155492722843
3010437.0,4355.540584263648
3010438.0,26.218157296946778
3010439.0,1.5893732870796338
3010440.0,21.09272306258821
3010441.0,23.515335496988868
3010442.0,0.3646725351892973
3010443.0,295.22770900876407
3010444.0,4.674584275040814
3010445.0,26.977524599375514
3010446.0,5.9849247379826025
3010447.0,90.10348584047776
3010448.0,2.614007935267341
3010449.0,303.62237331605934
3010450.0,266.35928409826374
3010451.0,9.423797133571814
3010452.0,8.18937179268198
3010453.0,452.098276340402
3010454.0,83.31846618139434
3010455.0,2762.7435237756517
3010456.0,1.6979515698629937
3010457.0,12.769618216691416
3010458.0,5.871099561057502
3010459.0,0.10041522736143843
3010460.0,2.334531805451821
3010461.0,3294.650581634907
3010462.0,0.0291787874999808
3010463.0,677.3590765356803
3010464.0,12.433594355439942
3010465.0,1407.7962319074077
3010466.0,937.0208640739415
3010467.0,351.29275033359534
3010468.0,323.2241796167651
3010469.0,57.713875342017886
3010470.0,4746.912405248951
3010471.0,11.907497211653656
3010472.0,0.8037852067511508
3010473.0,31.187471710595148
3010474.0,16.540692691781885
3010475.0,0.5781453497270863
3010476.0,291.5551538281384
3010477.0,0.105585834477424
3010478.0,3.763359695036999
3010479.0,4.354229922676522
3010480.0,33.6937928195808
3010481.0,1.0684866176960017
3010482.0,182.9066742036778
3010483.0,290.8011987452863
3010484.0,4.0223659867676576
3010485.0,3.643591313372698
3010486.0,204.13949310583143
3010487.0,90.99736847980468
3010488.0,1451.8766064340566
3010489.0,1.9674468952603181
3010490.0,2.7386779832388193
3010491.0,5.0445028314188285
3010492.0,0.28378356810533667
3010493.0,2.532862370822138
3010494.0,3020.696712877286
3010495.0,0.03444380824985008
3010496.0,610.0135967751673
3010497.0,10.101653803271782
3010498.0,924.3620788253288
3010499.0,769.3740238768933
3010500.0,264.7105886568838
3010501.0,377.4770849274007
3010502.0,54.58835385955032
3010503.0,3829.5982285631044
3010504.0,12.949456253067893
3010505.0,0.8876693910380917
3010506.0,23.58294129408635
3010507.0,16.599216703662563
3010508.0,0.10694600362207946
3010509.0,263.3092840283686
3010510.0,0.091962654136868
3010511.0,4.790381465398644
3010512.0,3.800582977999472
3010513.0,53.411080618005826
3010514.0,1.0558799734104787
3010515.0,123.11479692597091
3010516.0,273.0278014600657
3010517.0,4.867533907791536
3010518.0,3.9304325857721323
3010519.0,196.06948696781507
3010520.0,62.6430501191688
3010521.0,1061.2690692986403
3010522.0,1.6480476691889676
3010523.0,5.053903756286938
3010524.0,9.23505767063234
3010525.0,0.9533192311817275
3010526.0,12.740514495222587
3010527.0,7401.6632137599045
3010528.0,0.13112240731479044
3010529.0,1150.4341389092406
3010530.0,26.680559204388047
3010531.0,1966.9786962547937
3010532.0,1887.5988800374253
3010533.0,322.879870789234
3010534.0,443.5819798441946
3010535.0,295.3299303990889
3010536.0,6985.385379228165
3010537.0,87.68166084534379
3010538.0,2.3319757757772375
3010539.0,45.97699303520421
3010540.0,54.177015114293276
3010541.0,0.535461094850609
3010542.0,492.0085652443951
3010543.0,35.56954300585545
3010544.0,46.41583187479938
3010545.0,19.165848939123574
3010546.0,130.06371793487344
3010547.0,20.85310377243109
3010548.0,631.9867501751437
3010549.0,515.5986195021374
3010550.0,17.001828091595854
3010551.0,21.20463393289281
3010552.0,1020.2910242652249
3010553.0,221.09607826513223
3010554.0,6879.14658761682
3010555.0,1.6230758320399932
3010556.0,77.57265813673732
3010557.0,2.633553804398757
3010558.0,0.23290685631540878
3010559.0,0.8427967368208413
3010560.0,1567.392437469512
3010561.0,0.023513340762336545
3010562.0,152.28745720432164
3010563.0,3.248700442036626
3010564.0,694.4905651555662
3010565.0,277.28956127207164
3010566.0,128.41148384696788
3010567.0,173.00849657781492
3010568.0,35.84211373775513
3010569.0,1783.407986736528
3010570.0,4.111688880346769
3010571.0,0.23687833715879603
3010572.0,13.53129112216034
3010573.0,9.142895393196383
3010574.0,0.15862768637147873
3010575.0,130.05143348891752
3010576.0,0.34477037141456957
3010577.0,3.0464749724116906
3010578.0,3.0396177229840906
3010579.0,24.846110323858163
3010580.0,0.4511266230048805
3010581.0,57.738184298222436
3010582.0,109.63248575424544
3010583.0,1.8774530861905918
3010584.0,3.730037858807365
3010585.0,92.04569067127636
3010586.0,19.39652510641872
3010587.0,497.3978860837273
3010588.0,1.5780145644668113
3010589.0,4.44040604729576
3010590.0,6.320792156128354
3010591.0,0.2363925211223428
3010592.0,2.3362699961742264
3010593.0,3112.6358469180823
3010594.0,0.03734433341288772
3010595.0,526.1361964694001
3010596.0,9.637380656837855
3010597.0,1199.4348594127237
3010598.0,630.2872573342567
3010599.0,218.84599124281692
3010600.0,431.2149896986356
3010601.0,55.4936808225587
3010602.0,4143.2882701211365
3010603.0,12.172151410400442
3010604.0,0.3592630961318887
3010605.0,21.62581305155131
3010606.0,21.511661372478844
3010607.0,0.12658609569636461
3010608.0,253.71936139168199
3010609.0,1.2742882381930285
3010610.0,2.226093642633325
3010611.0,7.508825817393802
3010612.0,11.498155325665564
3010613.0,1.2628028385837033
3010614.0,336.1437179364084
3010615.0,237.0293999965956
3010616.0,3.3728273869102985
3010617.0,5.289974315151534
3010618.0,114.51325924514752
3010619.0,56.90414720479849
3010620.0,1049.0753916682984
3010621.0,1.870903926977842
3010622.0,5.174488572360692
3010623.0,1.2797120484725324
3010624.0,0.0382988064334388
3010625.0,0.7272564086861388
3010626.0,899.9345126398242
3010627.0,0.023085268910236288
3010628.0,121.1865775588914
3010629.0,2.709950329087349
3010630.0,641.5116763721903
3010631.0,174.44322903662422
3010632.0,105.48306622248413
3010633.0,375.7635533979799
3010634.0,15.894148413606603
3010635.0,1531.080442095186
3010636.0,1.3444321350251556
3010637.0,0.2127890086850731
3010638.0,10.46848195896812
3010639.0,3.3444159324099108
3010640.0,0.08537083727427403
3010641.0,93.39225492674154
3010642.0,0.045094663700798225
3010643.0,2.7742093422970435
3010644.0,0.8967792063203448
3010645.0,13.136641989106966
3010646.0,0.2403700717338729
3010647.0,72.25112682436247
3010648.0,83.88279142783969
3010649.0,0.4337319901165131
3010650.0,0.7720736589465053
3010651.0,57.458919215081124
3010652.0,9.989903802271854
3010653.0,204.40627800915487
3010654.0,2.7234258140767507
3010655.0,1.3191166031207895
3010656.0,6.778203370341729
3010657.0,0.1629713064431661
3010658.0,1.34293916228987
3010659.0,2266.2082891057335
3010660.0,0.0240648972077366
3010661.0,237.14107937571572
3010662.0,4.8994277029327336
3010663.0,979.2402732596084
3010664.0,408.0814142873487
3010665.0,155.44590685181777
3010666.0,277.48026489408625
3010667.0,43.086473357886675
3010668.0,3058.713194062403
3010669.0,3.097039084810372
3010670.0,0.47517105428538664
3010671.0,24.277164452583747
3010672.0,15.402205522799035
3010673.0,0.18049945594570538
3010674.0,198.73883834774367
3010675.0,0.051847061477711745
3010676.0,3.3975418859741273
3010677.0,10.378251893018724
3010678.0,15.506396258557217
3010679.0,1.0944358455361773
3010680.0,228.35058707458
3010681.0,197.7308794548058
3010682.0,1.2232121315696851
3010683.0,3.998705440529894
3010684.0,173.43117976881518
3010685.0,23.23584528494907
3010686.0,1204.613780293632
3010687.0,3.1671105865660603
3010688.0,0.8165312889209831
3010689.0,2.8982913369324046
3010690.0,0.25667053387450356
3010691.0,1.7683436403021513
3010692.0,2245.777771982798
3010693.0,0.04550565487386507
3010694.0,629.552643606711
3010695.0,6.041197629557632
3010696.0,915.1084496606363
3010697.0,635.5429157922365
3010698.0,238.6216913558573
3010699.0,184.26705494534335
3010700.0,61.20298042097831
3010701.0,3641.0370449229595
3010702.0,5.566491042770654
3010703.0,2.7097075284594223
3010704.0,30.639996117988286
3010705.0,36.77732007758414
3010706.0,0.18010827293887108
3010707.0,210.7630113423196
3010708.0,1.940515458272165
3010709.0,5.1568630030602955
3010710.0,3.0333994106719935
3010711.0,23.977882871385923
3010712.0,1.674728491048054
3010713.0,162.22008484911288
3010714.0,246.04768968046068
3010715.0,3.46938838977473
3010716.0,5.902847237556626
3010717.0,144.06811377611018
3010718.0,31.167333562894438
3010719.0,610.0914249433642
3010720.0,2.2894040769576502
3010721.0,3.436439741168428
3010722.0,3.7170316607704272
3010723.0,0.08537083727427403
3010724.0,0.6214086484235575
3010725.0,1411.5733381454202
3010726.0,0.023085268910236288
3010727.0,91.49808872292091
3010728.0,2.6909662815923414
3010729.0,515.5868876783035
3010730.0,189.12649935502122
3010731.0,94.01314164406901
3010732.0,199.49609854689209
3010733.0,32.081541631420286
3010734.0,1994.2892221528496
3010735.0,5.132061384605484
3010736.0,0.26925719072299736
3010737.0,9.630800662060786
3010738.0,6.59405127583144
3010739.0,0.13370630294155178
3010740.0,115.0057874271125
3010741.0,0.045094663700798225
3010742.0,3.0652905324062965
3010743.0,0.8546271424249272
3010744.0,16.25859075582992
3010745.0,0.40116077262723365
3010746.0,180.18080653631765
3010747.0,94.54944980649992
3010748.0,0.7768904028170365
3010749.0,1.0349123408568224
3010750.0,44.34605529391783
3010751.0,17.046084537957324
3010752.0,342.9407822300243
3010753.0,1.8296292264046397
3010754.0,0.4663213912864701
3010755.0,3.6775396382281036
3010756.0,0.09285372162593106
3010757.0,0.8497342202684512
3010758.0,3074.5199487686837
3010759.0,0.023577200277985346
3010760.0,474.6184836578095
3010761.0,5.930638304796939
3010762.0,773.4368531734516
3010763.0,554.2873159414612
3010764.0,197.17757976337663
3010765.0,170.4562106590908
3010766.0,48.59461673143687
3010767.0,3584.690166172534
3010768.0,4.900012290236676
3010769.0,0.38832914248855327
3010770.0,15.807784325420304
3010771.0,8.585758790056506
3010772.0,0.1662442408878857
3010773.0,206.68705209929925
3010774.0,0.0564922919301857
3010775.0,16.92610067532247
3010776.0,2.6455549452976905
3010777.0,28.949174795904085
3010778.0,0.5586498452563529
3010779.0,189.25886786079477
3010780.0,206.7388936806938
3010781.0,1.5549784492283478
3010782.0,3.811262966801496
3010783.0,106.22022638933115
3010784.0,44.186962657873465
3010785.0,1060.4611569463382
3010786.0,1.582208788137355
3010787.0,0.8547696800575917
3010788.0,3.4266225572225895
3010789.0,0.1960285142841049
3010790.0,6.726467280794789
3010791.0,3019.710987994194
3010792.0,0.13146429263409676
3010793.0,579.6316063901186
3010794.0,6.6019943841433015
3010795.0,934.0734745515235
3010796.0,876.3499231779176
3010797.0,172.52868638207406
3010798.0,131.96520185607773
3010799.0,112.17293578824118
3010800.0,3616.7122660501745
3010801.0,49.62392277611586
3010802.0,1.2607392633973449
3010803.0,17.723569147956866
3010804.0,25.56268920158963
3010805.0,0.2773545869518664
3010806.0,255.44934771345567
3010807.0,18.310956931797747
3010808.0,22.607607169599923
3010809.0,2.1460093121751966
3010810.0,83.78702378835824
3010811.0,6.925800094330121
3010812.0,200.71534680299567
3010813.0,253.08727717834904
3010814.0,10.489127591968897
3010815.0,12.168257748646038
3010816.0,235.04280182713526
3010817.0,63.19503422960601
3010818.0,2367.3858998026567
3010819.0,5.999741045223581
3010820.0,9.91737152753599
3010821.0,5.011448585673552
3010822.0,0.055354373327418556
3010823.0,6.295403509942158
3010824.0,2261.0830067720335
3010825.0,0.11708151263603135
3010826.0,436.1513542058641
3010827.0,9.077319409528108
3010828.0,956.3780899176759
3010829.0,727.3156011448198
3010830.0,146.10061398621718
3010831.0,90.95546028956977
3010832.0,86.36462626103918
3010833.0,3663.046174415843
3010834.0,21.62501327644476
3010835.0,1.1697526455860814
3010836.0,37.37936106583223
3010837.0,62.21870937373261
3010838.0,0.12100786510733148
3010839.0,303.8867228097404
3010840.0,19.932243998993282
3010841.0,15.525743848223469
3010842.0,5.812113037041393
3010843.0,62.42912417770557
3010844.0,9.261532046008938
3010845.0,151.47784582143214
3010846.0,366.3964324920419
3010847.0,6.595185471673226
3010848.0,8.100454379918684
3010849.0,97.68470605075458
3010850.0,83.15060996150393
3010851.0,1815.8500062694866
3010852.0,2.0912642288703354
3010853.0,12.616979436628608
3010854.0,7.739659872295371
3010855.0,0.15875569996104183
3010856.0,2.6260082167075547
3010857.0,3831.009000868753
3010858.0,0.04584718500354937
3010859.0,701.1102771621653
3010860.0,5.899182305190111
3010861.0,2008.640468584413
3010862.0,639.8461979259112
3010863.0,201.61944546233238
3010864.0,762.0669700103105
3010865.0,60.85227511539509
3010866.0,5070.020756446027
3010867.0,31.26667298829066
3010868.0,1.1574007662794195
3010869.0,20.825515975433337
3010870.0,17.47217853605904
3010871.0,0.12877877588436595
3010872.0,307.91348340994483
3010873.0,3.9109340014137874
3010874.0,11.642043089166515
3010875.0,6.122058211408193
3010876.0,39.2235733708961
3010877.0,1.8008818705434035
3010878.0,172.1969779394793
3010879.0,289.3046851936051
3010880.0,6.029551586967144
3010881.0,7.903675313339905
3010882.0,225.03446761543734
3010883.0,56.555378155737046
3010884.0,1689.5180070616793
3010885.0,8.754464903461006
3010886.0,16.04545457602247
3010887.0,3.2786410718358665
3010888.0,0.5479110827485265
3010889.0,4.495390488842768
3010890.0,2418.2009638464933
3010891.0,0.11354093149989172
3010892.0,375.87492694088917
3010893.0,5.604892536749082
3010894.0,746.2289755057412
3010895.0,702.6191311868088
3010896.0,175.26477833990313
3010897.0,131.5424820656886
3010898.0,78.4936435997808
3010899.0,3055.0575107384852
3010900.0,20.216938623415658
3010901.0,1.1486953386831011
3010902.0,11.59425524733982
3010903.0,9.857974771849737
3010904.0,0.1616267000733677
3010905.0,230.18531858796
3010906.0,15.070576051322188
3010907.0,15.745745337970684
3010908.0,2.5213682346868893
3010909.0,50.07509463607242
3010910.0,5.01717263332621
3010911.0,319.5220839779851
3010912.0,216.6333962700674
3010913.0,5.840711602295981
3010914.0,7.1429621539459625
3010915.0,338.66093211480575
3010916.0,43.968186728263646
3010917.0,1943.1708643641377
3010918.0,3.388427047498831
3010919.0,19.993939748092533
3010920.0,3.340677270012783
3010921.0,0.19212396867525838
3010922.0,2.3625405337519503
3010923.0,3840.9254031522114
3010924.0,0.030726411455032788
3010925.0,440.2987565052508
3010926.0,5.293167944264919
3010927.0,1732.0691845939596
3010928.0,650.351218443692
3010929.0,267.8683294529899
3010930.0,229.4416898582811
3010931.0,63.75350832312668
3010932.0,5178.452083607484
3010933.0,9.876884166233733
3010934.0,1.235726834375267
3010935.0,30.175944371868212
3010936.0,23.473071950677102
3010937.0,0.2204345996863387
3010938.0,485.1817922773348
3010939.0,0.08075406135674165
3010940.0,1.8471544053640987
3010941.0,6.950058949587744
3010942.0,33.654307091687265
3010943.0,1.3589109990831838
3010944.0,128.01886815655246
3010945.0,308.4952413108317
3010946.0,3.08277079204231
3010947.0,7.216599217563183
3010948.0,191.62617483154202
3010949.0,62.15575784684884
3010950.0,1165.4442123880588
3010951.0,4.393703946738698
3010952.0,4.2360282048509355
3010953.0,6.133520829378872
3010954.0,0.1123076330762414
3010955.0,6.011777554887291
3010956.0,2820.9089852137313
3010957.0,0.11880708716003416
3010958.0,492.20564871620365
3010959.0,7.846448392352591
3010960.0,938.8136296497313
3010961.0,711.4379948105734
3010962.0,227.35876122298973
3010963.0,133.4719238400088
3010964.0,105.85398315525225
3010965.0,3526.638892537241
3010966.0,39.666906364842156
3010967.0,1.0048857009132997
3010968.0,17.86811149936348
3010969.0,26.95072517900804
3010970.0,0.14654094228873962
3010971.0,255.1691314221958
3010972.0,10.116111262181025
3010973.0,16.285462874174392
3010974.0,6.130741555861524
3010975.0,75.37160963545347
3010976.0,8.859712249076445
3010977.0,194.15915703299936
3010978.0,363.24423182870055
3010979.0,11.617226918651664
3010980.0,8.313033024068002
3010981.0,202.59371919777107
3010982.0,47.63063410746884
3010983.0,2009.125717909128
3010984.0,1.6111899150878939
3010985.0,5.043099880788847
3010986.0,3.1413304622984257
3010987.0,0.17409395854626591
3010988.0,5.048994073132041
3010989.0,2819.638266949286
3010990.0,0.11286917885906719
3010991.0,559.403741473829
3010992.0,8.495766855565044
3010993.0,734.4431138207111
3010994.0,819.7568575834704
3010995.0,176.5099198347773
3010996.0,137.10441330277075
3010997.0,99.5768399632469
3010998.0,3049.87873842564
3010999.0,29.280088029625826
3011000.0,0.6691065027620757
3011001.0,16.246174510995907
3011002.0,12.543424748047624
3011003.0,0.11447545542262426
3011004.0,231.87902528217083
3011005.0,12.994581646526303
3011006.0,32.15733898058991
3011007.0,4.869057504952744
3011008.0,52.146077263358755
3011009.0,7.667765666285995
3011010.0,198.80448581793556
3011011.0,241.7359314036364
3011012.0,7.432129843495998
3011013.0,6.932708221716457
3011014.0,200.86626290453228
3011015.0,51.763709465246805
3011016.0,2240.460990819367
3011017.0,6.390415657641093
3011018.0,15.415945576226388
3011019.0,4.569233434181156
3011020.0,0.14288878131276456
3011021.0,3.3200120775879447
3011022.0,5452.405490669249
3011023.0,0.023085268910236288
3011024.0,622.9763772966517
3011025.0,10.714715937382664
3011026.0,1197.8119429881162
3011027.0,679.8683887220907
3011028.0,286.57768012580266
3011029.0,345.4585536548657
3011030.0,52.98237641853307
3011031.0,4786.807906685921
3011032.0,7.354655581016298
3011033.0,0.2489232085650091
3011034.0,13.66616499424888
3011035.0,15.958671404384829
3011036.0,0.09255422328718582
3011037.0,256.21141643173974
3011038.0,0.0502215104172039
3011039.0,5.088504691036629
3011040.0,1.1822348728070298
3011041.0,45.725884896770566
3011042.0,1.7220259235882347
3011043.0,208.6368681231262
3011044.0,286.3908946600725
3011045.0,3.2820031862951042
3011046.0,1.6367689907987044
3011047.0,165.06055725920646
3011048.0,113.23151774271415
3011049.0,1080.8747361937112
3011050.0,2.0086520459323824
3011051.0,0.5762005758475464
3011052.0,12.694509586797041
3011053.0,0.055344281667474564
3011054.0,15.2475138138881
3011055.0,8724.02234210265
3011056.0,0.13112240731479044
3011057.0,1573.9722681123571
3011058.0,20.936625614210875
3011059.0,2450.133126779341
3011060.0,2165.193800414793
3011061.0,540.8807514498476
3011062.0,587.6203450078914
3011063.0,358.81405192759473
3011064.0,8820.413020550193
3011065.0,91.69523197532314
3011066.0,3.9090128264360793
3011067.0,74.76047278180846
3011068.0,95.87578485221414
3011069.0,0.5025821696256234
3011070.0,683.4047475912726
3011071.0,36.55570411278387
3011072.0,18.90675340385044
3011073.0,21.687485568993147
3011074.0,221.5637646726952
3011075.0,21.201161542088805
3011076.0,762.8792843855699
3011077.0,565.1520150950653
3011078.0,30.831822378065596
3011079.0,35.57788920706918
3011080.0,1012.2383174363259
3011081.0,291.4076526384172
3011082.0,8261.328242976786
3011083.0,79.83827955707434
3011084.0,81.66056047024763
3011085.0,13.539198537836928
3011086.0,0.04763291398585206
3011087.0,12.743745211007969
3011088.0,8566.666365376375
3011089.0,0.12995671927691813
3011090.0,1126.878864363871
3011091.0,20.69102055011181
3011092.0,2513.326174083144
3011093.0,2035.3009964198022
3011094.0,640.1888431512127
3011095.0,373.2306052788791
3011096.0,253.46282890910675
3011097.0,8909.5545710097
3011098.0,136.48573510344806
3011099.0,1.373568129900096
3011100.0,54.905998897328516
3011101.0,81.32387169502238
3011102.0,0.7495613987158111
3011103.0,666.3911978304066
3011104.0,20.26685936281204
3011105.0,30.310589773489006
3011106.0,11.670445605162346
3011107.0,139.4422745910464
3011108.0,14.350684548010673
3011109.0,1010.0980314669075
3011110.0,761.671028720183
3011111.0,17.206258832452523
3011112.0,26.00948465678221
3011113.0,1098.2226283085556
3011114.0,218.5257620884252
3011115.0,5600.521819117696
3011116.0,234.74513571179972
3011117.0,83.68546187933183
3011118.0,9.745943466894552
3011119.0,0.0452783942797656
3011120.0,16.495408730693402
3011121.0,5872.354639795299
3011122.0,0.1671522472481199
3011123.0,866.0152709205565
3011124.0,10.895481525638875
3011125.0,2108.632853465615
3011126.0,1699.706905362341
3011127.0,728.7857889311863
3011128.0,132.320665764345
3011129.0,200.70440501190615
3011130.0,8190.025278569887
3011131.0,42.78403080048453
3011132.0,1.5452928430857693
3011133.0,24.006268972725746
3011134.0,23.89396938708616
3011135.0,0.3397390141737453
3011136.0,607.8910272656349
3011137.0,26.87137837358064
3011138.0,21.226867400042597
3011139.0,8.010581672932862
3011140.0,90.64986909245505
3011141.0,6.755935500780723
3011142.0,899.7599942151865
3011143.0,703.9949209112687
3011144.0,20.487140194586015
3011145.0,37.77942528858994
3011146.0,725.8231741029438
3011147.0,155.36923833459417
3011148.0,2540.799493290073
3011149.0,229.37039035272096
3011150.0,38.94083013803163
3011151.0,12.723686545445325
3011152.0,0.04737075759260606
3011153.0,16.242762039187845
3011154.0,7539.877708819188
3011155.0,0.13053321740144855
3011156.0,1124.7348584268475
3011157.0,18.475131719095344
3011158.0,2449.3201903639747
3011159.0,1900.018612252087
3011160.0,639.7530906475732
3011161.0,328.2884812481616
3011162.0,215.72176095053499
3011163.0,8870.306374539028
3011164.0,53.91497711337816
3011165.0,1.4854982832531494
3011166.0,48.0607724971662
3011167.0,69.98829768944465
3011168.0,0.4155327109726983
3011169.0,644.5483350070524
3011170.0,30.32945524146636
3011171.0,20.09509809648744
3011172.0,11.041144864706025
3011173.0,121.69145535314624
3011174.0,10.1758497120489
3011175.0,764.42933942205
3011176.0,678.5652192033385
3011177.0,20.88528111070209
3011178.0,27.654265742009407
3011179.0,1113.453946193611
3011180.0,205.72481134391313
3011181.0,4877.855943772873
3011182.0,130.83303111247074
3011183.0,68.63830718242562
3011184.0,10.359699659427513
3011185.0,0.0395222699187045
3011186.0,18.727327432776736
3011187.0,4328.2431835041525
3011188.0,0.11586125377735618
3011189.0,811.2813667201394
3011190.0,13.579004372343896
3011191.0,2164.8280922639287
3011192.0,1158.6288686502085
3011193.0,611.693209625895
3011194.0,106.32114466761493
3011195.0,129.8294066640255
3011196.0,7417.920414765902
3011197.0,41.439387386926384
3011198.0,0.6272495409804113
3011199.0,25.367660529169065
3011200.0,36.02469332208543
3011201.0,0.18646132284857944
3011202.0,620.2612932799041
3011203.0,27.05607116315802
3011204.0,9.33678815806752
3011205.0,5.48997512946268
3011206.0,73.5312198589324
3011207.0,4.4631410344842735
3011208.0,782.847712542491
3011209.0,728.6240376776345
3011210.0,14.521948381190878
3011211.0,21.598065081431493
3011212.0,714.5117643968176
3011213.0,86.80547174736782
3011214.0,1817.9182801185761
3011215.0,90.51136796924888
3011216.0,20.661725308060316
3011217.0,11.323542611136205
3011218.0,0.05219482997954255
3011219.0,10.300741788207716
3011220.0,6666.60155023271
3011221.0,0.12772142216326113
3011222.0,1151.4672440709428
3011223.0,22.61357421827577
3011224.0,1936.6090161429925
3011225.0,2109.8764294745542
3011226.0,434.0179406993425
3011227.0,459.57827948863917
3011228.0,283.28191462528696
3011229.0,7629.715184063029
3011230.0,64.88712435500854
3011231.0,1.4624512536891365
3011232.0,43.98850924213981
3011233.0,54.362298417665954
3011234.0,0.3046277701578656
3011235.0,531.3100982196245
3011236.0,19.954420293639973
3011237.0,23.183600537185555
3011238.0,11.541964615366757
3011239.0,191.1611798536693
3011240.0,15.008664580771876
3011241.0,742.5579323595916
3011242.0,492.9707734709994
3011243.0,19.186734435306924
3011244.0,29.36727186950426
3011245.0,1013.4140879026539
3011246.0,207.94003433205984
3011247.0,6973.36289621057
3011248.0,144.29930661277302
3011249.0,79.64712704422296
3011250.0,5.125707810044894
3011251.0,0.1874725627088371
3011252.0,6.4448809637618485
3011253.0,1985.3933735438845
3011254.0,0.12400587607809493
3011255.0,331.43911249255484
3011256.0,17.95969983906503
3011257.0,952.7252838120066
3011258.0,590.3579327190257
3011259.0,218.9435792083557
3011260.0,84.21527620572712
3011261.0,78.77331863712544
3011262.0,2952.410467841798
3011263.0,60.1598757909787
3011264.0,0.7574106029571954
3011265.0,24.577360728766
3011266.0,19.345015187785677
3011267.0,0.24617033291196375
3011268.0,255.68045777910163
3011269.0,11.066834894746691
3011270.0,7.739529810147692
3011271.0,9.938008766447407
3011272.0,40.86941925015935
3011273.0,4.99817129495063
3011274.0,241.8007351231784
3011275.0,252.8855097097597
3011276.0,2.527538819660819
3011277.0,6.293537562364493
3011278.0,206.99185793093855
3011279.0,52.102733589739174
3011280.0,1441.8636844420594
3011281.0,1.2662539824704713
3011282.0,7.78827293249361
3011283.0,9.902864600275262
3011284.0,0.04622575050382566
3011285.0,12.197796707453035
3011286.0,4117.4776368029925
3011287.0,0.12935711345190173
3011288.0,583.746989257309
3011289.0,25.723355260507297
3011290.0,1870.4707812589972
3011291.0,1117.5618783325558
3011292.0,464.15013946773627
3011293.0,120.07869127448757
3011294.0,119.32094401548994
3011295.0,6319.982487157711
3011296.0,84.8941113971136
3011297.0,0.8557611744623064
3011298.0,41.60223632621228
3011299.0,39.84209303637457
3011300.0,0.20748570831525986
3011301.0,505.92575239812805
3011302.0,17.075164347185193
3011303.0,6.390673675364646
3011304.0,2.8217468143321827
3011305.0,91.92022244642472
3011306.0,6.267208472199622
3011307.0,526.0357538221485
3011308.0,545.0562923488302
3011309.0,10.524242270771934
3011310.0,18.592331634479763
3011311.0,356.8000907450865
3011312.0,76.1634565824769
3011313.0,1988.1960841032042
3011314.0,207.58303858693483
3011315.0,17.05360291626802
3011316.0,6.260867499974449
3011317.0,0.04956407281160718
3011318.0,6.041382215009122
3011319.0,4330.676453913267
3011320.0,0.12669523879648562
3011321.0,870.5333754675207
3011322.0,7.320195663607302
3011323.0,1462.246034758994
3011324.0,1591.2493735124763
3011325.0,266.45181384330084
3011326.0,324.72776653331516
3011327.0,213.07925686258014
3011328.0,5059.434529970205
3011329.0,34.35833280622469
3011330.0,1.3117207839060423
3011331.0,28.205196820879088
3011332.0,31.765623707345476
3011333.0,0.49811449373798433
3011334.0,369.7055313222518
3011335.0,1.851096883496536
3011336.0,41.44289388711342
3011337.0,4.862516077578071
3011338.0,91.79275274808451
3011339.0,9.596035490488582
3011340.0,557.2219547512144
3011341.0,302.11547239807686
3011342.0,19.342771745857718
3011343.0,8.30089679091282
3011344.0,679.2410691823125
3011345.0,124.44575106637977
3011346.0,4586.162727649469
3011347.0,4.141730219269396
3011348.0,43.95510831091477
3011349.0,10.538723236023134
3011350.0,0.024187079420257458
3011351.0,7.515819097432929
3011352.0,4207.0808478195295
3011353.0,0.024187079420257458
3011354.0,742.6287225097781
3011355.0,9.236335127172236
3011356.0,1478.6748512743636
3011357.0,1082.281156134442
3011358.0,312.84106642077995
3011359.0,196.35528806352
3011360.0,231.42426213430622
3011361.0,5342.900784653751
3011362.0,68.25347005692402
3011363.0,2.091343636868912
3011364.0,44.81236725315578
3011365.0,38.04806589152604
3011366.0,0.211155160400314
3011367.0,316.3191778369427
3011368.0,6.447133677265134
3011369.0,45.370499033487405
3011370.0,6.4545971585967585
3011371.0,155.64895423889112
3011372.0,6.815617915122278
3011373.0,404.17202887116
3011374.0,284.3739276597091
3011375.0,13.156231649341004
3011376.0,20.626304903040207
3011377.0,409.2109861898136
3011378.0,113.51610396321539
3011379.0,3954.7251392739313
3011380.0,2.930172468130074
3011381.0,6.338204450554102
3011382.0,7.491521177070772
3011383.0,0.1310374952869587
3011384.0,4.485074254532491
3011385.0,2266.582338844539
3011386.0,0.12301533981699155
3011387.0,449.0979821425087
3011388.0,6.0405454001684795
3011389.0,922.5798034709705
3011390.0,497.3557415402013
3011391.0,213.78019732350447
3011392.0,89.06031461218558
3011393.0,79.08244137455482
3011394.0,3060.1023639130717
3011395.0,13.565710567110939
3011396.0,1.0970599534906618
3011397.0,21.033569938785565
3011398.0,18.548619798135544
3011399.0,0.16841541474610722
3011400.0,209.91787927626171
3011401.0,2.8813261294628854
3011402.0,8.885137755554648
3011403.0,4.729538142524008
3011404.0,53.93316623959088
3011405.0,2.5959034244037946
3011406.0,226.59807057184707
3011407.0,209.23967827299552
3011408.0,4.268289944951242
3011409.0,5.126110772180531
3011410.0,162.55739225518525
3011411.0,54.02751751791247
3011412.0,1775.7922496618944
3011413.0,1.590503166697414
3011414.0,2.4656473735040576
3011415.0,4.685013786516708
3011416.0,0.023085268910236288
3011417.0,1.9353011370967055
3011418.0,3154.362839645103
3011419.0,0.023085268910236288
3011420.0,259.7994523385918
3011421.0,3.217565497353285
3011422.0,1296.0910518614833
3011423.0,253.13879234482351
3011424.0,233.2006599995096
3011425.0,79.7644627645598
3011426.0,25.0154507328224
3011427.0,3279.2821466150103
3011428.0,5.989543216961579
3011429.0,0.5590349958449158
3011430.0,18.822191446220614
3011431.0,13.228448704995778
3011432.0,0.08815038626202026
3011433.0,240.71122585421494
3011434.0,0.04694914673898525
3011435.0,2.9634274339890907
3011436.0,3.2084231679977844
3011437.0,13.957876377499467
3011438.0,0.7977688043439809
3011439.0,47.50761223824848
3011440.0,198.50289424335273
3011441.0,0.20451268176716458
3011442.0,2.2415189900622225
3011443.0,65.3631447563649
3011444.0,93.08546431763898
3011445.0,586.9863139264842
3011446.0,2.7602978515215293
3011447.0,1.8050155853722742
3011448.0,5.184739080295959
3011449.0,0.15310459459221512
3011450.0,6.411434574897459
3011451.0,3530.166702408146
3011452.0,0.20152057032249487
3011453.0,527.6339753453448
3011454.0,8.73990219173955
3011455.0,1173.184834254549
3011456.0,934.9406354387627
3011457.0,328.26765200574175
3011458.0,166.85690347428138
3011459.0,125.37644526999213
3011460.0,4574.41121204995
3011461.0,29.47859787992877
3011462.0,0.7255009868182768
3011463.0,22.41238878997035
3011464.0,49.190367048166415
3011465.0,0.12099611599133182
3011466.0,381.4273386067548
3011467.0,19.627281054549144
3011468.0,11.819088103040897
3011469.0,11.60190229682325
3011470.0,45.997432214372495
3011471.0,5.394178970197247
3011472.0,418.78541775740064
3011473.0,305.9736555086869
3011474.0,7.8890921598675625
3011475.0,10.457291941790231
3011476.0,493.59160609334515
3011477.0,75.57479240795669
3011478.0,2471.228451616029
3011479.0,4.642428927913084
3011480.0,33.28331597831473
3011481.0,4.508522455717596
3011482.0,0.13619669973613138
3011483.0,4.67092961201975
3011484.0,3825.3729102560624
3011485.0,0.21575971500443364
3011486.0,645.3026518978907
3011487.0,13.509152777102823
3011488.0,1097.4333967721009
3011489.0,1239.337910377335
3011490.0,184.77817110270598
3011491.0,286.91487012652095
3011492.0,192.17519923292065
3011493.0,3930.488050699074
3011494.0,37.025844509763644
3011495.0,2.2009412887830146
3011496.0,20.66398122693824
3011497.0,27.699640764790757
3011498.0,0.5365189091750311
3011499.0,264.4397383063473
3011500.0,12.54883271310675
3011501.0,32.63956762889474
3011502.0,6.4482442761059975
3011503.0,105.15621038738854
3011504.0,9.262725544460586
3011505.0,471.65371664227723
3011506.0,254.2690589627818
3011507.0,6.752454402348957
3011508.0,11.759652891146601
3011509.0,606.5797645946731
3011510.0,121.98572500269469
3011511.0,4600.402915089777
3011512.0,2.0852927488709376
3011513.0,39.62834733937022
3011514.0,4.506059237007868
3011515.0,0.2681282930686254
3011516.0,10.919082613900791
3011517.0,4008.9068565702955
3011518.0,0.13112240731479044
3011519.0,784.9362572005169
3011520.0,16.648915073275397
3011521.0,1139.933059279223
3011522.0,1273.3183749136124
3011523.0,271.5951610685628
3011524.0,298.2536495754158
3011525.0,141.2175095888935
3011526.0,4440.516252626541
3011527.0,33.60328885980829
3011528.0,3.1875235063602383
3011529.0,32.31565196205489
3011530.0,41.4266063671452
3011531.0,0.17672598902670814
3011532.0,336.8493467414693
3011533.0,29.264310127532912
3011534.0,27.45739332047662
3011535.0,21.214656138482486
3011536.0,114.6337839542972
3011537.0,14.405527281689107
3011538.0,415.2898095739579
3011539.0,308.0183268212009
3011540.0,19.257800093922803
3011541.0,18.18558363292104
3011542.0,563.9457155476391
3011543.0,129.00157120093178
3011544.0,3963.942998848105
3011545.0,2.050886998041475
3011546.0,37.18081558085524
3011547.0,10.178038864949578
3011548.0,0.2577054353818898
3011549.0,5.801103885181345
3011550.0,3280.757101518442
3011551.0,0.042027314809846394
3011552.0,569.1226456592234
3011553.0,10.681972083014678
3011554.0,1749.712157317862
3011555.0,769.0737207826251
3011556.0,509.83789893588903
3011557.0,262.33957085385805
3011558.0,78.6000044082337
3011559.0,5942.339861867826
3011560.0,10.813216720827231
3011561.0,1.0320312424822222
3011562.0,43.672883190481855
3011563.0,41.278914539184484
3011564.0,0.12226563502552898
3011565.0,460.7357016482879
3011566.0,9.492896034585979
3011567.0,4.513836461780826
3011568.0,5.633104280037651
3011569.0,44.45255253558911
3011570.0,2.240983087113571
3011571.0,315.7143511297962
3011572.0,426.4130182960814
3011573.0,6.777404992189708
3011574.0,7.216579687041245
3011575.0,400.0386677751201
3011576.0,86.22529025688746
3011577.0,1489.3615760332486
3011578.0,48.208923558839814
3011579.0,12.374113041745016
3011580.0,4.143910105629528
3011581.0,0.04314278685260535
3011582.0,2.931851224186572
3011583.0,2268.8833365819864
3011584.0,0.146150011923894
3011585.0,308.95928605009397
3011586.0,10.585246368001995
3011587.0,644.2131653569681
3011588.0,642.9005472872532
3011589.0,131.33171527036114
3011590.0,123.85794905368807
3011591.0,114.58370319001075
3011592.0,2385.666552066554
3011593.0,18.88796979440562
3011594.0,1.3638983686328234
3011595.0,18.667983106036118
3011596.0,24.31211821221266
3011597.0,0.343527253212496
3011598.0,194.54949094634645
3011599.0,11.452023254668347
3011600.0,16.984044342087298
3011601.0,5.53388016498125
3011602.0,72.25803260954342
3011603.0,5.309161491317755
3011604.0,258.2997698680807
3011605.0,142.75095893651832
3011606.0,3.992682311776012
3011607.0,9.215597915115008
3011608.0,314.66449865559855
3011609.0,56.77590957413079
3011610.0,1968.2954658933788
3011611.0,2.8846896122799204
3011612.0,22.18675393135551
3011613.0,1.2596180505697665
3011614.0,0.0382988064334388
3011615.0,1.5583478327058593
3011616.0,1267.0957410270398
3011617.0,0.023085268910236288
3011618.0,98.08603339046059
3011619.0,2.963493387905321
3011620.0,641.8754039204639
3011621.0,246.08454265808456
3011622.0,238.79602371313877
3011623.0,34.84609467013043
3011624.0,28.99383090774857
3011625.0,2411.1838095111807
3011626.0,4.764151961372439
3011627.0,0.39608821243450015
3011628.0,8.175656534725142
3011629.0,7.673351776738258
3011630.0,0.08241095815905014
3011631.0,153.70621554470551
3011632.0,1.7976814544485489
3011633.0,2.7982879498562476
3011634.0,1.5148043732381506
3011635.0,7.938626128568791
3011636.0,0.43128392267669946
3011637.0,167.6565178277489
3011638.0,156.6142713690554
3011639.0,0.6600003363531197
3011640.0,3.382534692941634
3011641.0,134.9231163286437
3011642.0,24.9538003616816
3011643.0,330.0365723591926
3011644.0,13.615376559708398
3011645.0,0.9262549867626017
3011646.0,6.277590769818782
3011647.0,0.15615436881261813
3011648.0,5.022150644268115
3011649.0,3877.6186915243384
3011650.0,0.03694985978912278
3011651.0,641.190010362021
3011652.0,9.977858776950661
3011653.0,1750.5334416443886
3011654.0,633.7711977358031
3011655.0,498.78698498810104
3011656.0,310.5042222901503
3011657.0,79.67361002939207
3011658.0,6253.484180558443
3011659.0,27.89245914553677
3011660.0,0.7551329378250571
3011661.0,19.065178404889153
3011662.0,19.698587845840507
3011663.0,0.20285412831228922
3011664.0,459.6829416500981
3011665.0,7.93614976031736
3011666.0,3.3455459689591036
3011667.0,7.121960151443037
3011668.0,31.063207657734417
3011669.0,2.465864892244591
3011670.0,582.50258810956
3011671.0,378.22578119294394
3011672.0,2.293308929704498
3011673.0,11.278660591103755
3011674.0,457.48386693782254
3011675.0,99.32278169389994
3011676.0,2083.96939134139
3011677.0,19.930780300128745
3011678.0,6.635796389422709
3011679.0,4.833439861459006
3011680.0,0.10790967834750541
3011681.0,0.881536962298618
3011682.0,1456.8563892061172
3011683.0,0.03084997523438158
3011684.0,165.9832139741107
3011685.0,6.5888216354658695
3011686.0,962.267309342986
3011687.0,333.59110531579756
3011688.0,196.11923785554967
3011689.0,51.682254959028086
3011690.0,33.98131634957338
3011691.0,2510.4334270654526
3011692.0,7.5546639078393
3011693.0,0.7227521543834436
3011694.0,13.589236844437448
3011695.0,15.175997215086444
3011696.0,0.20649771503741007
3011697.0,168.8690042316627
3011698.0,5.030539837492869
3011699.0,4.420897711368912
3011700.0,7.358774670872427
3011701.0,26.14743722552425
3011702.0,1.1373861998719825
3011703.0,155.4627786406731
3011704.0,170.1611835916808
3011705.0,1.3415735455776236
3011706.0,4.619623629071407
3011707.0,135.2254335364853
3011708.0,28.851486198283006
3011709.0,391.05957061868554
3011710.0,27.17422557366253
3011711.0,2.690730758804892
3011712.0,3.9881561709527404
3011713.0,0.023085268910236288
3011714.0,4.173323137334854
3011715.0,1381.015269443366
3011716.0,0.023085268910236288
3011717.0,128.41611219891786
3011718.0,4.6222587572422995
3011719.0,812.6680864397543
3011720.0,260.3210091264401
3011721.0,161.40747619051467
3011722.0,41.96383575980359
3011723.0,30.27805743849192
3011724.0,2574.176884720411
3011725.0,10.209549014503768
3011726.0,0.21365029139960984
3011727.0,13.225886499458479
3011728.0,7.475847327934406
3011729.0,0.08690848250993172
3011730.0,144.53485209367648
3011731.0,1.2926848297074733
3011732.0,2.9915906286454628
3011733.0,2.045184745623818
3011734.0,26.888284862638805
3011735.0,0.4732959240898972
3011736.0,174.8981355594231
3011737.0,169.6717226161424
3011738.0,0.2996938521464892
3011739.0,4.248859921537245
3011740.0,89.5312210076548
3011741.0,20.207208888369358
3011742.0,224.0692285188361
3011743.0,26.08816462013903
3011744.0,1.718528668511264
3011745.0,3.120434583359335
3011746.0,0.02288514698285841
3011747.0,2.0460466207290637
3011748.0,1300.7825220775476
3011749.0,0.02288514698285841
3011750.0,140.87112202193447
3011751.0,6.0524448930701045
3011752.0,1064.1453998010434
3011753.0,319.9450824803398
3011754.0,221.80940245647707
3011755.0,33.16491529663283
3011756.0,30.62984621672836
3011757.0,2472.92309497718
3011758.0,6.79469272438667
3011759.0,0.4448962322200763
3011760.0,8.536110258172995
3011761.0,16.615086488739713
3011762.0,0.10176498810336485
3011763.0,170.50182454943058
3011764.0,0.8029945690459032
3011765.0,4.055250004732491
3011766.0,2.4463518167517053
3011767.0,16.06733626412212
3011768.0,1.3575417275859414
3011769.0,115.63752236482694
3011770.0,241.20208479109309
3011771.0,0.830446459667229
3011772.0,3.9599533135950975
3011773.0,47.94656241647402
3011774.0,57.79302850659603
3011775.0,489.84450868396056
3011776.0,15.446645726388127
3011777.0,3.3420149407827124
3011778.0,3.289919239611743
3011779.0,0.7312094185217496
3011780.0,3.065536672852612
3011781.0,1671.2597746192641
3011782.0,0.025873931843745826
3011783.0,154.09253456762582
3011784.0,1.8904836265765317
3011785.0,887.4093202375457
3011786.0,319.16379449532985
3011787.0,244.7552417056646
3011788.0,88.4088482868899
3011789.0,59.58435324670073
3011790.0,2555.3750906667437
3011791.0,5.82109205521115
3011792.0,0.8716426120628802
3011793.0,12.95667197905648
3011794.0,18.36099479326579
3011795.0,0.12094582978622673
3011796.0,212.57029209461317
3011797.0,6.939751895962523
3011798.0,3.2801630005198907
3011799.0,2.9986524189346726
3011800.0,16.744573145913016
3011801.0,1.3262759399520814
3011802.0,125.696256193361
3011803.0,174.36484463167312
3011804.0,0.6590711920286974
3011805.0,4.227514295790282
3011806.0,99.21593728466252
3011807.0,48.340608354478654
3011808.0,886.544394070105
3011809.0,30.943381593958474
3011810.0,3.605073054504705
3011811.0,3.1752571101774687
3011812.0,0.14556893077262184
3011813.0,0.9922087384881721
3011814.0,1313.3878992993457
3011815.0,0.023085268910236288
3011816.0,147.78388482593323
3011817.0,4.00517734204785
3011818.0,676.4629570356809
3011819.0,234.2747481680895
3011820.0,154.57402170888884
3011821.0,118.6038546963295
3011822.0,25.256981543466665
3011823.0,1851.0371081235571
3011824.0,2.97154961368336
3011825.0,0.37195968098367016
3011826.0,7.356899923282224
3011827.0,10.665885795930304
3011828.0,0.2175314171270081
3011829.0,148.61559266089535
3011830.0,0.044281298718193245
3011831.0,3.007219028063125
3011832.0,2.56922773358182
3011833.0,19.662544400362805
3011834.0,1.024079161894215
3011835.0,51.112978776142704
3011836.0,122.56177667675664
3011837.0,0.7850580034300536
3011838.0,2.9089230112326003
3011839.0,69.5624323505815
3011840.0,35.83286389284349
3011841.0,838.2872358101381
3011842.0,3.0063578349250912
3011843.0,0.6562606983316531
3011844.0,6.782616521295816
3011845.0,0.35944441116005965
3011846.0,3.310042337285105
3011847.0,2935.4765420211515
3011848.0,0.02551460538753701
3011849.0,320.0897185070934
3011850.0,5.316801095832247
3011851.0,1139.1622847329445
3011852.0,651.9283089010445
3011853.0,475.4485867498826
3011854.0,182.48462036061406
3011855.0,82.03064157869096
3011856.0,4398.481737046575
3011857.0,14.18650497650502
3011858.0,0.8685176723390148
3011859.0,20.718346007036693
3011860.0,22.555289868672606
3011861.0,0.15925080812985049
3011862.0,257.62191689489373
3011863.0,0.43394955083259945
3011864.0,3.15350275207183
3011865.0,5.331342534259144
3011866.0,27.435730119592677
3011867.0,2.061293928791952
3011868.0,281.5183797192495
3011869.0,236.95831865174313
3011870.0,1.6230386593258062
3011871.0,5.982847651795145
3011872.0,358.3845921339599
3011873.0,52.1319101073744
3011874.0,1844.8243613218535
3011875.0,18.237274525429314
3011876.0,12.300425175259306
3011877.0,3.309522428251935
3011878.0,0.1419645907982019
3011879.0,4.007672059310957
3011880.0,2095.2171444616383
3011881.0,0.022828176838620217
3011882.0,489.8665276729702
3011883.0,4.989797769185292
3011884.0,533.1134646741514
3011885.0,565.855017372059
3011886.0,202.28282772635353
3011887.0,112.7191318162653
3011888.0,28.004665051868223
3011889.0,2627.65289857226
3011890.0,8.276643858009137
3011891.0,0.5289374503980988
3011892.0,16.02869770076814
3011893.0,12.74084818788042
3011894.0,0.13601532341793932
3011895.0,180.21886458922307
3011896.0,6.716921489177964
3011897.0,6.98923634664656
3011898.0,5.573071992785968
3011899.0,42.69962707128867
3011900.0,1.4028633087717073
3011901.0,39.38999563806955
3011902.0,138.04908365396903
3011903.0,3.5980136552422857
3011904.0,5.4354329228054645
3011905.0,57.52544610441072
3011906.0,28.689199360178456
3011907.0,2702.4582475667466
3011908.0,46.658441789352494
3011909.0,9.029464706214569
3011910.0,4.878316129292093
3011911.0,0.42290980018189256
3011912.0,3.8676104301407768
3011913.0,2126.9648360043475
3011914.0,0.027065662305717636
3011915.0,165.87388488568874
3011916.0,5.189842466591171
3011917.0,742.8036642517175
3011918.0,301.11949317404253
3011919.0,264.3315319962321
3011920.0,49.592408600759654
3011921.0,37.18416523258749
3011922.0,2800.345241351989
3011923.0,17.268414596191732
3011924.0,0.9684806656189524
3011925.0,11.089792560380126
3011926.0,14.245314334298023
3011927.0,0.1724054683007683
3011928.0,156.17065713556798
3011929.0,4.9777433115860195
3011930.0,3.2073262645408382
3011931.0,3.8961098541164296
3011932.0,30.666382504395727
3011933.0,1.4354878050507849
3011934.0,144.44050211800842
3011935.0,157.95569325978292
3011936.0,1.0184026646007878
3011937.0,3.5274197634222957
3011938.0,107.99146287567314
3011939.0,24.546838233692363
3011940.0,574.1326578431513
3011941.0,33.74836329343964
3011942.0,3.0002973930755843
3011943.0,4.7819237684161
3011944.0,0.12523630853555606
3011945.0,6.67741637917524
3011946.0,2611.506692119173
3011947.0,0.1339015305748601
3011948.0,574.8528671072104
3011949.0,9.10477599970141
3011950.0,801.4834860249358
3011951.0,759.4385005400113
3011952.0,183.34822878316191
3011953.0,146.02098078138744
3011954.0,86.98423460787195
3011955.0,3326.0982758108507
3011956.0,41.335475712396786
3011957.0,1.2138100408526387
3011958.0,16.02927132378126
3011959.0,18.431980307769713
3011960.0,0.1762335105179565
3011961.0,242.95965241697021
3011962.0,18.592436108263207
3011963.0,12.564486938024462
3011964.0,3.7689559576060963
3011965.0,57.20149736686021
3011966.0,5.64712940023353
3011967.0,411.2081512305816
3011968.0,231.78107840202432
3011969.0,6.9371122370953495
3011970.0,7.671534622081412
3011971.0,397.05984076579625
3011972.0,86.88720757917079
3011973.0,1986.032875394265
3011974.0,4.090934763851342
3011975.0,31.233526045989638
3011976.0,4.780819291354888
3011977.0,0.09701074904385046
3011978.0,4.8377820252274635
3011979.0,2844.9646889527726
3011980.0,0.028381485584904036
3011981.0,437.715359318843
3011982.0,5.977997311549851
3011983.0,1531.4949964703226
3011984.0,626.449708191419
3011985.0,538.6368553864548
3011986.0,98.14112783824719
3011987.0,66.48604019751946
3011988.0,4418.184630668711
3011989.0,9.7993756032301
3011990.0,0.3865964328449718
3011991.0,15.958447181617927
3011992.0,12.763373060726153
3011993.0,0.0988199765830574
3011994.0,286.94935973151917
3011995.0,2.483963494940766
3011996.0,8.041743601268696
3011997.0,4.039582485308652
3011998.0,38.56584495309705
3011999.0,0.8443653546441735
3012000.0,270.75683817465335
3012001.0,313.92366985318534
3012002.0,3.3121877063977787
3012003.0,3.674012368432903
3012004.0,265.43370148795253
3012005.0,50.77194995502463
3012006.0,1254.8363191587227
3012007.0,34.315028586713005
3012008.0,9.25503896689297
3012009.0,9.08449343140839
3012010.0,0.23336238531298548
3012011.0,3.934895761483407
3012012.0,2613.8185667040843
3012013.0,0.03008594428336326
3012014.0,426.46236121675776
3012015.0,4.329505936063008
3012016.0,1549.3353492710457
3012017.0,569.8952414329492
3012018.0,322.7029751019535
3012019.0,229.60899142286198
3012020.0,67.15636539893038
3012021.0,3761.3110937512583
3012022.0,13.355391726405589
3012023.0,0.598811401147303
3012024.0,35.56985232297099
3012025.0,27.04208317177595
3012026.0,0.1557518218213397
3012027.0,306.2618077551461
3012028.0,3.1021820739268504
3012029.0,4.668491579916034
3012030.0,10.266142660186482
3012031.0,73.79912396320681
3012032.0,0.9842364973817007
3012033.0,106.75781410094649
3012034.0,254.0662647984975
3012035.0,2.2428379989510403
3012036.0,4.780800405692082
3012037.0,159.8878684613758
3012038.0,134.1266037815879
3012039.0,1929.2486460769128
3012040.0,2.131568474492687
3012041.0,5.945041699397
3012042.0,4.154604730494099
3012043.0,0.15996677427549372
3012044.0,1.597513035464228
3012045.0,1558.273117273196
3012046.0,0.024543051243553906
3012047.0,130.4262549755545
3012048.0,5.709310052257123
3012049.0,611.3593523986697
3012050.0,277.9264396583991
3012051.0,137.78537658299376
3012052.0,46.96846059217363
3012053.0,41.76095775624229
3012054.0,2496.956339906891
3012055.0,7.641321665150357
3012056.0,0.5328020099248771
3012057.0,18.265851460991048
3012058.0,15.141745717230307
3012059.0,0.09253984365457035
3012060.0,159.56641634820704
3012061.0,0.5791331185739961
3012062.0,3.349359135206809
3012063.0,2.66095340626621
3012064.0,39.04671514831041
3012065.0,1.9767986400784527
3012066.0,93.01428653714052
3012067.0,146.49731464812942
3012068.0,0.9138323575236451
3012069.0,5.295869726206533
3012070.0,115.33729598158092
3012071.0,26.711018079479448
3012072.0,582.0792691062165
3012073.0,16.212667098528698
3012074.0,1.4050389716584961
3012075.0,1.6471899230021572
3012076.0,0.026644686144262342
3012077.0,2.366714592957653
3012078.0,1360.917115942175
3012079.0,0.10197959852749632
3012080.0,253.03777997715787
3012081.0,10.011226270757275
3012082.0,472.10543431018766
3012083.0,443.0439244915809
3012084.0,118.3885021110118
3012085.0,44.87903003649649
3012086.0,49.03829858535265
3012087.0,1938.2571374101435
3012088.0,22.389942488822903
3012089.0,0.37604881995841016
3012090.0,11.043788488217295
3012091.0,10.974885121631239
3012092.0,0.16124968835159056
3012093.0,116.22934977692596
3012094.0,10.242104109137568
3012095.0,1.824830052927332
3012096.0,3.813311792645033
3012097.0,41.03509227094862
3012098.0,3.9773867361483464
3012099.0,613.5340167602164
3012100.0,132.02693658064902
3012101.0,3.1313904464979716
3012102.0,3.8600000136573427
3012103.0,290.57536320292104
3012104.0,28.105808696852925
3012105.0,1060.9616937934506
3012106.0,2.865476229893098
3012107.0,6.511108780364026
3012108.0,2.8793206084481753
3012109.0,0.16440535371697537
3012110.0,6.7014095213443055
3012111.0,3290.0057505791856
3012112.0,0.12056637241588422
3012113.0,666.389801614828
3012114.0,14.99835527825509
3012115.0,1000.9864424191525
3012116.0,1138.102156952034
3012117.0,242.32948712759065
3012118.0,205.60478104462487
3012119.0,139.4642587827749
3012120.0,3749.5809364258816
3012121.0,33.346186214875914
3012122.0,0.6485498593587706
3012123.0,24.05185875340579
3012124.0,37.786711065528145
3012125.0,0.13194819911875585
3012126.0,241.73228240116882
3012127.0,12.90207342145985
3012128.0,32.01036497241477
3012129.0,8.2418028551103
3012130.0,76.55248756085902
3012131.0,10.437088340453336
3012132.0,350.7432454241843
3012133.0,256.55757682242535
3012134.0,15.461268003629051
3012135.0,7.2355016176302405
3012136.0,459.97947543806845
3012137.0,97.36733648832127
3012138.0,2990.4965439293683
3012139.0,10.076862902708118
3012140.0,19.62925885592724
3012141.0,2.6309460978416546
3012142.0,0.14737832698737927
3012143.0,3.4134288327575435
3012144.0,1535.3250240266857
3012145.0,0.09497385145353275
3012146.0,246.59288647501563
3012147.0,4.245920944903331
3012148.0,333.29990997194443
3012149.0,412.524933151881
3012150.0,105.30516439738498
3012151.0,35.80798686990425
3012152.0,27.87641745378249
3012153.0,1483.2514277360683
3012154.0,8.318411906197547
3012155.0,0.72199606009892
3012156.0,8.333784838308526
3012157.0,14.938352345926042
3012158.0,0.09010163890038739
3012159.0,80.53735326240249
3012160.0,0.07767711199365464
3012161.0,8.926345359635956
3012162.0,2.2104738688444403
3012163.0,118.12448702069291
3012164.0,4.55950161894008
3012165.0,51.84179321009782
3012166.0,82.97112293374099
3012167.0,2.9806156973465985
3012168.0,4.0372322373500715
3012169.0,45.1904791974536
3012170.0,13.611259675050306
3012171.0,641.5264336847689
3012172.0,1.6625581201970778
3012173.0,2.1465302559315695
3012174.0,4.087173153268718
3012175.0,0.023085268910236288
3012176.0,0.6556413448694244
3012177.0,1066.063476967514
3012178.0,0.10157582823922467
3012179.0,211.9766628079671
3012180.0,4.4675329877130405
3012181.0,383.10343109873884
3012182.0,218.19109938966128
3012183.0,71.84894415844789
3012184.0,33.05543405469005
3012185.0,29.157038825635027
3012186.0,1561.8297607447412
3012187.0,12.897354643152731
3012188.0,0.4852380866360825
3012189.0,9.923853793020559
3012190.0,10.220077042499488
3012191.0,0.24914938014843588
3012192.0,78.4121732853568
3012193.0,0.2416402791532195
3012194.0,4.685013721698206
3012195.0,1.0343576019004654
3012196.0,16.795188729644472
3012197.0,0.2250060280911137
3012198.0,208.260644264785
3012199.0,119.29952200949313
3012200.0,1.6642427386139538
3012201.0,1.7205771977077622
3012202.0,112.47058104441953
3012203.0,19.41085191201112
3012204.0,397.0042138549744
3012205.0,1.4808153483148638
3012206.0,1.839262478095306
3012207.0,4.983152544676847
3012208.0,0.12738634632272547
3012209.0,2.2592697800970756
3012210.0,2823.0216376391236
3012211.0,0.12919887886686152
3012212.0,569.5298004340685
3012213.0,11.35171428424386
3012214.0,810.1053750020183
3012215.0,876.935437328646
3012216.0,256.76670934084495
3012217.0,210.47346752054122
3012218.0,85.35414711188312
3012219.0,3450.174152295871
3012220.0,23.55837668134319
3012221.0,1.6006152196908183
3012222.0,19.783072770041755
3012223.0,22.246154031442504
3012224.0,0.3308887273975051
3012225.0,240.7248418643603
3012226.0,4.628045795956501
3012227.0,25.72776040232688
3012228.0,5.839757573598524
3012229.0,75.04531582248865
3012230.0,2.4790037451745857
3012231.0,249.04726948759514
3012232.0,209.92549676450182
3012233.0,8.180066407548253
3012234.0,7.39211940576699
3012235.0,351.5924592237055
3012236.0,66.6438770369029
3012237.0,2236.9485732326057
3012238.0,1.6318360726912904
3012239.0,11.032563976810003
3012240.0,6.157317104033217
3012241.0,0.0947121618170716
3012242.0,3.447865703858596
3012243.0,3193.6370009677476
3012244.0,0.027806497888954156
3012245.0,640.5450302907899
3012246.0,11.565541868780592
3012247.0,1315.2468191735593
3012248.0,952.5482022307395
3012249.0,363.9970913518766
3012250.0,292.03299618507356
3012251.0,61.27091199280126
3012252.0,4476.6723182217065
3012253.0,11.727279038011925
3012254.0,0.8266601007399152
3012255.0,33.953583994220836
3012256.0,16.650645318960024
3012257.0,0.4511977808264853
3012258.0,269.82727677543556
3012259.0,0.09749407017489198
3012260.0,4.718426369111977
3012261.0,4.101454637627337
3012262.0,36.736360905160666
3012263.0,0.9958032612890997
3012264.0,199.8192584977279
3012265.0,308.0271075096641
3012266.0,4.213184077391487
3012267.0,3.5281906937624137
3012268.0,212.29293653813187
3012269.0,84.40523639262213
3012270.0,2343.919228622159
3012271.0,1.8736419262289248
3012272.0,2.9005060677093537
3012273.0,4.539382756655225
3012274.0,0.2734458514411372
3012275.0,3.957265580439441
3012276.0,2794.6851057343774
3012277.0,0.03180644590938489
3012278.0,585.2733021020015
3012279.0,11.37287381755369
3012280.0,982.2795640191118
3012281.0,676.4611473404034
3012282.0,243.05520407342115
3012283.0,196.9522681646421
3012284.0,53.2613614710685
3012285.0,3669.031160221971
3012286.0,13.886823614624529
3012287.0,0.7959951452412641
3012288.0,23.875032702852785
3012289.0,16.156087065206236
3012290.0,0.1026819171371704
3012291.0,245.76098701679825
3012292.0,0.08291464463039572
3012293.0,7.958674698340256
3012294.0,4.074323580328564
3012295.0,61.126221764605866
3012296.0,1.0361811085913224
3012297.0,127.44099746935608
3012298.0,258.6785770872115
3012299.0,5.189657046749906
3012300.0,3.7035684303401326
3012301.0,204.96484010725362
3012302.0,59.921405556946
3012303.0,1889.4343595941516
3012304.0,1.6120590002926525
3012305.0,5.151781132232772
3012306.0,10.369593420549577
3012307.0,1.0009678390923478
3012308.0,14.020397720496012
3012309.0,6606.7313961760865
3012310.0,0.12735561355711336
3012311.0,1020.9516825983353
3012312.0,25.84497058564252
3012313.0,1792.2591918317776
3012314.0,1784.231695829933
3012315.0,303.8591108176362
3012316.0,398.4399454215905
3012317.0,271.85649972362506
3012318.0,6543.593551449519
3012319.0,72.6247811116643
3012320.0,2.4359235113800715
3012321.0,44.987524202299035
3012322.0,62.04322929102939
3012323.0,0.48559915503049544
3012324.0,500.7116622570056
3012325.0,32.73854924273897
3012326.0,54.441660993969734
3012327.0,21.160524238769362
3012328.0,140.84357067340224
3012329.0,21.121418834355847
3012330.0,589.0307579074497
3012331.0,453.05274936875105
3012332.0,18.76129622012448
3012333.0,19.804632130894475
3012334.0,891.6926027834204
3012335.0,222.53067708876716
3012336.0,5830.194813761109
3012337.0,1.592690864896122
3012338.0,74.95492483999783
3012339.0,2.259942391900815
3012340.0,0.21031532345263804
3012341.0,0.8506207615773224
3012342.0,1572.6645662160154
3012343.0,0.023513340762336545
3012344.0,175.79131788154018
3012345.0,3.6334492317579867
3012346.0,805.0076195256618
3012347.0,285.80746948117724
3012348.0,120.43646933627255
3012349.0,120.2833793434684
3012350.0,43.43459280769443
3012351.0,2029.0244267828753
3012352.0,4.065873656344149
3012353.0,0.22136559482770235
3012354.0,14.128128597789413
3012355.0,9.222052378111648
3012356.0,0.14305695499768023
3012357.0,190.37509413253497
3012358.0,0.2743549263987046
3012359.0,3.0380800158229455
3012360.0,2.8530722764099927
3012361.0,19.04510967945668
3012362.0,0.5515189631388059
3012363.0,71.21309947614402
3012364.0,91.66393447580693
3012365.0,1.4528134383295241
3012366.0,4.490144148797244
3012367.0,105.70956937252173
3012368.0,20.389411877647255
3012369.0,983.8697554895612
3012370.0,1.5760096430305015
3012371.0,3.8553954934784525
3012372.0,6.44371755866872
3012373.0,0.21045227637631772
3012374.0,2.2532512685957595
3012375.0,3953.8809939929015
3012376.0,0.03542972046399322
3012377.0,568.8882312971734
3012378.0,8.262359994307454
3012379.0,1276.318536599365
3012380.0,635.3159367252102
3012381.0,218.65647836625038
3012382.0,312.98382163425293
3012383.0,78.76250617350243
3012384.0,4389.574205948499
3012385.0,10.8044370539695
3012386.0,0.34235579757921464
3012387.0,20.70689276409648
3012388.0,22.172099242253335
3012389.0,0.10863687986923858
3012390.0,260.0509141738531
3012391.0,1.2605184493272825
3012392.0,4.547099527165123
3012393.0,8.254525701318954
3012394.0,16.29183260671512
3012395.0,1.3514178086460917
3012396.0,327.2134738720802
3012397.0,248.47386702789066
3012398.0,3.405271575288465
3012399.0,6.201167170951122
3012400.0,127.99440440569921
3012401.0,56.320956316609006
3012402.0,2042.6600172358628
3012403.0,1.685415471984051
3012404.0,5.415844875196713
3012405.0,1.28567086226769
3012406.0,0.0382988064334388
3012407.0,0.7214397383754706
3012408.0,1079.946335817709
3012409.0,0.023085268910236288
3012410.0,113.3213076431816
3012411.0,2.750840332503091
3012412.0,866.8239742562821
3012413.0,148.15027846459748
3012414.0,106.22602078086308
3012415.0,146.49702845921342
3012416.0,16.369495603043916
3012417.0,1488.3867534381338
3012418.0,1.280503806156146
3012419.0,0.1935591458705514
3012420.0,8.433168395619084
3012421.0,3.318653724875532
3012422.0,0.08111799557813087
3012423.0,91.07305542273996
3012424.0,0.0409715482543797
3012425.0,2.761532507236924
3012426.0,0.8760573535409564
3012427.0,11.325099944795856
3012428.0,0.2626490319697266
3012429.0,64.31127495262521
3012430.0,82.09300015492713
3012431.0,0.41355642746209276
3012432.0,0.9918063688704746
3012433.0,53.29948160460898
3012434.0,8.939199944007996
3012435.0,331.33688123238045
3012436.0,2.7203114713872365
3012437.0,1.266624844270985
3012438.0,7.2186118967185795
3012439.0,0.1571438795327657
3012440.0,1.3533314813625326
3012441.0,1951.1000404265264
3012442.0,0.02322490355903991
3012443.0,237.0557960813299
3012444.0,5.226987058150097
3012445.0,1049.9630946297382
3012446.0,384.5561919602174
3012447.0,168.02367013738223
3012448.0,99.81006279935477
3012449.0,48.627823395969955
3012450.0,2839.3369440054385
3012451.0,3.4165446736925666
3012452.0,0.35142885906480925
3012453.0,22.957102544853395
3012454.0,14.194524665321794
3012455.0,0.16514749146142646
3012456.0,191.54176820943223
3012457.0,0.0483347385750323
3012458.0,3.3881020599624696
3012459.0,11.781495288726283
3012460.0,16.933022022244195
3012461.0,1.10072443787281
3012462.0,229.55610745342653
3012463.0,187.8677821445733
3012464.0,1.3185163810688896
3012465.0,4.130854836222817
3012466.0,194.55282819364635
3012467.0,24.531900397492496
3012468.0,1875.7497140375444
3012469.0,3.1676744465056355
3012470.0,0.8680225296471054
3012471.0,2.8789544600405876
3012472.0,0.23395682579009727
3012473.0,1.450991404644441
3012474.0,1963.7030004290204
3012475.0,0.044027523013370456
3012476.0,604.2558804443372
3012477.0,5.583490005706414
3012478.0,788.8775380680459
3012479.0,552.7921000554333
3012480.0,210.070928002544
3012481.0,101.15923969780512
3012482.0,59.84931615459196
3012483.0,3244.86750140007
3012484.0,5.792556275198686
3012485.0,2.6471945579244176
3012486.0,37.844219157980866
3012487.0,40.74462127267648
3012488.0,0.17205259655867317
3012489.0,199.8862577208619
3012490.0,1.8471327698301294
3012491.0,7.68201271162669
3012492.0,3.104274836848003
3012493.0,22.212520069011884
3012494.0,1.651870703557649
3012495.0,150.7652061744115
3012496.0,226.89059104522786
3012497.0,3.3597039094144794
3012498.0,5.15478366968401
3012499.0,130.86561078778897
3012500.0,29.219512293002172
3012501.0,959.9944640519773
3012502.0,2.339143284400236
3012503.0,2.568946440882095
3012504.0,3.261784252868454
3012505.0,0.08111799557813087
3012506.0,0.6218399542413718
3012507.0,1130.0992324906397
3012508.0,0.023085268910236288
3012509.0,96.26808806433425
3012510.0,2.366364419720581
3012511.0,401.1533010268961
3012512.0,135.67608532842124
3012513.0,73.19101217587594
3012514.0,71.36289339365027
3012515.0,28.9271311741025
3012516.0,1760.271099539178
3012517.0,4.713806164186442
3012518.0,0.25200434281263295
3012519.0,7.905003152468704
3012520.0,6.016853413297483
3012521.0,0.11549394785806037
3012522.0,104.2828932101456
3012523.0,0.0409715482543797
3012524.0,3.049807153042283
3012525.0,0.8295066443601178
3012526.0,16.38786209062188
3012527.0,0.4213777797266415
3012528.0,166.56028380756527
3012529.0,98.44998440513709
3012530.0,0.6146200463714844
3012531.0,1.028448813177379
3012532.0,43.06043827259957
3012533.0,14.538863684335782
3012534.0,534.3130070414829
3012535.0,1.5116461132388106
3012536.0,0.4532487217803971
3012537.0,3.664911388032304
3012538.0,0.09010076934827069
3012539.0,0.8085846512132111
3012540.0,2898.659659981099
3012541.0,0.023513340762336545
3012542.0,476.03838733818435
3012543.0,6.449018145642739
3012544.0,830.1384236470708
3012545.0,609.1389742473782
3012546.0,199.06007166198532
3012547.0,127.11134654842967
3012548.0,60.82915959582887
3012549.0,3861.8860745378884
3012550.0,4.702047975927972
3012551.0,0.3698623082122936
3012552.0,17.91924784962768
3012553.0,10.665851947350033
3012554.0,0.16125102568460048
3012555.0,209.52623661338157
3012556.0,0.051734260822700405
3012557.0,25.183895057288215
3012558.0,2.569768437751958
3012559.0,40.18531241232242
3012560.0,0.5886427128371382
3012561.0,218.79405517799378
3012562.0,188.90761215693033
3012563.0,2.03517680912908
3012564.0,3.874055857224336
3012565.0,128.47179203180792
3012566.0,43.13293723084225
3012567.0,2000.5590769921837
3012568.0,1.4650369043301623
3012569.0,0.7975821990079421
3012570.0,3.878765275901142
3012571.0,0.19478860356232602
3012572.0,6.334874605387915
3012573.0,2750.147671011686
3012574.0,0.12894947208818497
3012575.0,511.5664940149363
3012576.0,7.499301237950883
3012577.0,1034.5541578383738
3012578.0,782.2094134812382
3012579.0,148.20138340681603
3012580.0,119.69701029021411
3012581.0,119.7237414963725
3012582.0,3684.377137995438
3012583.0,51.08147900844045
3012584.0,1.2412675733521592
3012585.0,21.34069976770229
3012586.0,24.093099043086106
3012587.0,0.229911994036404
3012588.0,251.31215061709725
3012589.0,20.58664160922064
3012590.0,23.906759336552238
3012591.0,1.9779306954967542
3012592.0,91.12958618608994
3012593.0,7.20817975710715
3012594.0,214.47202129917085
3012595.0,229.5985575318834
3012596.0,10.056068167899799
3012597.0,11.994003370303158
3012598.0,218.19435063765422
3012599.0,61.17108183738655
3012600.0,2117.8952869358814
3012601.0,5.999947038875924
3012602.0,9.463977525481866
3012603.0,5.184801184141984
3012604.0,0.05140696259491085
3012605.0,6.752368508105217
3012606.0,2403.5643330289595
3012607.0,0.11022432608016892
3012608.0,391.7646769873333
3012609.0,9.432446523113002
3012610.0,794.9125018729956
3012611.0,659.7812215444496
3012612.0,136.62024929467708
3012613.0,80.73766529731836
3012614.0,83.38449212570501
3012615.0,3084.8708812573645
3012616.0,21.338309433269785
3012617.0,1.2262281325120212
3012618.0,33.71356023055779
3012619.0,53.88011613276373
3012620.0,0.11241037193563959
3012621.0,269.11356039114224
3012622.0,15.494096314049736
3012623.0,16.340262442277528
3012624.0,6.286283018959123
3012625.0,60.850995760037804
3012626.0,8.177048648025004
3012627.0,113.77051440726186
3012628.0,341.8408326115666
3012629.0,6.572096684419726
3012630.0,8.298005767093642
3012631.0,102.50345909381986
3012632.0,68.22974339530631
3012633.0,1523.4745104337744
3012634.0,2.0956622945246925
3012635.0,12.115184519351573
3012636.0,8.301210121750636
3012637.0,0.18048317488979057
3012638.0,2.7477672645169493
3012639.0,4157.38980489128
3012640.0,0.04218537644574097
3012641.0,652.3127334722724
3012642.0,5.509516945402909
3012643.0,1793.1652842323874
3012644.0,619.714374224599
3012645.0,200.44086185123473
3012646.0,296.95804412053707
3012647.0,63.227028523940334
3012648.0,4730.178462460136
3012649.0,30.2072826278528
3012650.0,1.446544126160489
3012651.0,20.56444431518846
3012652.0,16.475884340341167
3012653.0,0.17392897031728277
3012654.0,390.8291084562635
3012655.0,4.710360215621149
3012656.0,14.451554827596361
3012657.0,5.580474541093777
3012658.0,37.77336975914913
3012659.0,1.8913953532461254
3012660.0,152.58380908854056
3012661.0,307.9942474807261
3012662.0,5.9638608954309476
3012663.0,8.58905580585385
3012664.0,186.14666607704297
3012665.0,52.82111111736157
3012666.0,2529.893700868246
3012667.0,9.395023309482799
3012668.0,14.390643906284172
3012669.0,3.279446334555152
3012670.0,0.5412973183196725
3012671.0,4.354766505555752
3012672.0,2312.6052661330277
3012673.0,0.10672243208377882
3012674.0,323.11094109270977
3012675.0,5.442204727613801
3012676.0,737.6560654729608
3012677.0,627.7465040522923
3012678.0,166.61675922109342
3012679.0,123.24735247879553
3012680.0,72.76637533954633
3012681.0,3160.633387465765
3012682.0,18.548931129813624
3012683.0,1.1453712821612059
3012684.0,10.795089877115977
3012685.0,11.618654849485974
3012686.0,0.13976272453925337
3012687.0,235.69334714788113
3012688.0,18.236726926299117
3012689.0,16.908383488096597
3012690.0,2.546648575843644
3012691.0,51.64671295060042
3012692.0,5.0874014930327185
3012693.0,336.46393993696444
3012694.0,208.51218320962306
3012695.0,4.788424107491168
3012696.0,6.878707563928778
3012697.0,323.8709534247385
3012698.0,48.32368794709785
3012699.0,1865.8535601917079
3012700.0,3.374150662191519
3012701.0,20.041144520022705
3012702.0,3.3419273521528123
3012703.0,0.18295905876528068
3012704.0,2.4502958375026704
3012705.0,3650.7246263570337
3012706.0,0.028674844727573357
3012707.0,439.44988092776265
3012708.0,5.301823188206733
3012709.0,1904.6793943868684
3012710.0,589.047366522961
3012711.0,269.6047518408096
3012712.0,171.22417825103972
3012713.0,60.81478954942096
3012714.0,4883.163082970075
3012715.0,9.751946902553396
3012716.0,1.4311530092607192
3012717.0,32.792232586500035
3012718.0,21.636647212500463
3012719.0,0.1815360598118938
3012720.0,516.1599511422924
3012721.0,0.0739684358928219
3012722.0,1.9473009463478932
3012723.0,6.64732678255767
3012724.0,28.79848671508791
3012725.0,1.3623944270617399
3012726.0,124.08071802840243
3012727.0,276.97085183352823
3012728.0,3.073497437021279
3012729.0,8.973620704462602
3012730.0,176.62110476756783
3012731.0,60.49472363599536
3012732.0,1738.8426996626376
3012733.0,4.389997372298695
3012734.0,3.857469259798049
3012735.0,6.038299362998538
3012736.0,0.10550128183179179
3012737.0,6.6588300675888
3012738.0,2179.211450338984
3012739.0,0.1119686350890827
3012740.0,399.9739812379096
3012741.0,8.123666567275517
3012742.0,914.1593963340422
3012743.0,595.6350401251368
3012744.0,211.53229138886502
3012745.0,116.92643441757626
3012746.0,89.32213972657796
3012747.0,3369.5346172420973
3012748.0,32.796433443857794
3012749.0,1.0771768078492745
3012750.0,20.078602599139046
3012751.0,31.644634756831984
3012752.0,0.13770551110039467
3012753.0,230.87856226678775
3012754.0,12.980335944060888
3012755.0,16.285776320907615
3012756.0,7.545140624312901
3012757.0,79.2470559041729
3012758.0,7.373989261744853
3012759.0,166.24126502237334
3012760.0,513.4513596705141
3012761.0,10.81411317186799
3012762.0,8.810972968135877
3012763.0,176.53872480113216
3012764.0,47.21726506109887
3012765.0,1763.0307029383325
3012766.0,1.4263417392365632
3012767.0,4.789772526382842
3012768.0,3.181592883104938
3012769.0,0.16534446607981618
3012770.0,4.687686697190685
3012771.0,2836.905330600149
3012772.0,0.10880341192848705
3012773.0,457.0866053581347
3012774.0,7.562600788644407
3012775.0,693.58320213873
3012776.0,781.250732675403
3012777.0,152.06653229829874
3012778.0,118.84282605420003
3012779.0,107.89645721608005
3012780.0,2957.2533545236147
3012781.0,26.317140685615076
3012782.0,0.6949001375894852
3012783.0,19.94024360070996
3012784.0,13.81936540190252
3012785.0,0.1086660998954617
3012786.0,194.16107431767315
3012787.0,12.77018457720773
3012788.0,31.323197516389207
3012789.0,3.1953723796357765
3012790.0,52.591789320054914
3012791.0,6.965850886210998
3012792.0,201.88754214095346
3012793.0,197.20463495091448
3012794.0,7.172338711870206
3012795.0,7.272093738952257
3012796.0,200.32219019241052
3012797.0,47.056062171475716
3012798.0,2029.6816101936656
3012799.0,6.4534692733978245
3012800.0,13.651383441414698
3012801.0,4.281571315808747
3012802.0,0.12829479253347126
3012803.0,2.09257533275468
3012804.0,4630.506516363886
3012805.0,0.023085268910236288
3012806.0,515.9192689652466
3012807.0,11.928217147927288
3012808.0,1070.824568136233
3012809.0,601.4044055174411
3012810.0,239.95714254960495
3012811.0,172.63523770737788
3012812.0,46.75895523674426
3012813.0,4453.52538066477
3012814.0,6.74377242651444
3012815.0,0.23727889642634853
3012816.0,13.232001669056
3012817.0,14.386337581021152
3012818.0,0.08856759642370621
3012819.0,219.02701201965738
3012820.0,0.044920114986042974
3012821.0,8.507504090704852
3012822.0,1.1297649265680372
3012823.0,49.8865365363626
3012824.0,1.8515327894094302
3012825.0,206.16969893497145
3012826.0,239.72844775940166
3012827.0,3.06163119379874
3012828.0,1.871744040347843
3012829.0,245.84268100859674
3012830.0,138.0864264818348
3012831.0,1685.0680467864727
3012832.0,1.6184266793918047
3012833.0,0.5921728640704219
3012834.0,10.631546625077661
3012835.0,0.053142918223146256
3012836.0,12.777082347980993
3012837.0,7161.299916055548
3012838.0,0.12735561355711336
3012839.0,1397.727409002625
3012840.0,21.38592240256917
3012841.0,2317.281605119886
3012842.0,1981.912538466746
3012843.0,466.1423368229007
3012844.0,477.16881590477817
3012845.0,375.6424532779354
3012846.0,7496.526003843433
3012847.0,84.69755254946759
3012848.0,3.652123880770917
3012849.0,88.48720276657089
3012850.0,106.49346631515758
3012851.0,0.44714323522670285
3012852.0,624.3242366302268
3012853.0,35.96804269263535
3012854.0,19.308123605369836
3012855.0,23.98114562640287
3012856.0,223.55390591657732
3012857.0,20.055114196004293
3012858.0,692.577723273759
3012859.0,499.9649566604958
3012860.0,32.59514429553795
3012861.0,35.79845928697607
3012862.0,876.7708865202211
3012863.0,264.13689086503615
3012864.0,6501.000268327762
3012865.0,94.1059512366109
3012866.0,80.92408058117316
3012867.0,13.88213399329932
3012868.0,0.043585635671023186
3012869.0,12.788346637773415
3012870.0,6988.884285883527
3012871.0,0.12289815842868204
3012872.0,958.826704898054
3012873.0,22.27326480154293
3012874.0,2162.5199947003916
3012875.0,1816.0983815093007
3012876.0,560.4579955622962
3012877.0,316.9527285650256
3012878.0,237.9899670661598
3012879.0,8413.038538851391
3012880.0,123.56257228769665
3012881.0,1.3135627002051664
3012882.0,54.03316860412204
3012883.0,70.66354721260407
3012884.0,0.699074062208697
3012885.0,584.6638407117962
3012886.0,21.721325042184894
3012887.0,31.07024148497539
3012888.0,13.268533200707594
3012889.0,149.2581619039924
3012890.0,15.377942355912364
3012891.0,864.4445995103747
3012892.0,617.4396005847917
3012893.0,18.45151670985031
3012894.0,21.753105648669216
3012895.0,971.8025430175428
3012896.0,185.17573304715188
3012897.0,4526.876188349401
3012898.0,259.446354801214
3012899.0,68.30660750909487
3012900.0,9.647849845266197
3012901.0,0.04124081848351907
3012902.0,14.559586474454797
3012903.0,4665.162820004938
3012904.0,0.19253052591567016
3012905.0,744.8374324603467
3012906.0,11.205033351950235
3012907.0,1934.648969014483
3012908.0,1301.874718650637
3012909.0,678.7059822175428
3012910.0,125.4505064267863
3012911.0,185.09126554019855
3012912.0,7115.809084205229
3012913.0,43.88871277244392
3012914.0,1.7685051497902298
3012915.0,29.64439934477719
3012916.0,20.981137620520027
3012917.0,0.31882376016281005
3012918.0,515.3980123607279
3012919.0,25.231217879375297
3012920.0,19.063148990722567
3012921.0,7.773952457214219
3012922.0,85.51562765804485
3012923.0,6.8141057708692765
3012924.0,852.5262672217168
3012925.0,626.827250287192
3012926.0,17.6935429060115
3012927.0,39.1600290098953
3012928.0,637.3571628980735
3012929.0,116.50029802538089
3012930.0,2048.81162983048
3012931.0,252.0629208921412
3012932.0,39.13373067127644
3012933.0,13.72251139814069
3012934.0,0.04331677468656253
3012935.0,17.6723284641077
3012936.0,6315.3754391448365
3012937.0,0.11814937269801265
3012938.0,950.089715638224
3012939.0,19.633748953098507
3012940.0,2034.554769056247
3012941.0,1806.477042459538
3012942.0,549.8118618082913
3012943.0,287.90118922765
3012944.0,196.65925778277335
3012945.0,7674.832593312448
3012946.0,45.76740745590084
3012947.0,1.5203652651081792
3012948.0,41.47968213488386
3012949.0,67.33345985964074
3012950.0,0.6046547532062942
3012951.0,576.1929903698592
3012952.0,38.223717129749765
3012953.0,19.675145693578706
3012954.0,10.95375709166436
3012955.0,134.3880805463042
3012956.0,9.574426170552119
3012957.0,732.5068083531851
3012958.0,643.7637894234678
3012959.0,18.0721705809364
3012960.0,27.090153493222353
3012961.0,938.5488580626575
3012962.0,174.4884571084694
3012963.0,4249.206459538145
3012964.0,329.6190107372088
3012965.0,53.880691906511295
3012966.0,9.959025289621593
3012967.0,0.03501095268049287
3012968.0,18.066696512607635
3012969.0,3921.2123670681276
3012970.0,0.1083991806598616
3012971.0,640.9736679388576
3012972.0,12.839532740003689
3012973.0,1882.908437253384
3012974.0,1013.7714062238223
3012975.0,466.5943473716744
3012976.0,98.98939968451646
3012977.0,145.97709876037612
3012978.0,5962.2897006636595
3012979.0,40.902568125726866
3012980.0,0.5923799155651674
3012981.0,23.75690168988784
3012982.0,32.210122101844135
3012983.0,0.23183334269708109
3012984.0,518.4647535929341
3012985.0,21.735067866748174
3012986.0,8.401479136089732
3012987.0,6.942114213694045
3012988.0,81.72707300978095
3012989.0,4.802951851326659
3012990.0,712.68481596529
3012991.0,654.6422720310841
3012992.0,13.174846738869377
3012993.0,20.375730155810647
3012994.0,627.439435784279
3012995.0,72.55752130054194
3012996.0,1523.8021097903288
3012997.0,98.2261954005591
3012998.0,17.251647740622413
3012999.0,10.789662267836244
3013000.0,0.05000669690370923
3013001.0,12.355816095334884
3013002.0,5341.343229954197
3013003.0,0.1239772707200181
3013004.0,967.3314214885752
3013005.0,21.170114171848716
3013006.0,1666.7948921588368
3013007.0,1873.0875878797724
3013008.0,393.6927415141742
3013009.0,406.79205289204674
3013010.0,243.74476820641843
3013011.0,6707.907479242902
3013012.0,71.71169166982386
3013013.0,1.4420590995377962
3013014.0,55.898519463610796
3013015.0,45.10277233637332
3013016.0,0.3512524878229239
3013017.0,456.6130322664991
3013018.0,16.23493184066149
3013019.0,23.795316645589565
3013020.0,12.721358945025674
3013021.0,161.4100615466504
3013022.0,13.20827609386015
3013023.0,627.6483069573253
3013024.0,451.3021262002525
3013025.0,16.135622598828267
3013026.0,25.342860482143315
3013027.0,839.5693696192322
3013028.0,197.06140146390973
3013029.0,5449.532834269342
3013030.0,158.88832744063285
3013031.0,65.65913903557023
3013032.0,5.370572089165819
3013033.0,0.31984885931571394
3013034.0,6.790845278393339
3013035.0,1660.0650667109464
3013036.0,0.11872194294520805
3013037.0,296.4978817785636
3013038.0,19.615121898735218
3013039.0,770.8378550415259
3013040.0,457.337873986565
3013041.0,213.7466422472619
3013042.0,79.54641322043067
3013043.0,67.493828957278
3013044.0,2529.881152664873
3013045.0,49.93498052869122
3013046.0,0.8427808711413667
3013047.0,26.150642469075805
3013048.0,20.08513171945717
3013049.0,0.23480581131395745
3013050.0,218.92474385692964
3013051.0,11.150799907184956
3013052.0,7.376542372359661
3013053.0,8.962907644088553
3013054.0,44.43027951072702
3013055.0,5.12398024662165
3013056.0,228.3125506248161
3013057.0,220.2746121248822
3013058.0,2.641874290049807
3013059.0,5.73555134847831
3013060.0,199.35887395972293
3013061.0,51.90135421991251
3013062.0,1365.9873377761674
3013063.0,1.345438787312743
3013064.0,7.883792870544656
3013065.0,8.281546439972297
3013066.0,0.041664992144095414
3013067.0,12.459168278612845
3013068.0,3964.8295001599054
3013069.0,0.1208365065466798
3013070.0,503.83902420191583
3013071.0,24.2956576849541
3013072.0,1646.6435077244982
3013073.0,1004.2435324880912
3013074.0,405.58095682483884
3013075.0,90.54847358065331
3013076.0,113.90882345820788
3013077.0,5785.047568460406
3013078.0,77.31701160752263
3013079.0,0.9894538770966821
3013080.0,43.89309532271646
3013081.0,36.30243129250098
3013082.0,0.19095580186752886
3013083.0,441.59435588171755
3013084.0,15.788113419373886
3013085.0,5.627898910817882
3013086.0,2.818202583486579
3013087.0,88.02098344068088
3013088.0,6.14371479439891
3013089.0,486.8519372692646
3013090.0,436.5622169167861
3013091.0,10.383485337879806
3013092.0,21.55516439453518
3013093.0,370.991139362611
3013094.0,68.30152208818458
3013095.0,1814.1531528744722
3013096.0,127.72242292769043
3013097.0,16.401887258558347
3013098.0,6.722240884752297
3013099.0,0.04584792903215056
3013100.0,4.530328443103951
3013101.0,3960.098421094517
3013102.0,0.12129465937377329
3013103.0,751.540137242067
3013104.0,7.599831713406237
3013105.0,1269.5785774027238
3013106.0,1355.460459833576
3013107.0,216.68376249123804
3013108.0,291.95113758967364
3013109.0,196.19002260937293
3013110.0,4473.382689649752
3013111.0,32.50769103075658
3013112.0,1.2609914572768919
3013113.0,30.8553505525825
3013114.0,32.78239809264415
3013115.0,0.46099045116201737
3013116.0,310.14072080021305
3013117.0,2.4081290559728226
3013118.0,36.565313748450386
3013119.0,5.011879951530162
3013120.0,94.4178519767272
3013121.0,7.8740854118914
3013122.0,502.2768044824226
3013123.0,271.35919940334793
3013124.0,18.260676575583815
3013125.0,8.309876034335398
3013126.0,604.1774866152925
3013127.0,95.71725710142358
3013128.0,4275.542721587917
3013129.0,3.3923805136487455
3013130.0,42.427208115578324
3013131.0,8.593421033779613
3013132.0,0.024187079420257458
3013133.0,7.488784541027502
3013134.0,3916.486773596549
3013135.0,0.024187079420257458
3013136.0,629.5856896490028
3013137.0,8.158469786181954
3013138.0,1322.568379904026
3013139.0,894.8114567847742
3013140.0,296.5721055847282
3013141.0,168.9716730706436
3013142.0,205.08061162026553
3013143.0,4735.309003780205
3013144.0,44.92119761174146
3013145.0,2.2573293949938877
3013146.0,38.24265056733016
3013147.0,38.46720061987547
3013148.0,0.2575532785807154
3013149.0,318.5797775005684
3013150.0,6.03085695366293
3013151.0,37.38380243110464
3013152.0,6.380636874083054
3013153.0,140.8645652102112
3013154.0,5.988156059179617
3013155.0,369.53282134149373
3013156.0,276.62603652259713
3013157.0,12.091950258542505
3013158.0,18.62576341922227
3013159.0,381.39785887770216
3013160.0,107.98362688756717
3013161.0,3306.4258966285734
3013162.0,2.4253170530129196
3013163.0,6.85058365996723
3013164.0,6.862075644288899
3013165.0,0.12213494554330637
3013166.0,2.543825004114334
3013167.0,2067.1612238708826
3013168.0,0.11783733531374142
3013169.0,425.55053645878274
3013170.0,6.029268276825141
3013171.0,841.7848976117607
3013172.0,489.5587314325404
3013173.0,174.7414294333114
3013174.0,83.99186511876431
3013175.0,98.89872657588127
3013176.0,2678.9765281033633
3013177.0,16.496235410700205
3013178.0,1.0942366337610037
3013179.0,20.582326224171876
3013180.0,21.29932037518642
3013181.0,0.16175478195697224
3013182.0,205.76758366989247
3013183.0,2.8634441139637508
3013184.0,10.93706509891156
3013185.0,5.113905989006904
3013186.0,50.651801864115896
3013187.0,2.6187323594490426
3013188.0,219.19521067226378
3013189.0,195.60877168101752
3013190.0,4.357539638186753
3013191.0,5.023164185423404
3013192.0,150.10872161119732
3013193.0,51.965558684894404
3013194.0,1480.92612407774
3013195.0,1.2873918936706623
3013196.0,2.596032191523297
3013197.0,4.657444234428304
3013198.0,0.023085268910236288
3013199.0,1.9418821614888233
3013200.0,2585.3570042033643
3013201.0,0.023085268910236288
3013202.0,230.56506042126284
3013203.0,3.450014214568172
3013204.0,984.3287892660163
3013205.0,224.26677082522917
3013206.0,226.04322887884865
3013207.0,84.16832003395473
3013208.0,29.96953765025016
3013209.0,2891.2581707232866
3013210.0,5.9261449428223045
3013211.0,0.5490985702834139
3013212.0,14.659826577704315
3013213.0,10.338933376638252
3013214.0,0.08245529470153729
3013215.0,242.47691756470482
3013216.0,0.04225927819941349
3013217.0,2.9496102428651283
3013218.0,3.296821492640997
3013219.0,15.216634266270168
3013220.0,0.7605047524676531
3013221.0,49.76306279156442
3013222.0,154.70022596453478
3013223.0,0.19379316638392102
3013224.0,1.9690985221330488
3013225.0,62.15793065519595
3013226.0,78.36477852773267
3013227.0,817.7285976819953
3013228.0,2.7560622262545005
3013229.0,1.682891419747074
3013230.0,5.194976148540803
3013231.0,0.152181788509953
3013232.0,6.101826648036587
3013233.0,3138.771368237044
3013234.0,0.19059018115661658
3013235.0,488.51119655358593
3013236.0,9.747582372536368
3013237.0,1165.450324780314
3013238.0,858.7911139191755
3013239.0,315.9618326028051
3013240.0,144.77455843739602
3013241.0,124.95472608297423
3013242.0,4052.3581137670844
3013243.0,28.073576398801325
3013244.0,0.8152144208119118
3013245.0,20.71359688869159
3013246.0,46.662601649115985
3013247.0,0.11284417498991657
3013248.0,298.00810671410045
3013249.0,18.919513141107863
3013250.0,11.135575689166494
3013251.0,9.703259169217723
3013252.0,55.23414298130322
3013253.0,5.469510238480291
3013254.0,401.898731627627
3013255.0,302.6397692352059
3013256.0,7.944146315548125
3013257.0,10.83685831429264
3013258.0,461.66421860066043
3013259.0,72.39656645712668
3013260.0,1942.116059283044
3013261.0,4.619278245463743
3013262.0,30.1758679018191
3013263.0,4.924832426442469
3013264.0,0.13313681334020014
3013265.0,4.802599285272968
3013266.0,3596.1778475995043
3013267.0,0.1962180925392148
3013268.0,590.5640588231438
3013269.0,15.83971620481611
3013270.0,1109.5043048640625
3013271.0,1114.1543685056456
3013272.0,180.59639105294457
3013273.0,238.02852111301019
3013274.0,196.17744729620745
3013275.0,3725.261072169261
3013276.0,40.280272898718884
3013277.0,2.6291947376404283
3013278.0,22.53366635816193
3013279.0,24.221914926487855
3013280.0,0.5654022357999879
3013281.0,231.36243503824272
3013282.0,10.073126741220904
3013283.0,35.68720467895662
3013284.0,7.33504342483945
3013285.0,103.76667438461581
3013286.0,8.728155757099232
3013287.0,402.52782365388487
3013288.0,266.7956648859677
3013289.0,7.204797587585022
3013290.0,12.16164396430317
3013291.0,585.468443711227
3013292.0,110.90400564769703
3013293.0,4078.677894701675
3013294.0,2.0832908672715114
3013295.0,34.860278367794606
3013296.0,4.296465075223078
3013297.0,0.43156049479724345
3013298.0,10.794745214773496
3013299.0,3806.8342951142204
3013300.0,0.12735561355711336
3013301.0,752.0141505361955
3013302.0,19.495251803044894
3013303.0,1041.7734650015755
3013304.0,1158.2709140658321
3013305.0,231.63363450112405
3013306.0,246.21706342364993
3013307.0,133.00429572421166
3013308.0,4299.909454575862
3013309.0,31.845061334252637
3013310.0,2.983896928288441
3013311.0,35.851979130412076
3013312.0,43.409129724991494
3013313.0,0.16496726339693885
3013314.0,306.0238712540926
3013315.0,32.26463808369232
3013316.0,25.28777765725946
3013317.0,23.84291744703908
3013318.0,110.3759480783983
3013319.0,12.567787377744153
3013320.0,378.3932001263599
3013321.0,277.7655837695047
3013322.0,15.617031965015038
3013323.0,19.997787039180658
3013324.0,471.7031099414271
3013325.0,110.86882562561715
3013326.0,3491.546563249234
3013327.0,1.8179453232404323
3013328.0,32.17506084894508
3013329.0,11.638549332832135
3013330.0,0.3486982666665119
3013331.0,5.964006903887101
3013332.0,3284.0495179288228
3013333.0,0.0383470921420927
3013334.0,500.7969228191086
3013335.0,12.88493156589448
3013336.0,1593.5672079216877
3013337.0,713.8055681489325
3013338.0,482.5049701685854
3013339.0,203.40009505033112
3013340.0,85.94495014274375
3013341.0,5685.62033665566
3013342.0,10.142657558940185
3013343.0,0.9829078277025585
3013344.0,43.676021039630825
3013345.0,35.34892634683331
3013346.0,0.11502035145166309
3013347.0,410.36490313729075
3013348.0,11.448429506621476
3013349.0,7.185057945184196
3013350.0,6.840131443909453
3013351.0,44.32527558317146
3013352.0,2.1429492491088995
3013353.0,334.47003884454153
3013354.0,465.58502212647886
3013355.0,6.105821135391286
3013356.0,6.771132932774558
3013357.0,398.1534453053798
3013358.0,72.58683969028064
3013359.0,1937.3429948068492
3013360.0,61.8768726430696
3013361.0,13.108170928584215
3013362.0,4.081966580581573
3013363.0,0.04314278685260535
3013364.0,4.1480107039192635
3013365.0,2260.5820957121077
3013366.0,0.12489832363035738
3013367.0,355.3855154074197
3013368.0,10.31105294634395
3013369.0,704.7866959675373
3013370.0,737.7572718578831
3013371.0,132.31497381420655
3013372.0,132.76183479180116
3013373.0,137.60092353697797
3013374.0,2673.1043990596654
3013375.0,19.43104897745399
3013376.0,1.3413104207552
3013377.0,18.392540403202837
3013378.0,22.052068400586755
3013379.0,0.23919916109171985
3013380.0,191.700381981538
3013381.0,13.011778752058808
3013382.0,23.21089711478056
3013383.0,5.499580136828968
3013384.0,88.77296975625359
3013385.0,5.630498882410828
3013386.0,242.26007760809966
3013387.0,144.9933229226034
3013388.0,3.864312330768674
3013389.0,7.821546564208437
3013390.0,303.22404264167864
3013391.0,61.366557961253065
3013392.0,3429.4496256627917
3013393.0,2.8846896122799204
3013394.0,22.834763170030577
3013395.0,1.3118377824709608
3013396.0,0.0382988064334388
3013397.0,1.4763055505482112
3013398.0,1017.515814373744
3013399.0,0.023085268910236288
3013400.0,87.0421873416059
3013401.0,2.880761623041504
3013402.0,609.3362064451269
3013403.0,317.2788501619324
3013404.0,198.3960165530521
3013405.0,34.3124977881007
3013406.0,33.792125040484876
3013407.0,1981.6249828685566
3013408.0,3.7035081010223556
3013409.0,0.41620097315114646
3013410.0,8.120708782663066
3013411.0,7.3314413826483555
3013412.0,0.08241095815905014
3013413.0,144.62043401601352
3013414.0,1.8124926125883936
3013415.0,2.7982879498562476
3013416.0,1.2567177168166033
3013417.0,8.941295173965539
3013418.0,0.39603210586869636
3013419.0,156.76773039468924
3013420.0,150.31155109061194
3013421.0,0.5722493869442831
3013422.0,3.0661314670111217
3013423.0,132.50092910134262
3013424.0,25.55147463593746
3013425.0,230.80951924327175
3013426.0,10.353679114285686
3013427.0,0.7407871178675636
3013428.0,5.969299756022369
3013429.0,0.19008174934840116
3013430.0,4.73475117462165
3013431.0,3687.820040486262
3013432.0,0.03694985978912278
3013433.0,580.2944643240457
3013434.0,10.052595575489256
3013435.0,1739.745536021215
3013436.0,602.4976725597719
3013437.0,423.8014361415409
3013438.0,188.0906057040355
3013439.0,64.18454725163338
3013440.0,5844.617697408834
3013441.0,32.160402101013545
3013442.0,0.7558460623191491
3013443.0,19.17252508688227
3013444.0,19.391195298761964
3013445.0,0.18547622833346836
3013446.0,428.30948218628015
3013447.0,9.34078111904397
3013448.0,1.9990405251462138
3013449.0,7.752347660989054
3013450.0,29.855013769709934
3013451.0,2.1923140278897137
3013452.0,596.4756739300799
3013453.0,379.9464870038212
3013454.0,2.469065566426668
3013455.0,11.968440116502702
3013456.0,389.38837322041275
3013457.0,99.13148987518687
3013458.0,1236.3468454283088
3013459.0,39.017774205830136
3013460.0,7.993625190242002
3013461.0,4.848572797677454
3013462.0,0.10790967834750541
3013463.0,0.8959814884397024
3013464.0,1376.4481837670987
3013465.0,0.03084997523438158
3013466.0,155.85416561786363
3013467.0,6.746977103406891
3013468.0,807.0498653909734
3013469.0,466.1962488695875
3013470.0,179.70521140268386
3013471.0,55.760027400657144
3013472.0,33.423418512118445
3013473.0,2562.2226156719253
3013474.0,7.965660359656819
3013475.0,0.5836712870284819
3013476.0,11.913616993271088
3013477.0,14.710031637422269
3013478.0,0.1800688794948395
3013479.0,149.3580462216397
3013480.0,5.39597644052925
3013481.0,4.420897711368912
3013482.0,7.959750385901953
3013483.0,27.319574057888847
3013484.0,1.146997892606406
3013485.0,126.42527427880773
3013486.0,161.47874895261927
3013487.0,1.322942216388494
3013488.0,4.719674837033031
3013489.0,112.31106366767507
3013490.0,26.88348250092978
3013491.0,293.2224314727456
3013492.0,23.170154728190933
3013493.0,2.6234805824566365
3013494.0,3.8605685635705194
3013495.0,0.023085268910236288
3013496.0,4.055429819865562
3013497.0,1330.0890179301318
3013498.0,0.023085268910236288
3013499.0,106.06522097420716
3013500.0,5.021226587216339
3013501.0,610.9592881889592
3013502.0,262.9159219817451
3013503.0,131.14377158483643
3013504.0,51.23811632260351
3013505.0,26.54406908408567
3013506.0,2428.572555198093
3013507.0,11.333513300787846
3013508.0,0.21365029139960984
3013509.0,10.454516465093642
3013510.0,7.452873607811745
3013511.0,0.08865185503967682
3013512.0,128.11131697339084
3013513.0,1.2529945747652433
3013514.0,2.9915906286454628
3013515.0,2.0228489104583156
3013516.0,35.08212308252675
3013517.0,0.6877912635361217
3013518.0,129.1101448031544
3013519.0,152.84271967917144
3013520.0,0.3635433320899903
3013521.0,4.70384739438381
3013522.0,65.1015335966301
3013523.0,19.492500413060323
3013524.0,174.50672362176456
3013525.0,35.3965144648015
3013526.0,1.855605503845825
3013527.0,3.342524441683512
3013528.0,0.02288514698285841
3013529.0,1.8740859061429702
3013530.0,1320.4503379614268
3013531.0,0.02288514698285841
3013532.0,135.40758400927285
3013533.0,5.185157029857608
3013534.0,835.8412899818375
3013535.0,371.2442109518456
3013536.0,177.37806327742493
3013537.0,32.723977452756074
3013538.0,32.543443117007875
3013539.0,2321.774841317462
3013540.0,6.890551299822703
3013541.0,0.42015070972081925
3013542.0,9.657269095697341
3013543.0,19.489137234965202
3013544.0,0.1464339745084837
3013545.0,156.45525581877575
3013546.0,0.727350708788782
3013547.0,4.055250004732491
3013548.0,2.3586475181799247
3013549.0,13.577654630362392
3013550.0,1.1700152304915679
3013551.0,73.49657301634828
3013552.0,236.69421168624638
3013553.0,0.8051465980791873
3013554.0,4.087752512473737
3013555.0,57.481196657366375
3013556.0,61.54007361412456
3013557.0,304.9597389593997
3013558.0,17.88968690429692
3013559.0,3.2279285268180367
3013560.0,3.175818912870187
3013561.0,0.78453560986249
3013562.0,2.6132254918407494
3013563.0,1579.1820107960802
3013564.0,0.025873931843745826
3013565.0,125.69639939620751
3013566.0,1.7653710046753834
3013567.0,808.7881296982737
3013568.0,353.4305379182498
3013569.0,231.48092005153222
3013570.0,83.94301635054416
3013571.0,56.414224493462456
3013572.0,2393.182901424195
3013573.0,6.070198986643511
3013574.0,0.8356595282222822
3013575.0,13.100441465342579
3013576.0,16.962879492532053
3013577.0,0.1681455404353498
3013578.0,201.71309645769412
3013579.0,7.3820329444635195
3013580.0,3.2801630005198907
3013581.0,3.279275796672986
3013582.0,29.49919099577979
3013583.0,1.3747991587373987
3013584.0,122.49176359434072
3013585.0,163.71837174704768
3013586.0,0.6258280709821042
3013587.0,4.711788786913525
3013588.0,110.80012686260378
3013589.0,42.7438061678022
3013590.0,574.6001052938259
3013591.0,36.76202674548202
3013592.0,3.6363555549421878
3013593.0,3.682550493828768
3013594.0,0.18221358853244768
3013595.0,1.1116393836864966
3013596.0,1247.5239286952683
3013597.0,0.023085268910236288
3013598.0,136.04142035848204
3013599.0,4.415804636391917
3013600.0,731.3439935058312
3013601.0,279.5916712457382
3013602.0,144.2560627633947
3013603.0,112.47598589068667
3013604.0,26.234151678059444
3013605.0,2142.144239619104
3013606.0,3.9325188093163703
3013607.0,0.39360104451674266
3013608.0,8.571588805985826
3013609.0,12.008559311096732
3013610.0,0.23093194400714512
3013611.0,139.89998739311255
3013612.0,0.044281298718193245
3013613.0,3.007219028063125
3013614.0,1.7369561250420862
3013615.0,20.325109641886325
3013616.0,1.0134048036898622
3013617.0,53.708920162443505
3013618.0,126.62479034439451
3013619.0,0.8447027010524446
3013620.0,2.945627816869214
3013621.0,63.164588644260974
3013622.0,31.742219830395033
3013623.0,452.8789695578296
3013624.0,3.0063578349250912
3013625.0,0.5835232966940815
3013626.0,6.248003145609438
3013627.0,0.4620402585119827
3013628.0,3.2924876965391245
3013629.0,2471.7917689726955
3013630.0,0.02551460538753701
3013631.0,263.95786637248375
3013632.0,4.843004860472124
3013633.0,934.2758600424395
3013634.0,878.1041649682518
3013635.0,413.66730266158334
3013636.0,130.82618672915498
3013637.0,80.28735355518415
3013638.0,3768.331137327345
3013639.0,12.191071666967947
3013640.0,0.8535885016949463
3013641.0,18.69309270996228
3013642.0,21.678362220623306
3013643.0,0.14580719209733928
3013644.0,241.84000710880122
3013645.0,0.4061558649944602
3013646.0,3.15350275207183
3013647.0,7.730419867043427
3013648.0,29.243442139689307
3013649.0,2.398811298962053
3013650.0,226.3338455206394
3013651.0,229.89571337619617
3013652.0,1.5795974627971443
3013653.0,5.654796078436609
3013654.0,284.51674318033315
3013655.0,48.32630755435599
3013656.0,1093.580861682305
3013657.0,25.293458347429212
3013658.0,9.938476766874858
3013659.0,3.4073306760054263
3013660.0,0.11509649710553958
3013661.0,3.8447995426125234
3013662.0,1559.0323867473808
3013663.0,0.022828176838620217
3013664.0,394.8725207810363
3013665.0,5.762715855500179
3013666.0,432.8822794245532
3013667.0,644.7436727060933
3013668.0,152.32928300860823
3013669.0,118.14520554764539
3013670.0,26.375767841375225
3013671.0,2034.8377748589282
3013672.0,7.106969873385061
3013673.0,0.6897821841372274
3013674.0,9.791060940847416
3013675.0,9.29130249970667
3013676.0,0.12507931135993722
3013677.0,142.55446385552824
3013678.0,7.510844097691611
3013679.0,4.395521546912852
3013680.0,7.419063431236084
3013681.0,47.542521729818134
3013682.0,1.4189234588325739
3013683.0,35.2996847605524
3013684.0,127.37546711054368
3013685.0,3.1801681657676037
3013686.0,4.9850801141097385
3013687.0,43.99455482248284
3013688.0,26.7709834682398
3013689.0,1026.0788327947691
3013690.0,34.93303913150809
3013691.0,9.299707707192667
3013692.0,5.1863820920997075
3013693.0,0.46087950687585844
3013694.0,3.7236092676107106
3013695.0,1937.6712643937558
3013696.0,0.027065662305717636
3013697.0,146.06803596875525
3013698.0,4.248368537307279
3013699.0,743.3485548710099
3013700.0,315.9671204060254
3013701.0,247.5187851978176
3013702.0,41.88911337520213
3013703.0,39.35895145248636
3013704.0,2863.5298727354734
3013705.0,16.86074850047399
3013706.0,0.9673249171042446
3013707.0,11.361150805134116
3013708.0,13.817499000506821
3013709.0,0.14407946504611757
3013710.0,153.60956054890363
3013711.0,4.282920364246606
3013712.0,3.2073262645408382
3013713.0,3.91576359971725
3013714.0,21.121332550768358
3013715.0,1.455289333317824
3013716.0,113.70826659153232
3013717.0,140.66152367238053
3013718.0,1.0461081357075965
3013719.0,3.451610279549738
3013720.0,88.51603589755828
3013721.0,21.613623417347448
3013722.0,355.39541313278914
3013723.0,9.480881205207185
3013724.0,2.784295784943148
3013725.0,4.5200995220499856
3013726.0,0.12523630853555606
3013727.0,6.585796518837175
3013728.0,2755.0860244406067
3013729.0,0.1339015305748601
3013730.0,591.9482608299563
3013731.0,10.327668793103584
3013732.0,814.8577409529084
3013733.0,762.0392522137823
3013734.0,193.24462579938194
3013735.0,141.23064612935798
3013736.0,99.51330117284768
3013737.0,3558.6274130865986
3013738.0,34.4187770552491
3013739.0,1.1118153582491759
3013740.0,15.350917669388519
3013741.0,22.419785762411003
3013742.0,0.1629670546852895
3013743.0,224.41096076879987
3013744.0,16.840684854845858
3013745.0,20.448550076140187
3013746.0,4.641027236324531
3013747.0,53.18654498411074
3013748.0,5.960708805239491
3013749.0,351.8827304183633
3013750.0,242.3822605555896
3013751.0,6.635886277927513
3013752.0,7.994250539818557
3013753.0,414.9327827800057
3013754.0,94.66996913498828
3013755.0,2911.958384507448
3013756.0,4.110063920917687
3013757.0,31.06765049063568
3013758.0,5.019284600316286
3013759.0,0.09701074904385046
3013760.0,3.8921258386568223
3013761.0,2626.897498111951
3013762.0,0.028381485584904036
3013763.0,398.097285271754
3013764.0,5.748240827011527
3013765.0,1320.230090210344
3013766.0,779.9244978148464
3013767.0,472.08019432077185
3013768.0,64.0491786418117
3013769.0,61.62435294364187
3013770.0,4241.134793355428
3013771.0,10.639311869696012
3013772.0,0.36678546505206955
3013773.0,22.261649692913608
3013774.0,13.135582223887585
3013775.0,0.0988199765830574
3013776.0,265.1274223377136
3013777.0,2.261187115676675
3013778.0,4.242672983293408
3013779.0,2.7321285139533114
3013780.0,42.873512915031505
3013781.0,0.7692968881877057
3013782.0,273.5306523482403
3013783.0,305.18574531983955
3013784.0,3.4013384643672446
3013785.0,3.8109574967389013
3013786.0,233.90122714175106
3013787.0,50.76110044775862
3013788.0,775.1490458535059
3013789.0,62.74009787698947
3013790.0,10.414455158670386
3013791.0,8.55133790902871
3013792.0,0.22828567112645026
3013793.0,3.210098136898881
3013794.0,2362.3619730020755
3013795.0,0.03008594428336326
3013796.0,364.17366809951454
3013797.0,4.034019674777869
3013798.0,1285.1961209215265
3013799.0,621.1121456087368
3013800.0,261.46603519533096
3013801.0,202.04572513876695
3013802.0,73.18602801912084
3013803.0,3430.8694701709364
3013804.0,15.593972651663147
3013805.0,0.6297322797175878
3013806.0,27.965197592123246
3013807.0,26.263433011863928
3013808.0,0.19049389821951207
3013809.0,237.53914073338018
3013810.0,3.062103083590515
3013811.0,2.783096426933172
3013812.0,9.144700053088423
3013813.0,65.69354358708279
3013814.0,1.114832863971573
3013815.0,98.27898032590974
3013816.0,229.3433643452727
3013817.0,2.245823022877877
3013818.0,3.3155600350352503
3013819.0,139.40951839963523
3013820.0,120.0064916111103
3013821.0,1001.771404708727
3013822.0,2.2289554871884096
3013823.0,4.79831364653187
3013824.0,4.228045542719512
3013825.0,0.19003612288398347
3013826.0,1.4987413207850273
3013827.0,1352.805633006371
3013828.0,0.024543051243553906
3013829.0,120.86523503719822
3013830.0,5.745453560513447
3013831.0,567.0885712317618
3013832.0,288.663622635387
3013833.0,130.53106971482288
3013834.0,46.58697546982734
3013835.0,42.87244206131909
3013836.0,2271.221386817121
3013837.0,8.006440523786104
3013838.0,0.4398120627165809
3013839.0,15.931303631196656
3013840.0,13.790116521122275
3013841.0,0.09253984365457035
3013842.0,136.98542405446665
3013843.0,0.5452609712419986
3013844.0,3.349359135206809
3013845.0,2.7268924094984586
3013846.0,41.488032850830564
3013847.0,1.8125853560791787
3013848.0,96.58576353878077
3013849.0,136.38314233108616
3013850.0,0.9383973141166634
3013851.0,4.99007312605871
3013852.0,109.77623296779342
3013853.0,25.035344341680762
3013854.0,388.20556212285464
3013855.0,12.727056288648345
3013856.0,1.276122192365635
3013857.0,1.501139321279419
3013858.0,0.026644686144262342
3013859.0,3.7408840835776176
3013860.0,1444.6494695931688
3013861.0,0.10197959852749632
3013862.0,258.07390052109173
3013863.0,8.538794842944078
3013864.0,546.6801192072012
3013865.0,471.52220111630845
3013866.0,125.04791139184059
3013867.0,44.80105335618843
3013868.0,58.68693131752126
3013869.0,2127.8860146121583
3013870.0,26.538844363490846
3013871.0,0.36233928660108633
3013872.0,13.314288779300945
3013873.0,12.111263591232046
3013874.0,0.14611667529088124
3013875.0,133.396315549318
3013876.0,11.399223981868158
3013877.0,1.7609809312602247
3013878.0,2.3543244703815023
3013879.0,41.10861420105383
3013880.0,3.7972671928207062
3013881.0,503.16690458604785
3013882.0,146.88791754427638
3013883.0,3.019855561936731
3013884.0,4.865857674196705
3013885.0,293.0629557505906
3013886.0,31.634564674083016
3013887.0,1440.831113557389
3013888.0,2.865476229893098
3013889.0,6.202057090799633
3013890.0,2.557825966557954
3013891.0,0.16661937569773785
3013892.0,4.548556238843684
3013893.0,3258.252961026279
3013894.0,0.12056637241588422
3013895.0,699.7437312717252
3013896.0,13.009302605256178
3013897.0,1082.6593981807168
3013898.0,1259.6654008779558
3013899.0,271.7822641298645
3013900.0,219.49395330016722
3013901.0,145.18529634225877
3013902.0,4071.9127806083106
3013903.0,36.0628174439662
3013904.0,0.7575617327053501
3013905.0,17.60470823635213
3013906.0,32.40476179721056
3013907.0,0.13194819911875585
3013908.0,276.98037347865875
3013909.0,10.5668848296892
3013910.0,43.337035974527595
3013911.0,8.794528469795612
3013912.0,73.57545013092849
3013913.0,11.74333060956834
3013914.0,376.02093540234563
3013915.0,255.6593719371724
3013916.0,15.285411187239621
3013917.0,8.176654944448465
3013918.0,519.150934611315
3013919.0,99.67342434477816
3013920.0,5165.579311535092
3013921.0,10.076862902708118
3013922.0,20.577361910284836
3013923.0,2.441377515908817
3013924.0,0.12791760302302746
3013925.0,2.5395858341119153
3013926.0,1718.728812225924
3013927.0,0.09497385145353275
3013928.0,304.0294491061444
3013929.0,4.699233922393183
3013930.0,329.1430028377672
3013931.0,422.4920872251015
3013932.0,116.72855450441376
3013933.0,34.487955247325885
3013934.0,34.069365745243786
3013935.0,1670.45408770332
3013936.0,8.221822011978222
3013937.0,0.7183805459438443
3013938.0,6.586814334715849
3013939.0,7.601888853880919
3013940.0,0.09010163890038739
3013941.0,87.03040050428808
3013942.0,0.07767711199365464
3013943.0,24.441741804618164
3013944.0,2.7804463348413737
3013945.0,125.49357707253733
3013946.0,4.538103041955177
3013947.0,69.27998957121251
3013948.0,81.47398659925915
3013949.0,3.387742109294039
3013950.0,4.967357045467086
3013951.0,55.02876233107452
3013952.0,16.261664793427624
3013953.0,2223.6762308616585
3013954.0,1.8909353749902365
3013955.0,2.360443641498747
3013956.0,3.8329558285049625
3013957.0,0.023085268910236288
3013958.0,0.7266219949347317
3013959.0,928.5049768054289
3013960.0,0.10157582823922467
3013961.0,192.1733261121799
3013962.0,4.9475381252821204
3013963.0,375.40107381612216
3013964.0,215.4741118205896
3013965.0,68.15826651411064
3013966.0,32.742110677434354
3013967.0,20.953281012695236
3013968.0,1465.6273033917532
3013969.0,11.434819060939613
3013970.0,0.45420244701516277
3013971.0,10.907416729265904
3013972.0,8.610617811898111
3013973.0,0.28403912994210806
3013974.0,72.39826330326576
3013975.0,0.21522975225516378
3013976.0,6.516804984321142
3013977.0,1.0196021771530344
3013978.0,16.384692303368595
3013979.0,0.2250060280911137
3013980.0,218.2833968626593
3013981.0,108.8788184869585
3013982.0,1.6545262595574273
3013983.0,1.4556157996671986
3013984.0,119.45881586872193
3013985.0,17.597217333201908
3013986.0,827.3507326243619
3013987.0,1.4603661746668304
3013988.0,1.7346315153395604
3013989.0,5.0512418570643876
3013990.0,0.12371288226289576
3013991.0,3.53576569212909
3013992.0,2759.8890530610515
3013993.0,0.12919887886686152
3013994.0,617.9051354717094
3013995.0,10.926533163421084
3013996.0,878.7919210968575
3013997.0,900.2371149354107
3013998.0,253.10707740690196
3013999.0,227.33934871953613
3014000.0,98.65463876283592
3014001.0,3619.609117222624
3014002.0,23.915207965861384
3014003.0,1.525545245722316
3014004.0,20.500497683145433
3014005.0,23.481995594314146
3014006.0,0.2381226055526837
3014007.0,227.26160288632394
3014008.0,4.484174705511866
3014009.0,35.43761080049403
3014010.0,5.35923744313388
3014011.0,85.02047443943081
3014012.0,2.583100395439147
3014013.0,253.4119880368678
3014014.0,214.545105588551
3014015.0,9.161885261239227
3014016.0,7.978193994729422
3014017.0,342.5726815817741
3014018.0,78.02321978553437
3014019.0,3659.9725963028304
3014020.0,1.768481708533586
3014021.0,13.689016147780347
3014022.0,5.88952202259782
3014023.0,0.0947121618170716
3014024.0,2.2349117876206135
3014025.0,2467.4978704482
3014026.0,0.027806497888954156
3014027.0,491.5832778159647
3014028.0,12.353381463940845
3014029.0,840.6891777751217
3014030.0,770.4328597620532
3014031.0,297.001558491855
3014032.0,206.7104229911307
3014033.0,51.2624845370099
3014034.0,3338.9424424780627
3014035.0,11.414554513740718
3014036.0,0.7942517559147294
3014037.0,27.85388036446052
3014038.0,13.907130341443828
3014039.0,0.5612608681224489
3014040.0,213.77545320232124
3014041.0,0.09749407017489198
3014042.0,3.819784815625486
3014043.0,4.399893349470245
3014044.0,40.523291693872196
3014045.0,0.9875444818511767
3014046.0,167.03031114152947
3014047.0,223.1547315010791
3014048.0,4.350890185169261
3014049.0,3.4949641581148416
3014050.0,154.8159619490637
3014051.0,66.05824631214651
3014052.0,1138.4591648473838
3014053.0,2.0198340471352454
3014054.0,2.4810408184052175
3014055.0,5.170545883540698
3014056.0,0.24597862864950343
3014057.0,3.782511890196278
3014058.0,2435.9134054345413
3014059.0,0.03180644590938489
3014060.0,490.5145359506903
3014061.0,9.294668214051423
3014062.0,787.8117222760942
3014063.0,678.5437038016635
3014064.0,212.7494629459075
3014065.0,153.35744945628858
3014066.0,54.83607299831117
3014067.0,2999.990598696553
3014068.0,11.506060047314762
3014069.0,0.8786804617551185
3014070.0,18.930323018690842
3014071.0,20.34749719483517
3014072.0,0.1026819171371704
3014073.0,190.86580207934844
3014074.0,0.08291464463039572
3014075.0,4.717237002181394
3014076.0,4.121526026044184
3014077.0,56.66772019769309
3014078.0,1.0858475791699491
3014079.0,104.06409392362838
3014080.0,193.8922435049625
3014081.0,4.061540641090289
3014082.0,3.671837515096043
3014083.0,159.76927705151775
3014084.0,54.395223358255876
3014085.0,841.2218643091626
3014086.0,1.8139289381707806
3014087.0,4.7235422647008
3014088.0,10.071811532153927
3014089.0,1.0959227985836246
3014090.0,12.62573824780941
3014091.0,6785.624379497076
3014092.0,0.12735561355711336
3014093.0,1120.749727434512
3014094.0,28.12001872341138
3014095.0,1881.4877468483728
3014096.0,1889.1194429104464
3014097.0,285.6137831083397
3014098.0,430.49276456208054
3014099.0,317.96597916097573
3014100.0,7035.445912700201
3014101.0,77.21229872698619
3014102.0,2.5951982364172252
3014103.0,46.614393196164755
3014104.0,55.05978838709354
3014105.0,0.22273490533863827
3014106.0,482.674685561713
3014107.0,33.93849263111822
3014108.0,72.18844489974757
3014109.0,17.569228517478617
3014110.0,181.23598821839147
3014111.0,21.684892605906036
3014112.0,626.2326504474427
3014113.0,454.46294810083225
3014114.0,17.23012076686762
3014115.0,21.725501541348663
3014116.0,912.8740769031585
3014117.0,196.009933301812
3014118.0,8801.430043015236
3014119.0,1.5990245910705085
3014120.0,69.19283945176076
3014121.0,2.290667748740897
3014122.0,0.19113471354720787
3014123.0,0.8546266875112369
3014124.0,1311.1010745882456
3014125.0,0.023513340762336545
3014126.0,140.8205104885493
3014127.0,3.0930546919700372
3014128.0,517.0819439838767
3014129.0,297.79322570227305
3014130.0,105.16212023791854
3014131.0,94.48914778003879
3014132.0,39.07099533340222
3014133.0,1913.98699313019
3014134.0,4.3290203904358915
3014135.0,0.22136559482770235
3014136.0,11.997715461373462
3014137.0,6.993965890442285
3014138.0,0.14072856629175512
3014139.0,160.100416232445
3014140.0,0.2801152980837327
3014141.0,3.0380800158229455
3014142.0,3.145988359050941
3014143.0,24.739007807784517
3014144.0,0.4882194875245025
3014145.0,56.819970865325374
3014146.0,85.99780435239217
3014147.0,1.4280352637515203
3014148.0,3.57694247304169
3014149.0,97.1099889415722
3014150.0,17.25664807371905
3014151.0,445.4775399782617
3014152.0,1.5669360119134776
3014153.0,3.5717219884350286
3014154.0,6.305893105559658
3014155.0,0.20540831140543508
3014156.0,2.0311210571428804
3014157.0,2418.628798521396
3014158.0,0.03542972046399322
3014159.0,418.68339213952936
3014160.0,7.001034711664972
3014161.0,1266.7236569236713
3014162.0,678.5637431270931
3014163.0,184.74760296702772
3014164.0,193.07558013338303
3014165.0,53.64874705662098
3014166.0,3466.5744349342813
3014167.0,9.620628192769644
3014168.0,0.3320440067696073
3014169.0,20.577874090385052
3014170.0,21.377043138788807
3014171.0,0.10863687986923858
3014172.0,216.07715652914726
3014173.0,1.1754348496961722
3014174.0,3.135908169315863
3014175.0,7.12710674231099
3014176.0,12.888160830811799
3014177.0,1.3682555493790005
3014178.0,287.2493185559301
3014179.0,213.2759711205427
3014180.0,3.657386861227684
3014181.0,5.553789507535074
3014182.0,96.39764586857191
3014183.0,68.62865027242685
3014184.0,907.8274245662224
3014185.0,1.5665153818172073
3014186.0,4.717275055998435
3014187.0,1.1800383101600354
3014188.0,0.0382988064334388
3014189.0,0.7379472648470832
3014190.0,745.5338471864991
3014191.0,0.023085268910236288
3014192.0,104.7654476080898
3014193.0,2.620912904085727
3014194.0,919.9179371401464
3014195.0,171.71663516367613
3014196.0,91.26101411346497
3014197.0,152.73863132975595
3014198.0,13.737720042407162
3014199.0,1293.796858266402
3014200.0,1.266453273822802
3014201.0,0.1894387885359376
3014202.0,10.166689837122725
3014203.0,3.6797563554687454
3014204.0,0.08111799557813087
3014205.0,80.78111492350092
3014206.0,0.0409715482543797
3014207.0,2.761532507236924
3014208.0,0.8890685378583343
3014209.0,8.878683210436051
3014210.0,0.24902116521606898
3014211.0,68.30736135323497
3014212.0,74.93386396138087
3014213.0,0.3856137961870248
3014214.0,0.8387786487473077
3014215.0,46.669526836430244
3014216.0,9.578752353189355
3014217.0,156.43145927191688
3014218.0,2.7203114713872365
3014219.0,1.2350454853035908
3014220.0,5.8751914886238055
3014221.0,0.1571438795327657
3014222.0,1.2875228322075245
3014223.0,1660.8675412062735
3014224.0,0.02322490355903991
3014225.0,184.94296718103328
3014226.0,4.841107283799564
3014227.0,809.7322070976936
3014228.0,455.240336109517
3014229.0,138.22028773470439
3014230.0,110.27921389456245
3014231.0,48.090835559570124
3014232.0,2249.822690651077
3014233.0,3.2933380149431573
3014234.0,0.3659919451944659
3014235.0,20.48717275580658
3014236.0,14.10777144325178
3014237.0,0.15097556716478594
3014238.0,176.06706575713457
3014239.0,0.0483347385750323
3014240.0,3.3881020599624696
3014241.0,9.750100486476674
3014242.0,22.084954961200467
3014243.0,1.0433012086117472
3014244.0,240.735226579858
3014245.0,173.45543434638904
3014246.0,1.2319637743904652
3014247.0,3.6111641099705687
3014248.0,200.5692793202764
3014249.0,23.330355778139612
3014250.0,966.5964068356025
3014251.0,3.1676744465056355
3014252.0,0.8119073016200375
3014253.0,3.1637063159127687
3014254.0,0.25134867356108803
3014255.0,2.376670770717203
3014256.0,1843.3602875224183
3014257.0,0.044027523013370456
3014258.0,527.4023842059603
3014259.0,5.731461605696438
3014260.0,617.227120691537
3014261.0,652.5827275810082
3014262.0,190.43636269869387
3014263.0,82.0467489980749
3014264.0,57.31168232892355
3014265.0,3030.942639766946
3014266.0,5.452668832026333
3014267.0,2.384917887770111
3014268.0,34.45925759042342
3014269.0,35.34327279545445
3014270.0,0.16682150805308626
3014271.0,165.11495587580052
3014272.0,1.4039516222460382
3014273.0,4.611563134436947
3014274.0,3.0871415889975227
3014275.0,26.23600676213777
3014276.0,1.6533307881343193
3014277.0,158.58755934964506
3014278.0,221.66077689556485
3014279.0,2.8192338687669443
3014280.0,5.293334679366269
3014281.0,140.712425254928
3014282.0,21.42091509367752
3014283.0,546.4413929803212
3014284.0,2.274540550357754
3014285.0,2.396798306270863
3014286.0,3.6004111655966886
3014287.0,0.08111799557813087
3014288.0,0.5992506604820851
3014289.0,1162.435051415075
3014290.0,0.023085268910236288
3014291.0,75.04959643582157
3014292.0,3.214275049986911
3014293.0,438.52635324040557
3014294.0,186.38521932665148
3014295.0,83.88077915853805
3014296.0,108.90209251638896
3014297.0,31.36259061690188
3014298.0,1662.425459524654
3014299.0,5.090747073899616
3014300.0,0.2312387164531591
3014301.0,8.531016804394298
3014302.0,6.710003641690875
3014303.0,0.11549394785806037
3014304.0,95.14679850849029
3014305.0,0.0409715482543797
3014306.0,3.049807153042283
3014307.0,0.8985174243709941
3014308.0,11.675187563306448
3014309.0,0.37569617622394574
3014310.0,163.9866189929778
3014311.0,74.41501897425013
3014312.0,0.7267256052677049
3014313.0,1.0743779593838194
3014314.0,40.3353906592848
3014315.0,14.039755364272484
3014316.0,309.2222676103784
3014317.0,1.638872096553599
3014318.0,0.5394827175743572
3014319.0,3.6889459759945615
3014320.0,0.09010076934827069
3014321.0,0.8069023223902584
3014322.0,2819.224283252347
3014323.0,0.023513340762336545
3014324.0,377.76866254006893
3014325.0,5.738715239087389
3014326.0,712.5086020478036
3014327.0,578.1291186931696
3014328.0,188.4212318282007
3014329.0,94.13905348936083
3014330.0,59.03401100037863
3014331.0,3062.3130712879674
3014332.0,4.8431839502176866
3014333.0,0.4414437614201689
3014334.0,17.3439088785401
3014335.0,9.004626199158324
3014336.0,0.12767640542679617
3014337.0,171.97936398077888
3014338.0,0.051734260822700405
3014339.0,18.446451056059963
3014340.0,2.492509827984663
3014341.0,37.46744767322275
3014342.0,0.618820333994775
3014343.0,206.31395105761084
3014344.0,182.78474917249
3014345.0,1.497937480963227
3014346.0,3.560470524055588
3014347.0,101.10573516226681
3014348.0,48.365503233281856
3014349.0,896.3030373843483
3014350.0,1.6615429608613321
3014351.0,0.7757474268001338
3014352.0,3.4553744414257817
3014353.0,0.19478860356232602
3014354.0,6.997932458368848
3014355.0,2798.3643681384597
3014356.0,0.12894947208818497
3014357.0,531.0777721221078
3014358.0,7.100088778861491
3014359.0,979.5184530784375
3014360.0,837.241050673313
3014361.0,150.0225321521756
3014362.0,124.47017045350269
3014363.0,107.0335638754443
3014364.0,3805.2727000928453
3014365.0,58.298631760288075
3014366.0,1.2716279345579347
3014367.0,19.9283074700707
3014368.0,22.7012995841063
3014369.0,0.21170890281739202
3014370.0,233.11776423116743
3014371.0,22.24090265521354
3014372.0,32.87056385617188
3014373.0,1.8477634477880494
3014374.0,102.54691880428898
3014375.0,7.120802358444121
3014376.0,204.33841482177735
3014377.0,228.934703811428
3014378.0,12.368610034153956
3014379.0,13.831700027986892
3014380.0,243.25232837544638
3014381.0,70.7525334737197
3014382.0,3314.2190002705665
3014383.0,5.999947038875924
3014384.0,10.159112700051352
3014385.0,5.231069236023643
3014386.0,0.05140696259491085
3014387.0,6.676751417938403
3014388.0,2407.0952149702616
3014389.0,0.11022432608016892
3014390.0,456.41533182676244
3014391.0,8.444233750337542
3014392.0,1129.4621026997215
3014393.0,708.8632708201351
3014394.0,123.75886471778719
3014395.0,87.43145523014604
3014396.0,120.61920424055674
3014397.0,3432.1547397990607
3014398.0,27.18876422930689
3014399.0,1.1414967108861316
3014400.0,34.94549282035153
3014401.0,55.260370482783216
3014402.0,0.11241037193563959
3014403.0,286.03003835615715
3014404.0,15.080598504547895
3014405.0,20.521319963150574
3014406.0,6.609390777505219
3014407.0,67.68969681320058
3014408.0,8.071306142137079
3014409.0,158.88591283219145
3014410.0,556.336517324219
3014411.0,6.177757771427518
3014412.0,9.290729139649034
3014413.0,116.8239123261127
3014414.0,67.32124744124027
3014415.0,2600.4743883266274
3014416.0,2.0757905054587753
3014417.0,12.207649294337685
3014418.0,6.960214807517003
3014419.0,0.17625362312336418
3014420.0,4.032652938056637
3014421.0,3698.9645251682214
3014422.0,0.04218537644574097
3014423.0,560.7895218134117
3014424.0,5.639761506104357
3014425.0,1538.859234910245
3014426.0,615.1063259286242
3014427.0,187.75468776752322
3014428.0,263.1178170549087
3014429.0,55.422620264632755
3014430.0,4145.312607434131
3014431.0,29.571863642498236
3014432.0,1.560448017421939
3014433.0,17.421874359762498
3014434.0,19.016029196682965
3014435.0,0.1598750429696732
3014436.0,266.6956768127993
3014437.0,3.8543470456596722
3014438.0,11.131917205930487
3014439.0,6.48124628999892
3014440.0,42.2586367548882
3014441.0,2.1605486909171594
3014442.0,134.88868682549509
3014443.0,252.09930275654
3014444.0,5.877623946407121
3014445.0,7.535503747979683
3014446.0,192.5330497091345
3014447.0,51.088541513375716
3014448.0,1323.282169713315
3014449.0,13.138245849457379
3014450.0,12.764875822961086
3014451.0,3.3456115520820022
3014452.0,0.43804401250532
3014453.0,4.217593188775009
3014454.0,2214.8521492859936
3014455.0,0.10672243208377882
3014456.0,340.94687122086776
3014457.0,5.452195388573735
3014458.0,762.6077670610027
3014459.0,679.2412403057364
3014460.0,155.5872693094822
3014461.0,119.8671504539781
3014462.0,74.1339092072331
3014463.0,2932.7001657514197
3014464.0,25.274397523437337
3014465.0,1.0431770035799885
3014466.0,13.087264601136997
3014467.0,12.855909342611714
3014468.0,0.12648613545232673
3014469.0,204.0948187717613
3014470.0,15.957007799799275
3014471.0,22.81696375709994
3014472.0,2.0199980335929393
3014473.0,55.236444988324436
3014474.0,5.21347941663092
3014475.0,298.0216331216653
3014476.0,206.68215618530274
3014477.0,4.8274928662925305
3014478.0,7.004059577931938
3014479.0,301.37403052228797
3014480.0,45.535479632576475
3014481.0,2614.59762597282
3014482.0,3.374150662191519
3014483.0,19.018288581876796
3014484.0,3.32391141087636
3014485.0,0.1651214811820266
3014486.0,2.3807015022136344
3014487.0,4103.574823499994
3014488.0,0.028674844727573357
3014489.0,362.8964321316952
3014490.0,5.658116006873593
3014491.0,1570.0262461312113
3014492.0,757.204934135287
3014493.0,235.7726635067784
3014494.0,166.12454502321236
3014495.0,42.724391196003594
3014496.0,4641.263675400342
3014497.0,11.895205479405472
3014498.0,1.338718858052202
3014499.0,26.147291180226212
3014500.0,18.23094445296349
3014501.0,0.21434973089532947
3014502.0,432.70412378462936
3014503.0,0.0739684358928219
3014504.0,1.9897663186459769
3014505.0,7.255287009622707
3014506.0,47.24947375821445
3014507.0,1.398488825329037
3014508.0,132.3493391946252
3014509.0,302.41376802892546
3014510.0,3.0949990167237464
3014511.0,7.496258121586365
3014512.0,144.7160818096025
3014513.0,57.69862918947737
3014514.0,904.024432788114
3014515.0,4.389997372298695
3014516.0,3.1556997682755887
3014517.0,6.386274993806743
3014518.0,0.10550128183179179
3014519.0,6.176167880032609
3014520.0,2690.8933244956925
3014521.0,0.1119686350890827
3014522.0,437.9385277319896
3014523.0,9.15925689609045
3014524.0,1131.9568494227924
3014525.0,682.0367195123279
3014526.0,203.24789471533498
3014527.0,118.44694934202795
3014528.0,104.66774920440372
3014529.0,3980.3184413108934
3014530.0,30.973030910950268
3014531.0,1.097475485174547
3014532.0,20.14067439083223
3014533.0,29.219069112540698
3014534.0,0.13770551110039467
3014535.0,229.34527124375415
3014536.0,12.099637519101382
3014537.0,21.59436287458846
3014538.0,5.766253175824556
3014539.0,127.18013024020307
3014540.0,8.660019564135819
3014541.0,196.87076821628588
3014542.0,522.15809016372
3014543.0,11.188467109531235
3014544.0,6.9686572588324225
3014545.0,188.41181030748749
3014546.0,54.84220727936149
3014547.0,2638.7494952502
3014548.0,1.4138506322495636
3014549.0,5.215449526865735
3014550.0,3.1186291584881443
3014551.0,0.16534446607981618
3014552.0,4.900107718007252
3014553.0,2827.436390475301
3014554.0,0.10880341192848705
3014555.0,459.2673206969699
3014556.0,9.17475322739053
3014557.0,698.9441569359158
3014558.0,777.4669933142518
3014559.0,153.17660162142687
3014560.0,127.80014126915415
3014561.0,110.71622620922713
3014562.0,2877.776352517498
3014563.0,28.502474204659556
3014564.0,0.7601436085380936
3014565.0,15.076153246601846
3014566.0,15.053691998573687
3014567.0,0.10014384986690025
3014568.0,198.7767729162822
3014569.0,11.861730648067049
3014570.0,36.41676692018207
3014571.0,8.984516240080016
3014572.0,64.1067400814085
3014573.0,7.179592951823315
3014574.0,219.01001913825348
3014575.0,202.1529527483571
3014576.0,7.818978305410053
3014577.0,7.014971704165253
3014578.0,221.85059597104907
3014579.0,50.514775769046196
3014580.0,2872.258509190079
3014581.0,7.463555928043101
3014582.0,14.409537041692513
3014583.0,4.608484342651321
3014584.0,0.12530887334987023
3014585.0,3.252780736700621
3014586.0,3996.943204229207
3014587.0,0.023085268910236288
3014588.0,481.635508689015
3014589.0,10.404370821717851
3014590.0,968.6859123356455
3014591.0,628.4019134291914
3014592.0,236.50298885958463
3014593.0,159.93532517995362
3014594.0,50.17255429990242
3014595.0,3880.009951782524
3014596.0,6.852169058280424
3014597.0,0.23727889642634853
3014598.0,13.214849629046313
3014599.0,17.400616829166033
3014600.0,0.08856759642370621
3014601.0,213.63257194589158
3014602.0,0.044920114986042974
3014603.0,5.457106861908558
3014604.0,1.1503651587569166
3014605.0,49.79248143165805
3014606.0,1.4685210002525375
3014607.0,183.94282695346817
3014608.0,229.34552597058823
3014609.0,2.6933138890432966
3014610.0,2.0516112051711666
3014611.0,225.0975478143204
3014612.0,104.29005756071882
3014613.0,912.9791458394684
3014614.0,2.0358298221192954
3014615.0,0.46536356795980605
3014616.0,12.241369768147205
3014617.0,0.053142918223146256
3014618.0,13.734675497876378
3014619.0,7730.758271015351
3014620.0,0.12735561355711336
3014621.0,1554.1821346743113
3014622.0,23.175353944819093
3014623.0,2548.5175739131623
3014624.0,2184.060446987725
3014625.0,474.06408315083667
3014626.0,544.8637041053389
3014627.0,377.89884282519415
3014628.0,8135.204536556581
3014629.0,94.39389124075365
3014630.0,3.5343375304904714
3014631.0,82.66059383437539
3014632.0,107.21041804961801
3014633.0,0.42290369309405496
3014634.0,653.9898546017837
3014635.0,32.58142275383224
3014636.0,31.64259126558975
3014637.0,28.912786440531825
3014638.0,238.59219355217664
3014639.0,21.65584957315771
3014640.0,739.0515277746309
3014641.0,501.1414648253161
3014642.0,32.02635049685883
3014643.0,31.89522017471699
3014644.0,931.7039695892566
3014645.0,282.06276250642793
3014646.0,9201.544814221077
3014647.0,149.5719231424958
3014648.0,72.34009385928218
3014649.0,13.299164174517513
3014650.0,0.043585635671023186
3014651.0,12.275037734758994
3014652.0,7427.784582299264
3014653.0,0.1176114536798131
3014654.0,1019.9047180638252
3014655.0,22.758014550200826
3014656.0,2234.4841481273734
3014657.0,1847.097916552029
3014658.0,545.185401578311
3014659.0,312.4656420371882
3014660.0,257.46901946667936
3014661.0,8591.823575263965
3014662.0,119.63075683767447
3014663.0,1.2970855752817045
3014664.0,59.907096409311706
3014665.0,71.59124088585673
3014666.0,0.7941445142833422
3014667.0,565.1977767809212
3014668.0,22.006827263015104
3014669.0,41.79362871557903
3014670.0,6.821228978754698
3014671.0,175.7277563774017
3014672.0,14.957788893307043
3014673.0,813.9498643056047
3014674.0,610.2727677733444
3014675.0,17.29281494614962
3014676.0,22.434781251609856
3014677.0,947.8409194409542
3014678.0,240.66038229911888
3014679.0,7350.4515887412
3014680.0,305.68492328258344
3014681.0,75.00455660704249
3014682.0,10.143934502947694
3014683.0,0.04124081848351907
3014684.0,15.533667327250344
3014685.0,4767.55151955451
3014686.0,0.19253052591567016
3014687.0,827.0047314990379
3014688.0,11.737527677014285
3014689.0,1977.2879802194902
3014690.0,1227.2674587688034
3014691.0,619.7202140971326
3014692.0,114.88717731727132
3014693.0,181.8504714330772
3014694.0,7144.767204910326
3014695.0,39.90182255053869
3014696.0,1.9320519357085122
3014697.0,33.215473404921624
3014698.0,21.678324743849807
3014699.0,0.3424211924644164
3014700.0,527.0715238640987
3014701.0,32.30653169810955
3014702.0,23.476118964158424
3014703.0,8.256213766749546
3014704.0,96.8688372097163
3014705.0,7.247563754284154
3014706.0,842.8915460143269
3014707.0,601.399908260428
3014708.0,20.979547002626013
3014709.0,40.59270989549529
3014710.0,550.2765812766631
3014711.0,121.94656478023666
3014712.0,3026.1512051897826
3014713.0,169.8900667357336
3014714.0,39.0418092796627
3014715.0,12.773976436611182
3014716.0,0.04331677468656253
3014717.0,18.024077500372428
3014718.0,7155.98062949668
3014719.0,0.11814937269801265
3014720.0,954.4036916500386
3014721.0,17.928357141659337
3014722.0,2047.780183060353
3014723.0,1837.0756590409392
3014724.0,540.755066866067
3014725.0,283.38299132932946
3014726.0,203.76448538635873
3014727.0,8347.424356023457
3014728.0,49.51178263261879
3014729.0,1.6845009029878533
3014730.0,62.500302450376566
3014731.0,74.95436046747332
3014732.0,0.6242381005664934
3014733.0,544.3733595184367
3014734.0,34.00711764511399
3014735.0,30.278075392653705
3014736.0,13.11175540299232
3014737.0,159.00450071137593
3014738.0,10.444161802327585
3014739.0,688.6294360356577
3014740.0,576.2287894070805
3014741.0,18.29308987755278
3014742.0,26.97376074841251
3014743.0,856.3242234118259
3014744.0,178.58127755429257
3014745.0,6323.346006225363
3014746.0,396.06784567208956
3014747.0,55.97042780397838
3014748.0,9.440046283285223
3014749.0,0.03501095268049287
3014750.0,18.0062840356573
3014751.0,3929.5494140063192
3014752.0,0.1083991806598616
3014753.0,649.1335594702064
3014754.0,14.176838534959458
3014755.0,1810.4161887052937
3014756.0,1009.2987555087994
3014757.0,508.9431500465018
3014758.0,101.33910966883005
3014759.0,134.27591198129738
3014760.0,5972.043214433621
3014761.0,35.52577118323982
3014762.0,0.5678305756526423
3014763.0,26.737941377978082
3014764.0,39.49519609247599
3014765.0,0.25488026317567986
3014766.0,536.6513980441848
3014767.0,17.83122136488148
3014768.0,12.948251079065326
3014769.0,9.342228308496255
3014770.0,94.90159050182851
3014771.0,4.5991785682662085
3014772.0,682.056226338992
3014773.0,816.0759973667083
3014774.0,11.930792683315229
3014775.0,20.267711273679566
3014776.0,577.1956596119054
3014777.0,79.19253847892313
3014778.0,2207.9952673258153
3014779.0,99.81223643228907
3014780.0,16.739174993289808
3014781.0,11.282969785192929
3014782.0,0.05000669690370923
3014783.0,11.980412509297329
3014784.0,5913.485171424913
3014785.0,0.1239772707200181
3014786.0,1094.6907656340354
3014787.0,22.465419719270574
3014788.0,1839.256519340312
3014789.0,1907.545459832662
3014790.0,383.00972322923644
3014791.0,420.8975514345108
3014792.0,297.55661626989854
3014793.0,7157.575507216587
3014794.0,70.2856489470865
3014795.0,1.3754288181779448
3014796.0,45.32821892377185
3014797.0,49.24527698653361
3014798.0,0.3913329646559856
3014799.0,457.4675007374348
3014800.0,16.938134157020137
3014801.0,30.942860077141
3014802.0,10.927513873313703
3014803.0,197.46789660020335
3014804.0,14.690425041770787
3014805.0,626.4339877296434
3014806.0,458.56047095135176
3014807.0,16.353363700662932
3014808.0,27.807850730991245
3014809.0,829.3953259584885
3014810.0,211.8692876312919
3014811.0,8733.021146777131
3014812.0,176.1034032680218
3014813.0,79.70259456495198
3014814.0,4.878998826698991
3014815.0,0.33557800091147116
3014816.0,5.231770894533511
3014817.0,1903.8432628968762
3014818.0,0.11872194294520805
3014819.0,332.97529735023625
3014820.0,19.470440628085726
3014821.0,895.6592967202072
3014822.0,506.5731602956384
3014823.0,211.55177745549233
3014824.0,77.13567835694437
3014825.0,74.37029562889032
3014826.0,2743.7938759247686
3014827.0,48.98363426688542
3014828.0,0.8831187875036965
3014829.0,29.825775065711326
3014830.0,19.633909041246213
3014831.0,0.2279272860681883
3014832.0,197.33342807243298
3014833.0,10.248265850312748
3014834.0,10.42075660103669
3014835.0,8.6489433464072
3014836.0,43.73947695780178
3014837.0,5.288152783776329
3014838.0,217.62988014279114
3014839.0,233.26833293360016
3014840.0,2.7296805311464283
3014841.0,5.954356770990374
3014842.0,204.02268846154573
3014843.0,51.459053453894896
3014844.0,1857.069072924699
3014845.0,1.5080876385484228
3014846.0,8.302890495239664
3014847.0,7.6898143088793836
3014848.0,0.041664992144095414
3014849.0,11.933673755181427
3014850.0,3779.4712274292224
3014851.0,0.1208365065466798
3014852.0,525.6321614889318
3014853.0,23.373115756643166
3014854.0,1642.216829440964
3014855.0,958.2396186986119
3014856.0,418.2653483338721
3014857.0,89.86964942544667
3014858.0,140.30411059451808
3014859.0,5749.47987491787
3014860.0,86.68277165886371
3014861.0,0.8704995742702115
3014862.0,41.71504093201226
3014863.0,34.97768409728539
3014864.0,0.18004390641392326
3014865.0,423.60014088942603
3014866.0,13.693077416434491
3014867.0,9.652496348615612
3014868.0,2.631545285842938
3014869.0,107.87808241455012
3014870.0,6.343161110577169
3014871.0,545.7496270568797
3014872.0,442.07208589562777
3014873.0,10.47097461749328
3014874.0,19.734209320320602
3014875.0,344.25537083394147
3014876.0,76.21362471160661
3014877.0,2560.6056971536345
3014878.0,277.8204633483199
3014879.0,16.58507025734542
3014880.0,6.44012726529953
3014881.0,0.04584792903215056
3014882.0,6.010003025650783
3014883.0,4159.249079112076
3014884.0,0.12129465937377329
3014885.0,865.4558782293052
3014886.0,8.109011928451029
3014887.0,1490.6679141538566
3014888.0,1610.4990852463757
3014889.0,227.29601375508236
3014890.0,330.4032904404569
3014891.0,228.18231441748617
3014892.0,5175.584886099103
3014893.0,35.73700987930205
3014894.0,1.1874176662987992
3014895.0,30.18189811397753
3014896.0,33.68820665259737
3014897.0,0.4504335971835006
3014898.0,320.3376211687325
3014899.0,2.4278101317122434
3014900.0,56.880154380881095
3014901.0,4.884415235354529
3014902.0,121.33935308361202
3014903.0,9.056554531645336
3014904.0,556.1469643289964
3014905.0,271.04414551207674
3014906.0,18.419846135757776
3014907.0,8.385971692594037
3014908.0,680.9579011245703
3014909.0,120.64217844001348
3014910.0,7581.4914655114835
3014911.0,3.2602325933978036
3014912.0,44.481522651933616
3014913.0,10.492033145507955
3014914.0,0.024187079420257458
3014915.0,7.407707211629334
3014916.0,4079.891403182941
3014917.0,0.024187079420257458
3014918.0,740.3240739636738
3014919.0,7.972349746119935
3014920.0,1577.8977140632483
3014921.0,1073.5379662139849
3014922.0,296.7296620154524
3014923.0,199.29160576356827
3014924.0,248.45997819956864
3014925.0,5517.219577922608
3014926.0,49.53599415466178
3014927.0,2.1691722965153035
3014928.0,42.792079529181706
3014929.0,39.47127266876554
3014930.0,0.22679683233902767
3014931.0,341.1052088796739
3014932.0,6.308316037107778
3014933.0,57.59598879614647
3014934.0,6.173384476767578
3014935.0,203.02172941564152
3014936.0,6.670795728857648
3014937.0,405.26124432377236
3014938.0,315.7813116042327
3014939.0,11.8075096582089
3014940.0,23.778266259531616
3014941.0,426.2279400968574
3014942.0,115.5650941668974
3014943.0,6554.752502546137
3014944.0,2.294419184565839
3014945.0,7.700735075347968
3014946.0,7.077568067875117
3014947.0,0.1256606161611252
3014948.0,4.4448795077665935
3014949.0,2297.343986923892
3014950.0,0.11783733531374142
3014951.0,438.3542703830635
3014952.0,6.508773288937874
3014953.0,1016.4945575197862
3014954.0,545.2122265589749
3014955.0,202.17699006524498
3014956.0,84.170854273757
3014957.0,94.15474159349085
3014958.0,3036.489246064206
3014959.0,13.919264868805897
3014960.0,1.108949857929608
3014961.0,23.524172085178854
3014962.0,29.62454105573329
3014963.0,0.14432450536751373
3014964.0,213.68047921105028
3014965.0,2.923654169219968
3014966.0,14.710571866364274
3014967.0,5.4751549279802365
3014968.0,59.154885355407366
3014969.0,2.5281754214422376
3014970.0,236.84679862431386
3014971.0,237.7264594284279
3014972.0,4.133105277931888
3014973.0,4.984698167509862
3014974.0,152.48793427844365
3014975.0,83.61051252078086
3014976.0,2703.7291693681773
3014977.0,1.3721272482230908
3014978.0,2.6696785166147246
3014979.0,4.545697543361818
3014980.0,0.023085268910236288
3014981.0,1.1661857803099462
3014982.0,2407.6164345397174
3014983.0,0.023085268910236288
3014984.0,197.71922086968414
3014985.0,3.394456820400251
3014986.0,796.2328164566707
3014987.0,235.24110991507385
3014988.0,174.239878518134
3014989.0,45.29143926830973
3014990.0,26.09009782764015
3014991.0,2456.052599074474
3014992.0,5.4952942909094755
3014993.0,0.6022297795357584
3014994.0,14.478406996021846
3014995.0,8.080158143876679
3014996.0,0.08245529470153729
3014997.0,185.36803391900406
3014998.0,0.04225927819941349
3014999.0,2.9496102428651283
3015000.0,2.8951824348077544
3015001.0,13.169672775536224
3015002.0,0.7691957653269976
3015003.0,47.067043432449225
3015004.0,155.32964028827695
3015005.0,0.16305194230056372
3015006.0,1.7272424788379703
3015007.0,43.01459809990162
3015008.0,75.42550159717376
3015009.0,508.98440253881273
3015010.0,2.7560622262545005
3015011.0,1.3517717519900028
3015012.0,5.630028312105049
3015013.0,0.1378826960502153
3015014.0,6.384883842126668
3015015.0,3088.2455637186567
3015016.0,0.17826023281387804
3015017.0,486.6134384498022
3015018.0,11.165123053203407
3015019.0,1108.9089977637263
3015020.0,867.2099061664509
3015021.0,274.98874884580056
3015022.0,155.71191427100982
3015023.0,122.18736543965545
3015024.0,4193.866533877273
3015025.0,27.339535846472955
3015026.0,0.8544519517192307
3015027.0,27.908789665626983
3015028.0,42.36052877464789
3015029.0,0.11284417498991657
3015030.0,282.5819929863984
3015031.0,19.11507530073029
3015032.0,18.895682740719757
3015033.0,11.326318168632293
3015034.0,69.22417268498856
3015035.0,5.486114979112455
3015036.0,385.3061610732044
3015037.0,294.9116018958183
3015038.0,8.10452431409469
3015039.0,11.81269835771755
3015040.0,434.07311928498336
3015041.0,75.84995954811322
3015042.0,3197.476807879363
3015043.0,4.619278245463743
3015044.0,32.54980933096756
3015045.0,5.082215731188986
3015046.0,0.13313681334020014
3015047.0,5.087287149385627
3015048.0,3769.109980657628
3015049.0,0.18913211613995298
3015050.0,621.4644425107654
3015051.0,15.639562007571765
3015052.0,1057.2030858218736
3015053.0,1256.824176670939
3015054.0,181.88228999788194
3015055.0,260.288580850031
3015056.0,194.8917888868013
3015057.0,3969.3367057091946
3015058.0,37.2286976706948
3015059.0,2.6207832928779604
3015060.0,27.2604161509924
3015061.0,27.017686810163347
3015062.0,0.49764723352485796
3015063.0,253.66640343160287
3015064.0,10.424919852514922
3015065.0,43.88522432502247
3015066.0,7.790171631664324
3015067.0,132.59466927061692
3015068.0,7.984145642199456
3015069.0,425.2061704507273
3015070.0,251.58895513573162
3015071.0,7.170362119550033
3015072.0,11.906375998610741
3015073.0,606.5259642376689
3015074.0,130.48519088724476
3015075.0,5987.072996551575
3015076.0,2.2898107274709063
3015077.0,39.07192596809546
3015078.0,4.210311499512018
3015079.0,0.3256338321224247
3015080.0,9.817554620355581
3015081.0,3971.8698529253284
3015082.0,0.12735561355711336
3015083.0,781.4956114020447
3015084.0,18.107411945382104
3015085.0,1191.5858847011818
3015086.0,1271.1458678013828
3015087.0,244.68964158000335
3015088.0,272.04978873156335
3015089.0,148.4548722244832
3015090.0,4383.543558357278
3015091.0,34.66935382041102
3015092.0,3.115986356957069
3015093.0,30.109141661929772
3015094.0,56.185356159911784
3015095.0,0.14283870839016705
3015096.0,324.1737416475247
3015097.0,26.606252561173825
3015098.0,40.3136259366037
3015099.0,20.398594797164087
3015100.0,120.91028759852395
3015101.0,14.649176277124631
3015102.0,363.4510893124133
3015103.0,257.75443596785
3015104.0,14.066079567720948
3015105.0,16.917104944649502
3015106.0,475.82370967684
3015107.0,138.09037136773077
3015108.0,5612.43893040862
3015109.0,1.724934480776031
3015110.0,36.29322526172508
3015111.0,9.297753010537079
3015112.0,0.2700092316784277
3015113.0,6.014161216757158
3015114.0,2845.5284224691572
3015115.0,0.0383470921420927
3015116.0,423.45262871400337
3015117.0,11.155736436482744
3015118.0,1357.1233368558226
3015119.0,723.6528389954885
3015120.0,445.1114537783132
3015121.0,174.6180961265631
3015122.0,83.18670022291528
3015123.0,4940.805717593472
3015124.0,8.537234896722804
3015125.0,1.0407436213105623
3015126.0,39.6142099871889
3015127.0,35.23956521540537
3015128.0,0.11502035145166309
3015129.0,376.51757758694765
3015130.0,9.504159254523985
3015131.0,4.514088753570391
3015132.0,8.171027451093142
3015133.0,45.54143083777059
3015134.0,1.845992342484663
3015135.0,286.2322616567168
3015136.0,394.26082434452405
3015137.0,6.898870061508677
3015138.0,6.986130823948165
3015139.0,355.4384324472746
3015140.0,74.83285825979472
3015141.0,1180.3705855585692
3015142.0,70.23711138859198
3015143.0,14.268532371080468
3015144.0,4.0493675614711835
3015145.0,0.04109610677469493
3015146.0,2.8124462562694514
3015147.0,1907.1671912284005
3015148.0,0.11897170341517985
3015149.0,285.1557727387133
3015150.0,11.683918986472257
3015151.0,607.1231061271824
3015152.0,604.7017884169924
3015153.0,113.87595131011133
3015154.0,114.76400007478506
3015155.0,114.98283679649685
3015156.0,2271.1055217010653
3015157.0,21.380702330855335
3015158.0,1.4103339041383125
3015159.0,17.739900451680523
3015160.0,22.72364168197577
3015161.0,0.25554365073788066
3015162.0,157.67605482147786
3015163.0,12.26291084742283
3015164.0,14.987335587073755
3015165.0,4.746847664006518
3015166.0,81.10038100921632
3015167.0,5.3640290896838305
3015168.0,231.31889908583332
3015169.0,134.34339380685043
3015170.0,4.137741465376955
3015171.0,5.910647688760668
3015172.0,274.32016303320984
3015173.0,61.80253765776757
3015174.0,1938.2931039031303
3015175.0,2.879977269063978
3015176.0,24.582145109228
3015177.0,1.1971206494282196
3015178.0,0.0382988064334388
3015179.0,1.4917925259646012
3015180.0,1131.8871803226148
3015181.0,0.023085268910236288
3015182.0,85.5022697769126
3015183.0,2.9630814118175435
3015184.0,853.1223291539554
3015185.0,230.14519672882196
3015186.0,209.89173634425774
3015187.0,32.22492290969497
3015188.0,31.8443337604406
3015189.0,2107.6609271947973
3015190.0,3.8375789679723042
3015191.0,0.35090488864875324
3015192.0,10.998452157352766
3015193.0,5.671717114921356
3015194.0,0.08241095815905014
3015195.0,127.19591392998515
3015196.0,1.9008505204049724
3015197.0,2.7982879498562476
3015198.0,1.249600669423473
3015199.0,8.42631655690489
3015200.0,0.3742567011517803
3015201.0,218.08227534006107
3015202.0,147.92791113512047
3015203.0,0.5653529773928948
3015204.0,3.14938785499759
3015205.0,104.68775390145441
3015206.0,24.909191818712287
3015207.0,233.07352428393904
3015208.0,6.008911212863668
3015209.0,0.6390609368747735
3015210.0,6.058595475874414
3015211.0,0.1775912351320036
3015212.0,4.106226694683248
3015213.0,3553.665250584255
3015214.0,0.036590615610142194
3015215.0,554.5612851259559
3015216.0,10.482980822023752
3015217.0,1485.4122320857614
3015218.0,527.6537450667065
3015219.0,419.4512183076884
3015220.0,151.42994317018702
3015221.0,62.911207777768595
3015222.0,5405.856261388837
3015223.0,31.0797375112193
3015224.0,0.6475383083635003
3015225.0,17.515342239028556
3015226.0,19.166224854581476
3015227.0,0.17493590084170574
3015228.0,404.3433416693324
3015229.0,8.894716562019358
3015230.0,2.096478076211075
3015231.0,7.904488031461951
3015232.0,32.583537959919084
3015233.0,2.1088673176083326
3015234.0,827.8083806330555
3015235.0,366.3134947721819
3015236.0,2.4112237256193323
3015237.0,12.104781092407832
3015238.0,329.840695475629
3015239.0,92.11534491389837
3015240.0,1161.6938187241162
3015241.0,37.82598278636483
3015242.0,7.890414865202046
3015243.0,4.623705157170564
3015244.0,0.10790967834750541
3015245.0,0.8587326945215841
3015246.0,1345.3191237953802
3015247.0,0.03084997523438158
3015248.0,135.99228118199034
3015249.0,6.390951359822125
3015250.0,912.2191289175244
3015251.0,312.17317788465937
3015252.0,170.8412920254858
3015253.0,73.50361936331521
3015254.0,37.973342061624024
3015255.0,2599.0572701917736
3015256.0,7.03316490382988
3015257.0,0.6072443101204229
3015258.0,14.262702462513099
3015259.0,18.097069334957084
3015260.0,0.15686064897201407
3015261.0,159.66262846254915
3015262.0,5.1530874982373716
3015263.0,4.420897711368912
3015264.0,7.862516933253689
3015265.0,28.0794270815024
3015266.0,1.1754999174097716
3015267.0,205.22647653077263
3015268.0,157.47182112588808
3015269.0,1.2455602199342901
3015270.0,4.8357795010275275
3015271.0,128.97690225942733
3015272.0,28.806804060846453
3015273.0,308.7736552505263
3015274.0,11.449907233758294
3015275.0,2.755561467868152
3015276.0,3.944593894472939
3015277.0,0.023085268910236288
3015278.0,2.996369667301513
3015279.0,1301.9377714571494
3015280.0,0.023085268910236288
3015281.0,92.03892582611816
3015282.0,5.499811085988294
3015283.0,775.0560635251683
3015284.0,218.30557930827408
3015285.0,124.27569421185808
3015286.0,37.38589684080467
3015287.0,27.076446010676115
3015288.0,2278.737050597475
3015289.0,10.256756436177561
3015290.0,0.21365029139960984
3015291.0,11.077267885378896
3015292.0,8.7886802617619
3015293.0,0.08690848250993172
3015294.0,123.40613023117356
3015295.0,1.3364274636941518
3015296.0,2.9915906286454628
3015297.0,2.039449167608708
3015298.0,25.189162697752135
3015299.0,0.7594406451367671
3015300.0,180.1026684644176
3015301.0,159.1973353979945
3015302.0,0.3782522839132514
3015303.0,4.61066264193286
3015304.0,87.69103226288057
3015305.0,22.024096788382
3015306.0,142.3506033630027
3015307.0,18.569470831504525
3015308.0,1.6978012174544952
3015309.0,3.2026359602809635
3015310.0,0.02288514698285841
3015311.0,2.750790879626882
3015312.0,1226.1062922500378
3015313.0,0.02288514698285841
3015314.0,118.7054879832177
3015315.0,5.590922946823153
3015316.0,1249.1796605088289
3015317.0,292.20505785761225
3015318.0,167.3856927151579
3015319.0,30.617916594308717
3015320.0,31.264320928578734
3015321.0,2352.9469455551807
3015322.0,3.027279515797008
3015323.0,0.33261513996376313
3015324.0,9.087398344344571
3015325.0,15.28406749181526
3015326.0,0.13148994251088192
3015327.0,186.58056327014918
3015328.0,0.6589784687874735
3015329.0,4.055250004732491
3015330.0,2.4990257660961905
3015331.0,10.119240955523587
3015332.0,1.0251908697661145
3015333.0,335.30758972355693
3015334.0,197.68979885068592
3015335.0,0.7395491525808441
3015336.0,4.053755953993621
3015337.0,52.671276538839386
3015338.0,65.82444882511865
3015339.0,309.4691457564921
3015340.0,6.507958436479876
3015341.0,3.1805948548893803
3015342.0,3.4006696715631692
3015343.0,0.7226221258264119
3015344.0,2.499899400567884
3015345.0,1662.7816243288062
3015346.0,0.025873931843745826
3015347.0,157.73735416790026
3015348.0,1.7597278601758364
3015349.0,842.6422200302093
3015350.0,283.61394341410585
3015351.0,253.8797478075458
3015352.0,74.18620942816847
3015353.0,61.84857696528901
3015354.0,2496.245899612462
3015355.0,5.601927338793859
3015356.0,0.9213373218976794
3015357.0,9.184723929937405
3015358.0,16.353220645358157
3015359.0,0.201448297162021
3015360.0,188.10423833493687
3015361.0,6.924794613539273
3015362.0,3.2801630005198907
3015363.0,3.052197902744021
3015364.0,22.125490108891093
3015365.0,1.6244698739337717
3015366.0,161.66145477298608
3015367.0,171.39490319036867
3015368.0,0.5754212847014983
3015369.0,5.115762707277565
3015370.0,111.89921042485511
3015371.0,42.23662946008919
3015372.0,520.5401799997161
3015373.0,8.749372660926412
3015374.0,4.347040180118431
3015375.0,3.538945793138291
3015376.0,0.16864302391610417
3015377.0,1.1170524512837148
3015378.0,1024.1121063409246
3015379.0,0.023085268910236288
3015380.0,122.07696912138101
3015381.0,4.069423000899739
3015382.0,987.4708147798676
3015383.0,191.0067940876496
3015384.0,125.43383262579906
3015385.0,103.82377339167327
3015386.0,24.07493749030082
3015387.0,1631.1998691620342
3015388.0,4.050133938609518
3015389.0,0.35775573825120854
3015390.0,11.18549748083591
3015391.0,9.416630329408479
3015392.0,0.19863027872023042
3015393.0,148.73429675278868
3015394.0,0.044281298718193245
3015395.0,3.007219028063125
3015396.0,1.6496544694395003
3015397.0,29.085264002558283
3015398.0,0.9692340547034606
3015399.0,56.865972732915196
3015400.0,107.5431693998054
3015401.0,0.7226647526524306
3015402.0,2.546183984830889
3015403.0,59.3943860638241
3015404.0,30.75240269976929
3015405.0,374.37419556344446
3015406.0,3.0063578349250912
3015407.0,0.672698900920098
3015408.0,6.088793666956182
3015409.0,0.3921584481930864
3015410.0,3.288846232209358
3015411.0,2464.928922402588
3015412.0,0.02551460538753701
3015413.0,246.80757312723688
3015414.0,6.319904965600982
3015415.0,812.2240035733554
3015416.0,516.0363924628385
3015417.0,386.5332551889004
3015418.0,148.12226882409018
3015419.0,77.22458588018387
3015420.0,3515.6415892919704
3015421.0,12.830006073213447
3015422.0,0.8248087193398708
3015423.0,16.983344119947787
3015424.0,20.311021406215055
3015425.0,0.1308287648405147
3015426.0,223.90957706074119
3015427.0,0.347279618935265
3015428.0,3.15350275207183
3015429.0,6.26054391133594
3015430.0,30.846730711497507
3015431.0,2.3983693794745586
3015432.0,263.0085137203838
3015433.0,207.27862690693235
3015434.0,1.555598249185602
3015435.0,6.2237719531933635
3015436.0,271.1223626899514
3015437.0,52.67605014565481
3015438.0,1057.4676074922131
3015439.0,23.329616087144444
3015440.0,10.135452099283654
3015441.0,3.4478220914052504
3015442.0,0.11056444577249314
3015443.0,3.9575538133712724
3015444.0,1668.169675284349
3015445.0,0.022828176838620217
3015446.0,394.08963796688556
3015447.0,5.781060516546858
3015448.0,470.3700152333011
3015449.0,394.3775421730743
3015450.0,145.12936010890132
3015451.0,95.11815234365159
3015452.0,30.541380696716388
3015453.0,2108.0646535050164
3015454.0,5.96868098774606
3015455.0,0.7258257988507302
3015456.0,18.10113856481238
3015457.0,11.246505142823327
3015458.0,0.12056221809318596
3015459.0,142.87033800840032
3015460.0,8.805643660756626
3015461.0,4.532886034302889
3015462.0,4.291165084774185
3015463.0,43.23847376062223
3015464.0,1.2895727643558634
3015465.0,198.98478153300692
3015466.0,124.31424083321922
3015467.0,3.3220706888402685
3015468.0,4.530788688852869
3015469.0,41.0216997257031
3015470.0,25.76156528775047
3015471.0,1078.4436224821952
3015472.0,23.552521272216715
3015473.0,8.307976353081294
3015474.0,4.512024260011689
3015475.0,0.41019811385465577
3015476.0,3.600296160303652
3015477.0,1828.5142359289202
3015478.0,0.027065662305717636
3015479.0,131.2540783990569
3015480.0,4.442410513119775
3015481.0,728.589170635124
3015482.0,254.6112089915356
3015483.0,198.46391107066938
3015484.0,41.97394789323893
3015485.0,36.64290701454039
3015486.0,2528.6025710072827
3015487.0,13.561800936395013
3015488.0,0.9234497690801466
3015489.0,13.330931205832606
3015490.0,11.904569152731913
3015491.0,0.140517038467656
3015492.0,134.327500367093
3015493.0,4.27684379105318
3015494.0,3.2073262645408382
3015495.0,3.4132991046665793
3015496.0,31.263250004876262
3015497.0,1.5442597735863004
3015498.0,133.76972707648474
3015499.0,151.10186445279436
3015500.0,1.034604200847367
3015501.0,3.594983397535537
3015502.0,146.82965806277758
3015503.0,21.010418401408337
3015504.0,403.526192557164
3015505.0,5.929777652111497
3015506.0,3.1603817288516143
3015507.0,4.721676765855092
3015508.0,0.12414470162055896
3015509.0,5.156491929732995
3015510.0,2403.4097657621714
3015511.0,0.1976544649115224
3015512.0,507.68202255706456
3015513.0,8.923097565927321
3015514.0,736.9591350609257
3015515.0,643.7160492083707
3015516.0,178.89870019402662
3015517.0,127.6284010086531
3015518.0,89.11542417610083
3015519.0,3128.2049288671133
3015520.0,27.28441473131469
3015521.0,1.074818722752728
3015522.0,13.963056911450638
3015523.0,22.16563280949602
3015524.0,0.15967085077398502
3015525.0,221.92535659580844
3015526.0,18.18995695666169
3015527.0,11.930407646839175
3015528.0,5.213708236102337
3015529.0,64.6861921091171
3015530.0,5.829592509396432
3015531.0,339.0467163372027
3015532.0,205.07786198587064
3015533.0,6.751715188103615
3015534.0,6.720382521623261
3015535.0,358.740507270711
3015536.0,81.01903069062453
3015537.0,1758.655406194035
3015538.0,4.1067193850900505
3015539.0,28.55226008044086
3015540.0,4.515873863153463
3015541.0,0.0966320993620439
3015542.0,5.5332824236465115
3015543.0,2944.7353855484916
3015544.0,0.028381485584904036
3015545.0,403.6663436140261
3015546.0,5.932435241653383
3015547.0,1360.369587432459
3015548.0,541.3598206502827
3015549.0,482.7504966188193
3015550.0,65.09065577276255
3015551.0,67.97544036620295
3015552.0,4440.03016615092
3015553.0,11.146402783784817
3015554.0,2.674289542137063
3015555.0,20.09951739146379
3015556.0,11.711956407564138
3015557.0,0.09844061909609413
3015558.0,268.4561836896754
3015559.0,2.0628855567881246
3015560.0,3.98334256645122
3015561.0,3.946996638796601
3015562.0,39.17916763963649
3015563.0,0.8938166031508669
3015564.0,553.4029419320117
3015565.0,305.74807304608106
3015566.0,3.4707618766220523
3015567.0,3.675555233238268
3015568.0,233.06422634611843
3015569.0,54.182266718937115
3015570.0,756.3914372408432
3015571.0,29.67989240774405
3015572.0,10.012267111366171
3015573.0,9.098445632594853
3015574.0,0.2455443787554864
3015575.0,3.2919838111501183
3015576.0,2294.314807672361
3015577.0,0.02972975414393548
3015578.0,330.815807241077
3015579.0,4.137553088192474
3015580.0,1789.4714906228796
3015581.0,388.5950463997751
3015582.0,213.9500994214671
3015583.0,170.09752815388055
3015584.0,62.84754486617207
3015585.0,3058.2753429807594
3015586.0,12.76920112848385
3015587.0,0.5522455663770152
3015588.0,25.030010388359255
3015589.0,25.11575571642385
3015590.0,0.2243073442758839
3015591.0,253.98162115142378
3015592.0,2.934177809720558
3015593.0,2.6750897945644696
3015594.0,8.512220473503806
3015595.0,66.48516506667428
3015596.0,1.1376999571751518
3015597.0,113.96291762120975
3015598.0,192.12749530551562
3015599.0,2.048146629941231
3015600.0,3.6361099677215574
3015601.0,122.70380073804193
3015602.0,127.61332678583432
3015603.0,766.1022665978894
3015604.0,2.0925251399598936
3015605.0,4.7350695602145345
3015606.0,4.008665194529424
3015607.0,0.16254271717991084
3015608.0,1.367468782873008
3015609.0,1591.4529346038564
3015610.0,0.024467932161669283
3015611.0,119.01194619008697
3015612.0,5.903998143281829
3015613.0,699.9387514873531
3015614.0,271.9090831151659
3015615.0,121.21793894342437
3015616.0,52.34657195508593
3015617.0,53.45529649844215
3015618.0,2301.075135018556
3015619.0,6.708809224592355
3015620.0,0.6515441309872312
3015621.0,15.10285445988076
3015622.0,16.093184696045363
3015623.0,0.09245938483470417
3015624.0,131.47169927462568
3015625.0,0.228394645561122
3015626.0,3.3467210336290503
3015627.0,2.704239290007795
3015628.0,47.16544128221546
3015629.0,1.8474435426562694
3015630.0,116.03769606489456
3015631.0,135.28889479319415
3015632.0,1.011912029839346
3015633.0,5.63020619125828
3015634.0,101.1107612130352
3015635.0,24.43286600833631
3015636.0,444.8094702358651
3015637.0,12.550020480085113
3015638.0,1.5354574383499593
3015639.0,1.630004344320859
3015640.0,0.027959010121829598
3015641.0,1.3501473327153664
3015642.0,1256.7494819524243
3015643.0,0.10469757032925413
3015644.0,228.353547822253
3015645.0,10.64264895038051
3015646.0,468.3498144133281
3015647.0,418.41052515057424
3015648.0,102.96414010475368
3015649.0,43.44160970013016
3015650.0,63.433733969451254
3015651.0,1846.0167358399153
3015652.0,19.60719681060693
3015653.0,0.43059657430799075
3015654.0,12.194877136691842
3015655.0,11.193226778225416
3015656.0,0.23095967735189232
3015657.0,112.08223825093923
3015658.0,8.837224022496546
3015659.0,1.8174628456670532
3015660.0,4.745838760026354
3015661.0,39.882665583631706
3015662.0,3.743671401504405
3015663.0,570.7097874790252
3015664.0,127.00822871152694
3015665.0,3.114976697444982
3015666.0,5.011499361112782
3015667.0,243.07377473196098
3015668.0,31.06474868771851
3015669.0,873.6745525475067
3015670.0,2.8939293415416576
3015671.0,7.235732278960998
3015672.0,2.6676046961566957
3015673.0,0.15336606886458404
3015674.0,4.445428989396309
3015675.0,2974.9111323245343
3015676.0,0.11835961102591344
3015677.0,568.7448536215466
3015678.0,14.549095435465137
3015679.0,965.6853194343757
3015680.0,981.3691018338066
3015681.0,219.21774689878794
3015682.0,170.14336150379012
3015683.0,146.77693400524944
3015684.0,3417.729016774101
3015685.0,38.49587831818751
3015686.0,0.7659926308948948
3015687.0,18.893892730486947
3015688.0,27.379813742657014
3015689.0,0.12971436604418615
3015690.0,219.64599840606195
3015691.0,10.042476966731176
3015692.0,35.21824142482665
3015693.0,8.977304947753886
3015694.0,71.91653091267526
3015695.0,12.79806288348509
3015696.0,304.8458886343191
3015697.0,219.6720832303199
3015698.0,13.69143907700656
3015699.0,6.895590315408858
3015700.0,417.3209946861452
3015701.0,104.1407528299593
3015702.0,2836.8109349929514
3015703.0,10.050373644895618
3015704.0,20.38477394633611
3015705.0,2.826377727665072
3015706.0,0.12392643735824871
3015707.0,3.592717378892558
3015708.0,1663.1453183092644
3015709.0,0.0940039460472961
3015710.0,258.9929523339505
3015711.0,4.980594713165235
3015712.0,309.9122453103646
3015713.0,381.1441909949972
3015714.0,96.35262969906293
3015715.0,38.16341078540559
3015716.0,31.411419246951183
3015717.0,1476.037235012847
3015718.0,8.398094295388823
3015719.0,0.7081047805530515
3015720.0,6.777713341455832
3015721.0,15.282437935069833
3015722.0,0.08912970321093808
3015723.0,68.88866366238088
3015724.0,0.07671787023089734
3015725.0,14.367870669278165
3015726.0,2.7957819695838477
3015727.0,110.7188296655295
3015728.0,4.048831737329858
3015729.0,52.887171194613295
3015730.0,75.5873060999316
3015731.0,3.5849931867350255
3015732.0,5.577814523776892
3015733.0,44.519794852179324
3015734.0,15.109896903648599
3015735.0,626.4706311079977
3015736.0,1.8911346929223654
3015737.0,2.416852973352042
3015738.0,3.467606601194364
3015739.0,0.023085268910236288
3015740.0,1.7809835971594161
3015741.0,622.993309854671
3015742.0,0.10157582823922467
3015743.0,165.93365060850562
3015744.0,4.5388213953298955
3015745.0,271.178076433754
3015746.0,156.5205349768047
3015747.0,52.03965832220555
3015748.0,29.211826072850478
3015749.0,26.438538706654867
3015750.0,1114.4732314848168
3015751.0,9.498226198591116
3015752.0,0.4342293152386709
3015753.0,8.856431049105275
3015754.0,6.882289477031627
3015755.0,0.23126330721815774
3015756.0,62.72488435649488
3015757.0,0.21580454219647466
3015758.0,5.121817751884057
3015759.0,1.0794501545525355
3015760.0,18.176286770635826
3015761.0,0.2956966882378098
3015762.0,193.9969146345874
3015763.0,94.54206068199261
3015764.0,1.8138231264553288
3015765.0,1.4003421724283724
3015766.0,101.90393092559967
3015767.0,16.855048687194405
3015768.0,348.84866947548085
3015769.0,1.536030182004149
3015770.0,2.0063167703346583
3015771.0,5.175726266788384
3015772.0,0.12230925993366068
3015773.0,3.294098515466192
3015774.0,2239.7421384597374
3015775.0,0.12410532296938723
3015776.0,478.25059690907693
3015777.0,11.906596764998266
3015778.0,621.5435031201287
3015779.0,705.3918642320155
3015780.0,202.0535996720198
3015781.0,169.66466281107756
3015782.0,92.733103156261
3015783.0,2859.508332748841
3015784.0,22.65467382515478
3015785.0,1.465951484853963
3015786.0,16.62401965023403
3015787.0,19.766753641448354
3015788.0,0.20481537309074213
3015789.0,178.8475594834013
3015790.0,4.35132708401833
3015791.0,28.862327672837534
3015792.0,5.515708343455758
3015793.0,96.60393836927946
3015794.0,2.5928382379322996
3015795.0,195.66486700486712
3015796.0,156.32771827714805
3015797.0,8.50278199897549
3015798.0,6.563387650310838
3015799.0,279.7649717929072
3015800.0,59.70004440407293
3015801.0,1737.3518345483985
3015802.0,1.5739895544001303
3015803.0,11.123319875945889
3015804.0,5.906617280059216
3015805.0,0.09433470795345084
3015806.0,2.2697989086914365
3015807.0,2503.8422551390167
3015808.0,0.027806497888954156
3015809.0,461.3398329112597
3015810.0,9.450115130425479
3015811.0,883.2975555124575
3015812.0,601.8434097268396
3015813.0,286.30135616944875
3015814.0,184.201188545356
3015815.0,49.90039091435877
3015816.0,3273.433258612019
3015817.0,11.406548112411274
3015818.0,0.6518953685871721
3015819.0,28.618614272371865
3015820.0,15.292441125945768
3015821.0,0.73824985584197
3015822.0,214.66613945584749
3015823.0,0.09697245502730134
3015824.0,3.8159029172841636
3015825.0,4.304308526172115
3015826.0,38.15355393806831
3015827.0,0.9959990177513887
3015828.0,265.52583389314805
3015829.0,228.4295263689291
3015830.0,3.8885900494878527
3015831.0,3.6944066599412797
3015832.0,165.2763415394592
3015833.0,68.10564930284232
3015834.0,1213.2920540406938
3015835.0,2.1566630245813743
3015836.0,2.5327608203507683
3015837.0,5.093694174356584
3015838.0,0.27256766243210034
3015839.0,2.3870487407186807
3015840.0,2633.735518433504
3015841.0,0.03144984412537913
3015842.0,488.13114267399203
3015843.0,10.777737054677814
3015844.0,803.6811017554821
3015845.0,481.33246351308003
3015846.0,210.05655019760604
3015847.0,156.76158188070866
3015848.0,46.22801779778496
3015849.0,3198.750050958804
3015850.0,11.135761878720517
3015851.0,0.9252103824362987
3015852.0,22.20590218175139
3015853.0,18.80581204859714
3015854.0,0.09755459148314055
3015855.0,206.98699268114058
3015856.0,0.08240384027525122
3015857.0,4.4173266100447135
3015858.0,3.941432760928777
3015859.0,62.870347894218646
3015860.0,1.136456831919213
3015861.0,136.76163035149682
3015862.0,176.11854722429
3015863.0,4.197792355264275
3015864.0,3.54452435134373
3015865.0,164.98307628109268
3015866.0,49.517114101889675
3015867.0,854.4287397530621
3015868.0,1.597568776325698
3015869.0,4.71054564783946
3015870.0,9.578753286406112
3015871.0,0.9971130272011628
3015872.0,11.447147010184327
3015873.0,6366.417599673474
3015874.0,0.13198518047933427
3015875.0,928.9830143431234
3015876.0,40.96917446334582
3015877.0,1552.0772093712335
3015878.0,1596.896339635614
3015879.0,277.1434641716536
3015880.0,369.56683995757504
3015881.0,244.54297414817555
3015882.0,5859.475236947443
3015883.0,62.285981834578656
3015884.0,2.6317869718965112
3015885.0,42.3652946931592
3015886.0,49.21536023124337
3015887.0,0.21331063411468734
3015888.0,399.47878907763595
3015889.0,30.6563836487327
3015890.0,41.396317352015856
3015891.0,20.694748916355408
3015892.0,169.41246703529214
3015893.0,23.20257109900871
3015894.0,549.5001442596529
3015895.0,408.2142822812864
3015896.0,16.91360100684178
3015897.0,19.118882832926644
3015898.0,841.474501999091
3015899.0,210.7355684203455
3015900.0,5450.153225831875
3015901.0,1.7637372316954347
3015902.0,67.97708216295943
3015903.0,1.970815244145362
3015904.0,0.15516150045928265
3015905.0,0.8558963299358112
3015906.0,1461.2562974610314
3015907.0,0.023513340762336545
3015908.0,150.87587634067674
3015909.0,2.966476721779377
3015910.0,729.6077672366014
3015911.0,227.67680346404057
3015912.0,99.20128715346338
3015913.0,141.6604446629573
3015914.0,39.90487106758448
3015915.0,2854.639040406836
3015916.0,4.074372580694729
3015917.0,0.2173364102478531
3015918.0,13.579005072056493
3015919.0,7.024498678034288
3015920.0,0.12847907558387672
3015921.0,189.74372413728705
3015922.0,0.4293385031079521
3015923.0,3.0380800158229455
3015924.0,2.350119252772413
3015925.0,32.350114672441904
3015926.0,0.4627777365505472
3015927.0,143.18330765452913
3015928.0,86.96104123331817
3015929.0,1.3723410957622364
3015930.0,3.8593612102827177
3015931.0,102.15076368148529
3015932.0,19.761143728605838
3015933.0,469.4033808384276
3015934.0,1.3676639775116008
3015935.0,3.4102571991332513
3015936.0,6.788589309885687
3015937.0,0.17401881656906784
3015938.0,1.9730972696307763
3015939.0,2377.949068059028
3015940.0,0.035071205044927264
3015941.0,428.698481914216
3015942.0,8.323908478183125
3015943.0,1372.9693481968184
3015944.0,473.49322778686286
3015945.0,179.99663460525133
3015946.0,210.08612644563368
3015947.0,70.82691424578098
3015948.0,3601.2450679838503
3015949.0,10.781540086212264
3015950.0,0.3281980319220831
3015951.0,18.796545940858934
3015952.0,16.668403612582992
3015953.0,0.10825102175070449
3015954.0,224.34005000629452
3015955.0,1.240576023168468
3015956.0,3.394791074005718
3015957.0,7.838505786604396
3015958.0,15.430856271005439
3015959.0,1.388732011032637
3015960.0,545.9144314034402
3015961.0,209.64577580864358
3015962.0,3.2341200551154237
3015963.0,5.572715474166396
3015964.0,132.0363484683918
3015965.0,53.7689231901789
3015966.0,912.8082170183238
3015967.0,1.7046558653049515
3015968.0,4.28933362167672
3015969.0,1.071145541421821
3015970.0,0.0382988064334388
3015971.0,0.7338870467789335
3015972.0,965.0550936856823
3015973.0,0.023085268910236288
3015974.0,114.29510854251025
3015975.0,2.817352820875484
3015976.0,626.6770206710573
3015977.0,128.45459631745052
3015978.0,77.98266892050518
3015979.0,160.50778582326706
3015980.0,16.12754937483559
3015981.0,1420.3254743579214
3015982.0,1.2729240316374437
3015983.0,0.2472531677604715
3015984.0,8.653510285589164
3015985.0,2.993231633683461
3015986.0,0.11527701009812744
3015987.0,68.64571325348018
3015988.0,0.0409715482543797
3015989.0,2.761532507236924
3015990.0,0.8890685378583343
3015991.0,19.410513863053296
3015992.0,0.23105149647084952
3015993.0,102.20414416099379
3015994.0,63.669988293689364
3015995.0,0.46684155543895334
3015996.0,0.9758447523706592
3015997.0,42.78580432935718
3015998.0,8.632860644193713
3015999.0,153.28714946304106
3016000.0,2.7203114713872365
3016001.0,1.1866041095268465
3016002.0,6.002874540093948
3016003.0,0.15671355634922918
3016004.0,1.3465862823463934
3016005.0,1598.6594708743417
3016006.0,0.023085268910236288
3016007.0,188.6616771157867
3016008.0,5.095187786087054
3016009.0,865.6332019821227
3016010.0,300.4745405274896
3016011.0,145.22558504360563
3016012.0,119.16499234614187
3016013.0,44.79950619678564
3016014.0,2295.291233126054
3016015.0,3.2160623163718474
3016016.0,0.4935648003479232
3016017.0,20.134867991387885
3016018.0,13.238765932896431
3016019.0,0.21685485970532384
3016020.0,173.6247652054273
3016021.0,0.04784426126640136
3016022.0,3.385605340602118
3016023.0,9.248180102191993
3016024.0,25.387255628006955
3016025.0,1.0760240815568711
3016026.0,327.5580486663289
3016027.0,163.44225057119377
3016028.0,1.283088262604109
3016029.0,3.8867130632148834
3016030.0,171.6044177522711
3016031.0,19.359839434032285
3016032.0,938.1461243014016
3016033.0,3.166568184298604
3016034.0,0.8127582277252522
3016035.0,2.991360897785402
3016036.0,0.23386621182887748
3016037.0,1.3968906284612734
3016038.0,1994.8132513752007
3016039.0,0.043950504499094906
3016040.0,522.0280595237775
3016041.0,5.6629045080290386
3016042.0,720.6213716636157
3016043.0,492.37825768692267
3016044.0,188.55623022948504
3016045.0,65.7530997224719
3016046.0,63.73012012712339
3016047.0,3250.7999473519485
3016048.0,5.485509796111577
3016049.0,2.7637476344133405
3016050.0,26.046866553589382
3016051.0,34.927773747775035
3016052.0,0.16673499191119479
3016053.0,166.8122146717118
3016054.0,1.073697678538253
3016055.0,4.01213502202515
3016056.0,3.001472669554558
3016057.0,31.19068951697595
3016058.0,1.7154550134866058
3016059.0,221.6455606502654
3016060.0,211.72682141446842
3016061.0,3.090606304067428
3016062.0,5.3015339693969485
3016063.0,125.67624996832313
3016064.0,22.835793406904706
3016065.0,532.1535326965497
3016066.0,2.3317333596633967
3016067.0,2.2654316147528446
3016068.0,3.3763106013496857
3016069.0,0.08111799557813087
3016070.0,0.6124320697110941
3016071.0,1102.9498615044292
3016072.0,0.023085268910236288
3016073.0,70.04682547117424
3016074.0,2.421299450913553
3016075.0,391.46490937488903
3016076.0,134.91539725266944
3016077.0,65.7772653259847
3016078.0,82.4357843422597
3016079.0,31.744493383972493
3016080.0,1564.8830383060374
3016081.0,4.90100706148761
3016082.0,0.22028186001770347
3016083.0,7.995887026363681
3016084.0,5.718726621758442
3016085.0,0.0985964203966107
3016086.0,85.07935953831466
3016087.0,0.0409715482543797
3016088.0,3.049807153042283
3016089.0,0.9064464256427678
3016090.0,19.58014671285038
3016091.0,0.3332987769181697
3016092.0,270.2917679482191
3016093.0,64.3422187130686
3016094.0,0.7670796987684704
3016095.0,1.038597840824591
3016096.0,54.51744992473253
3016097.0,13.301112495126908
3016098.0,314.5648838392283
3016099.0,1.6400458865944727
3016100.0,0.5306293351293643
3016101.0,3.669006688708651
3016102.0,0.09010076934827069
3016103.0,0.800916390125035
3016104.0,2729.3388849743205
3016105.0,0.023513340762336545
3016106.0,377.26885374626704
3016107.0,6.673510007508239
3016108.0,669.5988889445241
3016109.0,425.42477678806165
3016110.0,156.74494174012477
3016111.0,140.7146865163774
3016112.0,54.887008970733746
3016113.0,3036.8971039127305
3016114.0,4.192408779337963
3016115.0,0.41846387673441077
3016116.0,17.626281083334447
3016117.0,9.370892356202877
3016118.0,0.11996489108457158
3016119.0,172.73479546305126
3016120.0,0.051734260822700405
3016121.0,19.799986352985236
3016122.0,2.626318154269864
3016123.0,36.243610579791465
3016124.0,0.7546212037779285
3016125.0,367.8232605473587
3016126.0,161.25224719077488
3016127.0,1.5484763079681303
3016128.0,3.230433551513483
3016129.0,110.4089012810484
3016130.0,38.71446936873586
3016131.0,955.9857870280073
3016132.0,1.6010416635340452
3016133.0,0.7918541558745987
3016134.0,3.3812373188548026
3016135.0,0.192255719083757
3016136.0,6.09193328519461
3016137.0,2346.1241995571813
3016138.0,0.12672709800657334
3016139.0,474.8229421518804
3016140.0,7.065525211221644
3016141.0,809.921307035523
3016142.0,711.8690192832591
3016143.0,151.6747265566092
3016144.0,109.17609901041914
3016145.0,111.4577240470029
3016146.0,3338.7183299994786
3016147.0,50.29679799042131
3016148.0,1.1003272261403332
3016149.0,20.348304187833264
3016150.0,26.37304356297581
3016151.0,0.17383651055688945
3016152.0,221.19769469571304
3016153.0,20.53665285362521
3016154.0,22.138359357709763
3016155.0,1.961651858538426
3016156.0,99.03328857381545
3016157.0,6.76420732768544
3016158.0,195.50806512397935
3016159.0,227.2537530370143
3016160.0,11.82847427067496
3016161.0,12.374818046498241
3016162.0,222.9815508424979
3016163.0,74.3940813912858
3016164.0,2087.8237882700696
3016165.0,5.98519894240986
3016166.0,9.61498384396992
3016167.0,4.882233701491061
3016168.0,0.0510473831398034
3016169.0,4.5918379013136885
3016170.0,2077.6806768258057
3016171.0,0.1098368772626774
3016172.0,347.05883257871074
3016173.0,10.007133697687493
3016174.0,765.9453404763385
3016175.0,563.8341897628375
3016176.0,108.2301172762293
3016177.0,68.11055126965579
3016178.0,89.94505562432926
3016179.0,2883.8762628361546
3016180.0,22.26518327254706
3016181.0,1.1521021653310168
3016182.0,30.593443620461592
3016183.0,46.8658841698323
3016184.0,0.10854946989444277
3016185.0,228.70583866932964
3016186.0,13.610890674639824
3016187.0,16.55196331095067
3016188.0,6.939643336975291
3016189.0,69.43464914868345
3016190.0,8.815922168381318
3016191.0,143.60421767743543
3016192.0,295.21500844338743
3016193.0,5.348179812196752
3016194.0,8.175355739135059
3016195.0,101.1294661961249
3016196.0,65.34493403022054
3016197.0,1513.6646515146972
3016198.0,2.166522289106525
3016199.0,13.78091234794983
3016200.0,7.023540198106468
3016201.0,0.16135840459091963
3016202.0,4.007722063111332
3016203.0,2988.3782324430304
3016204.0,0.04182270080873421
3016205.0,580.4629254619074
3016206.0,5.7381802821534675
3016207.0,2106.3585938328315
3016208.0,520.291994838894
3016209.0,158.71300906526716
3016210.0,270.1943721822729
3016211.0,61.629071781239354
3016212.0,4695.3448723460915
3016213.0,28.27857630228527
3016214.0,1.2224771238965084
3016215.0,19.75822219593929
3016216.0,18.69482603066092
3016217.0,0.14175299963481036
3016218.0,273.8066713062984
3016219.0,3.7604755937315164
3016220.0,11.642332018786263
3016221.0,7.741318204618292
3016222.0,42.72243359781522
3016223.0,2.003608369377168
3016224.0,219.90402417507428
3016225.0,266.2979676340054
3016226.0,6.002346041902939
3016227.0,8.214653572933019
3016228.0,220.81981453766332
3016229.0,50.628989092962684
3016230.0,1368.7437709265282
3016231.0,6.028166471757037
3016232.0,12.282438791397828
3016233.0,3.298776382893262
3016234.0,0.37694385022892485
3016235.0,3.542811011987768
3016236.0,1933.7193233975124
3016237.0,0.10633717001169249
3016238.0,281.76163870845335
3016239.0,5.698101169978614
3016240.0,618.7112471215657
3016241.0,566.564253203742
3016242.0,154.1438556739942
3016243.0,104.69776522969259
3016244.0,67.20005969159719
3016245.0,2724.575955552926
3016246.0,18.741498520656446
3016247.0,0.941670088509817
3016248.0,13.007876009828152
3016249.0,10.132405926809962
3016250.0,0.12243407759004493
3016251.0,200.49374437772477
3016252.0,13.69968509816615
3016253.0,15.77113264390304
3016254.0,1.8960223314092874
3016255.0,54.947786866101524
3016256.0,5.288265929528593
3016257.0,284.6514124493525
3016258.0,192.6936742185531
3016259.0,5.062856697625702
3016260.0,7.946683145683254
3016261.0,274.60849312189225
3016262.0,36.62665223685463
3016263.0,1596.5062745650403
3016264.0,3.3726467177945465
3016265.0,21.418599898793147
3016266.0,3.383474814936565
3016267.0,0.1612601919778394
3016268.0,2.5300143508201254
3016269.0,3502.7635734760634
3016270.0,0.028674844727573357
3016271.0,343.03283780586594
3016272.0,5.303775157660416
3016273.0,1581.6872982797959
3016274.0,456.4974661683734
3016275.0,208.85513983792782
3016276.0,117.25938688222827
3016277.0,49.55970122827203
3016278.0,4162.8610932282145
3016279.0,9.517923355543449
3016280.0,1.4623275776654543
3016281.0,27.29940540016963
3016282.0,17.970013096030435
3016283.0,0.1815360598118938
3016284.0,331.897697497971
3016285.0,0.0739684358928219
3016286.0,1.9897663186459769
3016287.0,6.794812985762988
3016288.0,39.98375238887361
3016289.0,1.384433198536511
3016290.0,163.27727802597244
3016291.0,248.39642324536402
3016292.0,3.1705455491919396
3016293.0,9.567723366879928
3016294.0,140.4800734330101
3016295.0,46.999277736534964
3016296.0,861.7401661175895
3016297.0,4.389997372298695
3016298.0,2.8650680410335676
3016299.0,5.563934424126754
3016300.0,0.10511671266370097
3016301.0,4.930187947519237
3016302.0,1957.354535143647
3016303.0,0.11158224425403593
3016304.0,373.43277420821454
3016305.0,11.940142307136615
3016306.0,1052.1256476106375
3016307.0,484.3863984514894
3016308.0,164.2393740000029
3016309.0,93.80478357976551
3016310.0,115.07884019315559
3016311.0,3039.995380860557
3016312.0,27.97691604480423
3016313.0,1.0665752029985864
3016314.0,16.979067239974977
3016315.0,28.64255053030881
3016316.0,0.11083919574957901
3016317.0,184.01246852164573
3016318.0,11.929569880423145
3016319.0,13.403437213149218
3016320.0,5.676744701434053
3016321.0,85.51678584253665
3016322.0,9.303679190505889
3016323.0,159.42509033956924
3016324.0,253.3222894592934
3016325.0,9.808654305273697
3016326.0,6.669732159933318
3016327.0,146.38997485260563
3016328.0,48.51914522721694
3016329.0,1538.2610492617478
3016330.0,1.4130709798844572
3016331.0,4.621940233464908
3016332.0,3.0961988715756084
3016333.0,0.1641365183487981
3016334.0,4.855854017720917
3016335.0,1966.815788866361
3016336.0,0.10773109456665539
3016337.0,395.06963835771023
3016338.0,8.076711945166133
3016339.0,605.3669456315214
3016340.0,667.6504069804595
3016341.0,135.47409829832006
3016342.0,113.0782746339942
3016343.0,93.08110138724992
3016344.0,2537.6408456133204
3016345.0,22.496858408783556
3016346.0,0.7360064791075839
3016347.0,14.520596161441862
3016348.0,13.63350218115913
3016349.0,0.0990768447690342
3016350.0,155.31210174720292
3016351.0,11.697706676040557
3016352.0,29.72847174207771
3016353.0,4.8863873866199725
3016354.0,61.05425120249857
3016355.0,6.964743528992273
3016356.0,208.48351245606057
3016357.0,164.42948394402868
3016358.0,7.073555589269415
3016359.0,7.476294864558488
3016360.0,187.5508589279012
3016361.0,47.14283219828134
3016362.0,1796.0244155889181
3016363.0,7.450543041995738
3016364.0,13.541689798797165
3016365.0,4.370449359611067
3016366.0,0.1232334619705329
3016367.0,3.1743517755032755
3016368.0,3873.6293909474393
3016369.0,0.023085268910236288
3016370.0,431.35407837828825
3016371.0,10.391911513632962
3016372.0,965.5210099496392
3016373.0,470.95222123633766
3016374.0,220.78023742716644
3016375.0,138.91792078881878
3016376.0,50.45979910135681
3016377.0,3748.8946030352035
3016378.0,6.504818254191438
3016379.0,0.2401667563668774
3016380.0,14.029592464076707
3016381.0,17.402084468204876
3016382.0,0.09031641160257736
3016383.0,189.8519448428519
3016384.0,0.044920114986042974
3016385.0,5.798745364903427
3016386.0,1.1933627671410114
3016387.0,55.050022366443315
3016388.0,1.1809920865626633
3016389.0,239.10241933443496
3016390.0,232.08489488188138
3016391.0,2.2266747560239546
3016392.0,2.083385383301186
3016393.0,186.56962870171765
3016394.0,132.04125069218162
3016395.0,971.7970575186548
3016396.0,1.9638154523006883
3016397.0,0.4022794526790187
3016398.0,13.467885305079886
3016399.0,0.05107122282088166
3016400.0,12.830606469504998
3016401.0,6993.7718649280105
3016402.0,0.12512396722794886
3016403.0,1291.4649066166508
3016404.0,21.713248760325023
3016405.0,1866.0652594035625
3016406.0,1737.2298700452393
3016407.0,388.2023620256232
3016408.0,396.8571111603616
3016409.0,375.9312296266598
3016410.0,6831.264272075201
3016411.0,80.08213251964713
3016412.0,3.218594319119972
3016413.0,84.51391881106483
3016414.0,99.33643561169166
3016415.0,0.40960104061092467
3016416.0,523.4423673083315
3016417.0,30.850043481877226
3016418.0,20.307965727978402
3016419.0,34.45710658310297
3016420.0,303.20621787577716
3016421.0,20.0606543559402
3016422.0,656.1757817483874
3016423.0,408.5866477293398
3016424.0,32.09123176631873
3016425.0,30.698857372711817
3016426.0,812.168900320624
3016427.0,261.4258796236214
3016428.0,6138.264153656363
3016429.0,208.25496609606734
3016430.0,70.09629949109036
3016431.0,11.041560805161033
3016432.0,0.042576101557914074
3016433.0,10.62426511682784
3016434.0,6719.40482246885
3016435.0,0.11652288660169954
3016436.0,887.2486783350503
3016437.0,22.357520872036467
3016438.0,1971.5155862929373
3016439.0,1598.4421304394282
3016440.0,500.18616355356295
3016441.0,281.19041418515275
3016442.0,231.4603670092569
3016443.0,7624.884062584128
3016444.0,124.85288917493028
3016445.0,1.3076280065071189
3016446.0,61.25669718877826
3016447.0,65.29470943920376
3016448.0,0.7101823972389104
3016449.0,501.8127528775936
3016450.0,28.115780257492503
3016451.0,32.70265621174353
3016452.0,8.430759161892837
3016453.0,187.13220301987502
3016454.0,14.608846488063302
3016455.0,756.3794083044268
3016456.0,497.1372118331649
3016457.0,16.271195274143565
3016458.0,21.118751017435223
3016459.0,801.4091138687821
3016460.0,199.21793253398255
3016461.0,4305.900454045053
3016462.0,242.3498566359774
3016463.0,59.63997857397311
3016464.0,9.660910319177567
3016465.0,0.04087914401828002
3016466.0,13.752139950844523
3016467.0,4384.229491007651
3016468.0,0.18105699901030298
3016469.0,743.8023158596341
3016470.0,12.353910056744597
3016471.0,1720.7072230506992
3016472.0,1182.079311642805
3016473.0,623.7613714812951
3016474.0,101.96595401668105
3016475.0,195.63621205899653
3016476.0,6690.843994764876
3016477.0,40.31824392221664
3016478.0,1.9019080055486932
3016479.0,28.440610363136553
3016480.0,20.917478370051086
3016481.0,0.31137559741286625
3016482.0,459.11396272341585
3016483.0,26.161713344846465
3016484.0,16.672262145551954
3016485.0,8.515587341120337
3016486.0,100.93862527849868
3016487.0,7.158285144701864
3016488.0,773.2641128159112
3016489.0,492.74585863090044
3016490.0,17.61528371725833
3016491.0,36.47597573572247
3016492.0,552.9301034206871
3016493.0,120.23672434744799
3016494.0,1883.205424592214
3016495.0,130.54098681259254
3016496.0,38.53195246336101
3016497.0,13.773641678921472
3016498.0,0.04295363431959104
3016499.0,15.158559556146777
3016500.0,5984.717998117036
3016501.0,0.11775723001474506
3016502.0,836.7078037562487
3016503.0,20.502818176900032
3016504.0,1830.2315476357603
3016505.0,1637.4651709947389
3016506.0,465.7130734709446
3016507.0,251.79985384301312
3016508.0,190.9252425892272
3016509.0,7456.058263939889
3016510.0,48.79582153439152
3016511.0,1.4090618313281114
3016512.0,47.93646681433755
3016513.0,72.51806956655977
3016514.0,0.8315692067039522
3016515.0,538.2414322013452
3016516.0,30.52774140598286
3016517.0,26.273602276519938
3016518.0,30.599732193698156
3016519.0,161.13199358317252
3016520.0,10.570072135793522
3016521.0,676.178864740185
3016522.0,534.5888654879243
3016523.0,19.430604279798956
3016524.0,25.901239658098675
3016525.0,847.1182490000721
3016526.0,174.06679250099916
3016527.0,4089.556658199638
3016528.0,319.30393231077903
3016529.0,58.18057495322792
3016530.0,10.42685320065069
3016531.0,0.0346529038540368
3016532.0,16.444649840195208
3016533.0,3617.021814467954
3016534.0,0.1080131027491999
3016535.0,631.397612370711
3016536.0,12.501922495186978
3016537.0,1605.4897120757141
3016538.0,908.8063720659471
3016539.0,439.65291154290946
3016540.0,88.97656995846415
3016541.0,153.37354255781315
3016542.0,5740.751978017257
3016543.0,38.04650449576043
3016544.0,0.5244231027572669
3016545.0,22.402346739922407
3016546.0,36.686237269609286
3016547.0,0.2386398400016746
3016548.0,442.9965083528414
3016549.0,22.470355086886844
3016550.0,9.273240341522127
3016551.0,5.961019268097045
3016552.0,103.18409625043122
3016553.0,4.349008277701271
3016554.0,612.1854752926831
3016555.0,536.4483681491897
3016556.0,13.765812942177059
3016557.0,18.443554664808232
3016558.0,561.5997185039834
3016559.0,70.0307414416568
3016560.0,1392.234787060097
3016561.0,206.14327916337453
3016562.0,19.09358791334614
3016563.0,13.4769681994103
3016564.0,0.04794745700955754
3016565.0,10.424169327425712
3016566.0,4990.918794754315
3016567.0,0.12862025986318437
3016568.0,872.483621259328
3016569.0,21.647248994396044
3016570.0,1443.0456403851404
3016571.0,1614.2195376038974
3016572.0,354.5553665192445
3016573.0,343.02511585721845
3016574.0,266.6455918985164
3016575.0,5784.373853591613
3016576.0,62.18354821475087
3016577.0,1.2953817728438186
3016578.0,68.99485544139162
3016579.0,48.831133928172505
3016580.0,0.397990669366946
3016581.0,392.80658479239094
3016582.0,17.0733183209665
3016583.0,19.824596335579876
3016584.0,11.386851698382781
3016585.0,213.32774319507064
3016586.0,12.462291949380065
3016587.0,554.874362151356
3016588.0,394.2341226221357
3016589.0,15.55535175450104
3016590.0,24.331525063628376
3016591.0,713.5507399510382
3016592.0,161.1013203171484
3016593.0,4927.833770423427
3016594.0,151.8553885937605
3016595.0,70.08218438623499
3016596.0,4.876031890802254
3016597.0,0.3608460349015377
3016598.0,5.74646838531573
3016599.0,1524.5990155828872
3016600.0,0.1183316182036061
3016601.0,277.7201803771548
3016602.0,17.5109604373089
3016603.0,730.2870719186085
3016604.0,421.1026415448087
3016605.0,182.34607876171683
3016606.0,61.33879469433552
3016607.0,73.90561459895241
3016608.0,2293.4594455687484
3016609.0,35.23187062096105
3016610.0,0.8824730903868447
3016611.0,27.414069810320164
3016612.0,18.40720913128984
3016613.0,0.22749429557679807
3016614.0,181.49023721782063
3016615.0,10.110456812038787
3016616.0,7.703591899978838
3016617.0,9.596602332191349
3016618.0,51.23619774953508
3016619.0,4.838664462261635
3016620.0,204.8691104416941
3016621.0,191.55048185492518
3016622.0,2.886589498360383
3016623.0,6.593100274176125
3016624.0,165.27929496239827
3016625.0,52.79465349933898
3016626.0,1219.3598709098683
3016627.0,1.5909221079335316
3016628.0,9.336890086002976
3016629.0,8.471166084109662
3016630.0,0.04659152558236074
3016631.0,10.955053925014596
3016632.0,3499.352041780089
3016633.0,0.12199867045992976
3016634.0,453.7052377200723
3016635.0,25.947343451764013
3016636.0,1408.2418193426747
3016637.0,868.1193769482289
3016638.0,376.2881970604725
3016639.0,82.11865461983297
3016640.0,165.66656819725046
3016641.0,5338.019597731263
3016642.0,91.08748835692313
3016643.0,0.9600413031272593
3016644.0,47.753656592639274
3016645.0,27.928695391381535
3016646.0,0.18513647864882002
3016647.0,375.88391451393943
3016648.0,15.029097447630557
3016649.0,6.572797214414047
3016650.0,3.1846391648487704
3016651.0,121.15546730419275
3016652.0,7.013247727081273
3016653.0,409.6342738623541
3016654.0,401.48366925469514
3016655.0,10.545735605102921
3016656.0,15.898619055396455
3016657.0,306.086973685218
3016658.0,75.16144796359444
3016659.0,1679.5818429210508
3016660.0,234.62667094477047
3016661.0,17.495053480217784
3016662.0,6.238063587304497
3016663.0,0.04454736127108699
3016664.0,5.0150533838033295
3016665.0,3334.5702021319803
3016666.0,0.119889137146486
3016667.0,653.5928096292403
3016668.0,7.220097965318466
3016669.0,1069.0617550551467
3016670.0,1215.700139153836
3016671.0,201.66195173864872
3016672.0,256.23068782460484
3016673.0,178.62340436796853
3016674.0,3841.313385283209
3016675.0,36.58320444255173
3016676.0,1.2484147812084694
3016677.0,22.849455957532697
3016678.0,31.695104629795278
3016679.0,0.4526935342011132
3016680.0,257.78408673461234
3016681.0,2.4489895188505804
3016682.0,41.11819657930366
3016683.0,4.962369316936825
3016684.0,105.12891066406712
3016685.0,8.34322643542023
3016686.0,441.9169862614963
3016687.0,201.55140087405783
3016688.0,17.29674143316957
3016689.0,10.790281030732064
3016690.0,499.7630628506972
3016691.0,101.82621406729527
3016692.0,3894.6394485925357
3016693.0,3.207562046104941
3016694.0,40.13401612093051
3016695.0,10.410289782677994
3016696.0,0.024187079420257458
3016697.0,5.947792451076321
3016698.0,3510.8553885815318
3016699.0,0.024187079420257458
3016700.0,594.0495862699204
3016701.0,9.002908767109682
3016702.0,1301.0607370866896
3016703.0,861.7072500812326
3016704.0,276.1979756582091
3016705.0,160.7328751986355
3016706.0,266.8651287928215
3016707.0,4500.502338137452
3016708.0,44.31434204020452
3016709.0,2.1899431525708355
3016710.0,41.321433933736216
3016711.0,40.27007381628825
3016712.0,0.21098945718522916
3016713.0,279.11842188526737
3016714.0,6.227224367310281
3016715.0,54.995486212751956
3016716.0,5.268394883913594
3016717.0,211.22247791336457
3016718.0,7.277383025151872
3016719.0,375.5175195928582
3016720.0,262.85753350869925
3016721.0,12.828315749653738
3016722.0,22.491525415871166
3016723.0,370.6210371008716
3016724.0,93.93145556289737
3016725.0,3529.8996578840884
3016726.0,2.4663240404189803
3016727.0,6.529440448976581
3016728.0,6.406891100289609
3016729.0,0.11219342478191359
3016730.0,3.8363837058017443
3016731.0,1662.780262375256
3016732.0,0.11683691605467007
3016733.0,382.04516280268666
3016734.0,6.649690004697117
3016735.0,714.6793569543127
3016736.0,370.06260175214834
3016737.0,172.03271573374428
3016738.0,66.74252379318838
3016739.0,81.88415547801267
3016740.0,2422.3883832227275
3016741.0,13.848779730734073
3016742.0,1.0959751214287923
3016743.0,23.1557270885208
3016744.0,20.1128465549219
3016745.0,0.13543579466042305
3016746.0,153.4407817588086
3016747.0,3.214712520619512
3016748.0,8.822438072944635
3016749.0,5.5298476279379045
3016750.0,53.88637667540836
3016751.0,2.6645453238884347
3016752.0,198.44465870852838
3016753.0,187.64270809701782
3016754.0,4.195895826449073
3016755.0,5.073675254747124
3016756.0,133.65460031080454
3016757.0,46.83182049142759
3016758.0,1404.1165119806283
3016759.0,1.4932215415949608
3016760.0,2.508526096500864
3016761.0,4.414539160338528
3016762.0,0.023085268910236288
3016763.0,1.107159771257067
3016764.0,2198.023133554404
3016765.0,0.023085268910236288
3016766.0,168.1685505554774
3016767.0,2.9537916881163557
3016768.0,794.9081343599871
3016769.0,178.0510262490119
3016770.0,172.77544870617078
3016771.0,50.09174322694481
3016772.0,29.692129367200497
3016773.0,2441.4149321879017
3016774.0,5.830215826401067
3016775.0,0.5135689258745434
3016776.0,14.45586166917991
3016777.0,9.17515830065826
3016778.0,0.08245529470153729
3016779.0,163.02755342522107
3016780.0,0.04225927819941349
3016781.0,2.9496102428651283
3016782.0,2.8014235197675132
3016783.0,14.8450779571479
3016784.0,0.6900503631159786
3016785.0,53.089926279956714
3016786.0,130.98773865517114
3016787.0,0.16285246045566168
3016788.0,1.858393254821515
3016789.0,57.364614964619406
3016790.0,71.42522022677936
3016791.0,462.74367013669485
3016792.0,2.7560622262545005
3016793.0,1.7060928911970763
3016794.0,5.226856923975454
3016795.0,0.13644435401539856
3016796.0,5.6430783091254275
3016797.0,2712.3326694201137
3016798.0,0.1766857761221361
3016799.0,434.55753985998217
3016800.0,12.108408675541796
3016801.0,943.4178697662546
3016802.0,702.3702587831451
3016803.0,238.8304603342791
3016804.0,125.18147662808282
3016805.0,106.2163983335698
3016806.0,3753.247686008868
3016807.0,30.00783278862511
3016808.0,0.9679730032826843
3016809.0,23.71864646492815
3016810.0,50.510660408982275
3016811.0,0.11145844150469471
3016812.0,257.94406682299746
3016813.0,18.7186875174633
3016814.0,13.820527240033371
3016815.0,11.697221028335832
3016816.0,60.539482258403034
3016817.0,5.318163391705084
3016818.0,359.41844751740837
3016819.0,263.46369789600055
3016820.0,7.58300939092143
3016821.0,11.834755113377899
3016822.0,376.10109805952106
3016823.0,79.99772648960527
3016824.0,1824.6322404500715
3016825.0,4.613656335368528
3016826.0,29.050490323376366
3016827.0,4.542079785473123
3016828.0,0.12551978304745073
3016829.0,4.644822267503057
3016830.0,3184.401575551468
3016831.0,0.22945594695699856
3016832.0,525.9805310327506
3016833.0,14.376977071510904
3016834.0,852.2560433925731
3016835.0,1006.8754056985305
3016836.0,140.78273806453555
3016837.0,214.3318652351361
3016838.0,171.18141214716536
3016839.0,3331.970052263211
3016840.0,32.07672179730257
3016841.0,2.1784897163429555
3016842.0,26.10225489132558
3016843.0,21.060152255812127
3016844.0,0.5086216749692172
3016845.0,216.40562117167622
3016846.0,10.469350160074999
3016847.0,36.47919709388353
3016848.0,7.5710661543954965
3016849.0,131.7813850422146
3016850.0,8.48746934726734
3016851.0,368.8740180402022
3016852.0,205.06619530486887
3016853.0,6.383590091696629
3016854.0,11.132573677503405
3016855.0,488.06138108585276
3016856.0,111.06249042132654
3016857.0,3860.5887753915304
3016858.0,2.282797100727631
3016859.0,34.38868819524711
3016860.0,4.063678312048408
3016861.0,0.37033729878007055
3016862.0,8.371818817524314
3016863.0,3535.3008667524127
3016864.0,0.12512396722794886
3016865.0,661.3475201353726
3016866.0,18.628597419134877
3016867.0,922.304970831156
3016868.0,1017.8557104345598
3016869.0,209.95887843507742
3016870.0,217.9361634615043
3016871.0,121.97081708255439
3016872.0,3744.7377950842447
3016873.0,33.40797190712003
3016874.0,2.640733046792893
3016875.0,31.734921027409655
3016876.0,40.024403122073394
3016877.0,0.14056610249417095
3016878.0,263.905347981711
3016879.0,24.058464803425597
3016880.0,23.659320648400215
3016881.0,20.62629788320544
3016882.0,129.8982654966882
3016883.0,17.084565513590334
3016884.0,346.8660798697876
3016885.0,235.45016447814638
3016886.0,13.745785247362459
3016887.0,15.104122376075237
3016888.0,398.5854304628424
3016889.0,123.46780189332956
3016890.0,3133.0808713368338
3016891.0,1.685227393039526
3016892.0,31.727531946613915
3016893.0,10.812920184053198
3016894.0,0.252142773665488
3016895.0,6.250714512181833
3016896.0,2802.6161781766623
3016897.0,0.03798746751784038
3016898.0,401.4377699836215
3016899.0,9.968005172063517
3016900.0,1378.4172010801688
3016901.0,615.3991811059733
3016902.0,423.1595952555402
3016903.0,147.30523483451825
3016904.0,80.21192737429361
3016905.0,5032.370381361281
3016906.0,9.74843988195667
3016907.0,1.0200394408554683
3016908.0,38.603936442483274
3016909.0,36.933119002443235
3016910.0,0.1146323177635947
3016911.0,345.10491107791336
3016912.0,9.615145531884892
3016913.0,3.8839140525059683
3016914.0,4.971794716407657
3016915.0,39.05950641954796
3016916.0,2.0887581483560047
3016917.0,459.8081366854801
3016918.0,387.8380611659248
3016919.0,6.283951462899437
3016920.0,6.484339941370065
3016921.0,343.2582173359084
3016922.0,84.46522198584097
3016923.0,1203.2650307852387
3016924.0,76.49487279399274
3016925.0,13.512941600304849
3016926.0,4.743249937373754
3016927.0,0.042807627141065605
3016928.0,3.049022754035888
3016929.0,2420.231863039383
3016930.0,0.12221314928438723
3016931.0,332.5462689993996
3016932.0,16.18493865784714
3016933.0,663.3026101704876
3016934.0,673.4722040251588
3016935.0,158.32670632881315
3016936.0,151.76871519086333
3016937.0,129.07378300130125
3016938.0,2614.463217500471
3016939.0,20.326172703650812
3016940.0,1.424083071132479
3016941.0,20.88453543527217
3016942.0,23.080726507978213
3016943.0,0.23739403442469714
3016944.0,168.6609740819634
3016945.0,11.982414753804958
3016946.0,20.15812372987023
3016947.0,4.646144863944577
3016948.0,121.57313843598664
3016949.0,5.334765073757484
3016950.0,457.5368625461461
3016951.0,138.51295948701278
3016952.0,4.336694938986987
3016953.0,6.517368200688017
3016954.0,420.94416130684357
3016955.0,68.56647617839816
3016956.0,2265.83215946586
3016957.0,2.913595957647352
3016958.0,32.31278405329349
3016959.0,1.3103148204720936
3016960.0,0.0382988064334388
3016961.0,1.3855583855899716
3016962.0,1341.6292121235786
3016963.0,0.023085268910236288
3016964.0,79.23113632158048
3016965.0,3.1642761555751044
3016966.0,832.9625439702395
3016967.0,245.80665824964728
3016968.0,311.6072978082908
3016969.0,40.46182771996023
3016970.0,31.605566968663204
3016971.0,2078.4583215065422
3016972.0,3.934218428282246
3016973.0,0.32390674776520156
3016974.0,8.823155637369652
3016975.0,6.126932172460386
3016976.0,0.08709726532109657
3016977.0,124.8830751193471
3016978.0,2.1191330450409716
3016979.0,2.8124539473614356
3016980.0,1.2490095631282037
3016981.0,17.25554794878755
3016982.0,0.39159588528203954
3016983.0,126.29783384308845
3016984.0,134.8376744427402
3016985.0,0.5482500534353085
3016986.0,3.197698539755742
3016987.0,143.9324791268939
3016988.0,23.017841939939405
3016989.0,236.56381213568977
3016990.0,15.989311721579472
3016991.0,0.6852774047162216
3016992.0,6.3885646339232025
3016993.0,0.17099588127978038
3016994.0,4.549843193445634
3016995.0,4919.827344794368
3016996.0,0.040116075283397876
3016997.0,656.1206109086659
3016998.0,12.075314865254182
3016999.0,1742.9739334309656
3017000.0,571.7814748342187
3017001.0,595.7165717205614
3017002.0,237.37213799695496
3017003.0,91.88472736049295
3017004.0,6428.167742238073
3017005.0,24.186441439111046
3017006.0,0.7085626579327103
3017007.0,20.676535355510964
3017008.0,19.313662995790835
3017009.0,0.17926458643973764
3017010.0,426.06568608948044
3017011.0,8.446124422427499
3017012.0,2.2907401254425763
3017013.0,8.070943835267393
3017014.0,54.28455601538231
3017015.0,2.1112941433001344
3017016.0,548.4322448060803
3017017.0,350.6994597452715
3017018.0,2.141498479442534
3017019.0,12.921425703794068
3017020.0,551.5263718876391
3017021.0,91.6174106818186
3017022.0,1524.610158047693
3017023.0,31.305598896025064
3017024.0,7.350750856008021
3017025.0,4.4906580607617474
3017026.0,0.11052807313958533
3017027.0,0.9544724797414605
3017028.0,1495.503364375212
3017029.0,0.03276558423276963
3017030.0,158.47258185988008
3017031.0,9.043173133197431
3017032.0,876.1639854670336
3017033.0,286.91635499803965
3017034.0,240.45469060688123
3017035.0,51.556987481749765
3017036.0,37.02192207787989
3017037.0,2508.350837579762
3017038.0,8.553424554675932
3017039.0,0.5927393588706755
3017040.0,15.626610688931285
3017041.0,17.009276287663717
3017042.0,0.16160542456529486
3017043.0,141.51368169438595
3017044.0,4.831371927679127
3017045.0,4.443899620624894
3017046.0,7.652906030555219
3017047.0,47.29551655723287
3017048.0,1.2016093339317524
3017049.0,101.81104171554159
3017050.0,132.5586017462828
3017051.0,1.1228649324727864
3017052.0,4.467445841603359
3017053.0,171.49400802491897
3017054.0,27.676333694897316
3017055.0,264.9524062543959
3017056.0,8.935586177155283
3017057.0,2.5882957385464898
3017058.0,4.583727947978463
3017059.0,0.023085268910236288
3017060.0,4.011007009666162
3017061.0,1634.8494525853262
3017062.0,0.023085268910236288
3017063.0,103.41464926309632
3017064.0,4.787602610521608
3017065.0,746.4720492006884
3017066.0,232.84291866571633
3017067.0,171.8953448791973
3017068.0,40.95911139680271
3017069.0,30.035292558824285
3017070.0,2670.4147624983816
3017071.0,16.46193505565688
3017072.0,0.2662226550645923
3017073.0,10.686061927573839
3017074.0,8.866551147136043
3017075.0,0.09163473223455826
3017076.0,131.86985793340978
3017077.0,1.2258144909315087
3017078.0,3.0058519935822914
3017079.0,1.8306185455551613
3017080.0,50.541849846819936
3017081.0,0.9359348804563419
3017082.0,127.34621725310741
3017083.0,154.61183688998238
3017084.0,0.37221966730555883
3017085.0,4.651823356327788
3017086.0,105.45999700124878
3017087.0,22.320956907351757
3017088.0,183.05866370881057
3017089.0,15.244052046583144
3017090.0,2.006514379319196
3017091.0,3.2421374804289016
3017092.0,0.02288514698285841
3017093.0,2.917696908954485
3017094.0,1423.6942524669898
3017095.0,0.02288514698285841
3017096.0,130.54816714693135
3017097.0,6.53720740831538
3017098.0,884.3988967467517
3017099.0,296.8331720423271
3017100.0,306.04560128119795
3017101.0,32.54319204310427
3017102.0,46.854855933186116
3017103.0,2594.355402491244
3017104.0,2.7383793922438002
3017105.0,0.3247669555823899
3017106.0,9.028979474234033
3017107.0,19.88751843388803
3017108.0,0.13351114098410047
3017109.0,168.40417753871952
3017110.0,0.8987326347199907
3017111.0,4.072919563257576
3017112.0,2.4683770971739527
3017113.0,21.338850485568862
3017114.0,1.1588410196057186
3017115.0,126.00274351462564
3017116.0,234.98516534395765
3017117.0,0.7489362632741045
3017118.0,4.1551567793456154
3017119.0,78.38279327431276
3017120.0,58.78252217058359
3017121.0,320.1759533114178
3017122.0,11.977407032452852
3017123.0,3.429455809212581
3017124.0,3.3314640968999347
3017125.0,0.7334260556563016
3017126.0,2.413450486703554
3017127.0,1663.9776413028721
3017128.0,0.026826525884173183
3017129.0,157.55768166832485
3017130.0,2.0199950056974583
3017131.0,868.7106050918385
3017132.0,289.2600304847515
3017133.0,301.2110078457714
3017134.0,87.16791323310227
3017135.0,65.65919510551188
3017136.0,2475.528269357246
3017137.0,6.648014411458256
3017138.0,0.9385154192164106
3017139.0,13.457692556903638
3017140.0,17.62469893498827
3017141.0,0.1846575474843879
3017142.0,211.14568065366115
3017143.0,6.4101928966224335
3017144.0,3.2904859289485406
3017145.0,2.794154738634848
3017146.0,34.568600763742054
3017147.0,1.4236101404722599
3017148.0,115.32471087346323
3017149.0,159.29432553171011
3017150.0,0.5783817733902404
3017151.0,4.389396516082509
3017152.0,117.40068798393195
3017153.0,47.24859955803235
3017154.0,563.2632891323494
3017155.0,9.390405248804878
3017156.0,3.749892962435396
3017157.0,3.750974296152349
3017158.0,0.17432942623696598
3017159.0,1.0456737530457867
3017160.0,1413.3956800434232
3017161.0,0.023085268910236288
3017162.0,112.19115157301664
3017163.0,4.941411263795129
3017164.0,626.0368984292577
3017165.0,198.36222006518125
3017166.0,166.11234852605924
3017167.0,86.73124855217898
3017168.0,33.400244081977675
3017169.0,1682.746652907062
3017170.0,3.9389903919824865
3017171.0,0.3574494885131949
3017172.0,8.708898915482044
3017173.0,10.806259187723374
3017174.0,0.18613742694160473
3017175.0,135.68957744228817
3017176.0,0.04898982537422485
3017177.0,3.0218669887259666
3017178.0,1.772742492672115
3017179.0,33.31661101704337
3017180.0,0.9084838237935196
3017181.0,42.601940325384525
3017182.0,104.97202146008587
3017183.0,0.7844778066561762
3017184.0,2.662027466736699
3017185.0,60.04274472417093
3017186.0,29.04426212324984
3017187.0,441.0002531218763
3017188.0,3.0105602008003354
3017189.0,0.6543578784108097
3017190.0,7.475372243192121
3017191.0,0.35348675017709186
3017192.0,3.5050491771859154
3017193.0,2743.4938146597715
3017194.0,0.02626931148344112
3017195.0,254.8960107797141
3017196.0,5.131275614333827
3017197.0,898.0772699634696
3017198.0,509.01633408796476
3017199.0,560.6260641001921
3017200.0,173.22285424364844
3017201.0,79.75286718545092
3017202.0,3561.033253632906
3017203.0,14.733865069939956
3017204.0,0.8416122806783014
3017205.0,17.173468126889333
3017206.0,20.955428374033616
3017207.0,0.1369007645095897
3017208.0,229.56183114534844
3017209.0,0.3520539310469054
3017210.0,3.1809423184426002
3017211.0,5.056083591195602
3017212.0,53.5393874271758
3017213.0,2.7331479544483974
3017214.0,198.79646849271631
3017215.0,205.1049306042909
3017216.0,1.8740114255009206
3017217.0,6.20250685096666
3017218.0,320.313093303236
3017219.0,53.265093918962606
3017220.0,1026.5907224000541
3017221.0,22.21433524881366
3017222.0,12.46998419563402
3017223.0,3.432292671557396
3017224.0,0.1161880136218908
3017225.0,3.7610398506213407
3017226.0,1550.1365838935292
3017227.0,0.022828176838620217
3017228.0,370.9625563405125
3017229.0,6.4136938758365805
3017230.0,411.3328843029798
3017231.0,365.0699690051411
3017232.0,205.87608451293883
3017233.0,106.97598996948176
3017234.0,27.08982987862005
3017235.0,2024.7326104746953
3017236.0,8.069519660815999
3017237.0,0.7039497909678243
3017238.0,19.081014797547716
3017239.0,10.708608892168174
3017240.0,0.1233634315066629
3017241.0,141.7532875013182
3017242.0,7.49342096263946
3017243.0,4.42813458047344
3017244.0,4.453808354676886
3017245.0,56.096321599548546
3017246.0,1.3825843804326523
3017247.0,34.87736396868014
3017248.0,139.60881558771104
3017249.0,3.227852634864908
3017250.0,4.803206380878817
3017251.0,201.15387797783535
3017252.0,53.8943986367235
3017253.0,1065.7637225798098
3017254.0,24.879668338702427
3017255.0,9.544896430873063
3017256.0,4.934269031481067
3017257.0,0.47872429428063223
3017258.0,3.722534821115436
3017259.0,2539.9668261462366
3017260.0,0.03075583499102788
3017261.0,136.69672757751357
3017262.0,4.677124523713749
3017263.0,822.1347642381062
3017264.0,290.4427068231745
3017265.0,255.15538026133163
3017266.0,42.39117044864282
3017267.0,37.37656023260252
3017268.0,3191.7521008544763
3017269.0,23.765722449742846
3017270.0,0.9605750919214935
3017271.0,13.330802165259325
3017272.0,12.53020918808513
3017273.0,0.14686810034606546
3017274.0,165.38763223692735
3017275.0,4.971858163162538
3017276.0,3.2410663466889895
3017277.0,2.9505575572586626
3017278.0,42.961132246345805
3017279.0,1.8736734967431457
3017280.0,121.25937158722175
3017281.0,171.3848333397052
3017282.0,1.0132809454911387
3017283.0,3.6795203932840157
3017284.0,124.33403189120851
3017285.0,21.791426040073517
3017286.0,381.31924804816737
3017287.0,14.682474157851557
3017288.0,3.0784520946096747
3017289.0,5.337892444137658
3017290.0,0.12992957826517032
3017291.0,6.420432812807894
3017292.0,2913.0673020630784
3017293.0,0.20792786188036394
3017294.0,583.5201147288611
3017295.0,11.795200232670439
3017296.0,873.0268453780345
3017297.0,798.0781940191282
3017298.0,251.95591207037336
3017299.0,179.8690862340901
3017300.0,119.48855573680507
3017301.0,3771.954103082552
3017302.0,29.047109563826538
3017303.0,1.0843497708556977
3017304.0,19.520817193993302
3017305.0,24.60256471679563
3017306.0,0.16160580380790912
3017307.0,248.24959364631343
3017308.0,19.382426626197613
3017309.0,12.679434549286988
3017310.0,5.146147016777095
3017311.0,112.18843321024899
3017312.0,7.411527640499001
3017313.0,960.9078279401359
3017314.0,226.89832510271629
3017315.0,7.3816575902750685
3017316.0,8.47722428282262
3017317.0,609.5858274854586
3017318.0,92.61682360926122
3017319.0,1999.751957039303
3017320.0,4.124930511417565
3017321.0,39.411214042410535
3017322.0,5.195304418578688
3017323.0,0.10317170119467214
3017324.0,5.326378154673134
3017325.0,3160.8323378258
3017326.0,0.03156457198761829
3017327.0,408.13265265047755
3017328.0,6.978735337643076
3017329.0,1489.1765331216297
3017330.0,502.8532377463197
3017331.0,931.6901827074967
3017332.0,83.90717481438256
3017333.0,80.44671215169805
3017334.0,4702.976002628031
3017335.0,13.375801325210425
3017336.0,0.9286643126472193
3017337.0,19.817250670797414
3017338.0,12.722381147843798
3017339.0,0.10583181111507987
3017340.0,272.9648385103337
3017341.0,2.1842138512706644
3017342.0,4.189477102165041
3017343.0,2.7490071943607743
3017344.0,63.36249009359254
3017345.0,0.8568502579226644
3017346.0,247.79228820466287
3017347.0,291.3862084347827
3017348.0,3.6915793516375457
3017349.0,4.020795698819747
3017350.0,447.8168310156277
3017351.0,62.8973526249119
3017352.0,774.5304953840769
3017353.0,38.15408002899849
3017354.0,9.919482314474408
3017355.0,10.344830502848
3017356.0,0.23453307797428022
3017357.0,4.455980045602235
3017358.0,2598.514921107615
3017359.0,0.03314910520946685
3017360.0,347.1524589345696
3017361.0,4.6213688031156686
3017362.0,1423.0341191975713
3017363.0,444.3716584313066
3017364.0,282.97575572677806
3017365.0,149.01809102349344
3017366.0,82.49434068994992
3017367.0,3428.557300685041
3017368.0,12.845492265699217
3017369.0,0.5119574840448259
3017370.0,28.207460728123774
3017371.0,25.135956412846255
3017372.0,0.2034753513809172
3017373.0,235.07859686462592
3017374.0,3.106810269803938
3017375.0,2.66934873257772
3017376.0,9.548524296693692
3017377.0,100.88448801420293
3017378.0,1.1992234284264616
3017379.0,96.6149521386391
3017380.0,211.34145879767064
3017381.0,2.2205183095290595
3017382.0,3.906864885303767
3017383.0,160.25007381853203
3017384.0,155.58961414004875
3017385.0,965.3630523285085
3017386.0,2.483861641369482
3017387.0,5.129169773465172
3017388.0,4.062769008413962
3017389.0,0.1685049027415678
3017390.0,1.414240154961512
3017391.0,1586.7785114256421
3017392.0,0.025894176083411127
3017393.0,174.45145034466282
3017394.0,6.0972532655768354
3017395.0,636.3630921829435
3017396.0,294.6234829291569
3017397.0,142.77163044581474
3017398.0,57.691877175060384
3017399.0,50.641970478200285
3017400.0,2436.932289963568
3017401.0,7.463752153743236
3017402.0,0.660343326276843
3017403.0,19.805163724340765
3017404.0,14.142019960050314
3017405.0,0.09454762238853909
3017406.0,157.83815224995135
3017407.0,0.2384218008412352
3017408.0,3.3627192779146338
3017409.0,2.57647458113468
3017410.0,100.43574102630578
3017411.0,1.8170314834925794
3017412.0,114.7570293876085
3017413.0,145.4500598814261
3017414.0,0.9875813632708239
3017415.0,4.8185068699949944
3017416.0,196.53081109146186
3017417.0,29.229673179085353
3017418.0,660.0564727338106
3017419.0,25.168063499386907
3017420.0,1.2801204114326652
3017421.0,1.5510845015026276
3017422.0,0.026644686144262342
3017423.0,2.4985464227406426
3017424.0,1378.2392819028753
3017425.0,0.18614824506074346
3017426.0,250.75062248649357
3017427.0,9.685827179494455
3017428.0,556.680360390902
3017429.0,478.74536195875055
3017430.0,132.6777327144535
3017431.0,53.81308192400013
3017432.0,73.80766547339687
3017433.0,1977.196414207607
3017434.0,23.76467347320973
3017435.0,0.4090591388130468
3017436.0,10.765558751521006
3017437.0,15.987290724836221
3017438.0,0.20154245019594974
3017439.0,112.0932988417571
3017440.0,9.520643692422482
3017441.0,1.7400417427953614
3017442.0,3.5250807565508127
3017443.0,53.63272473055273
3017444.0,3.9509126809454935
3017445.0,543.9395220867399
3017446.0,133.53324729363084
3017447.0,3.3856542591174144
3017448.0,5.102854023379587
3017449.0,375.0512012925552
3017450.0,34.497950306781725
3017451.0,1132.3862648591903
3017452.0,2.8742279798854686
3017453.0,8.726086680536927
3017454.0,2.8301246440647705
3017455.0,0.13749081348320918
3017456.0,6.107211132701279
3017457.0,3700.5285513365325
3017458.0,0.12068545877085515
3017459.0,738.541587083139
3017460.0,19.201100154102964
3017461.0,1149.1585183503753
3017462.0,1218.0119529171416
3017463.0,296.8764359344796
3017464.0,262.0799755363686
3017465.0,193.48968352715406
3017466.0,4218.358212640887
3017467.0,28.55714889717357
3017468.0,0.7227531969175188
3017469.0,19.42424559745141
3017470.0,31.313453568672216
3017471.0,0.13131633027949194
3017472.0,255.68729277946866
3017473.0,11.598080562841181
3017474.0,39.40981925997583
3017475.0,8.236398194258479
3017476.0,118.78562696167725
3017477.0,12.464787733339747
3017478.0,631.0869889619219
3017479.0,246.0005681609672
3017480.0,13.707915833008638
3017481.0,7.198414502450192
3017482.0,764.2935757270486
3017483.0,127.54209127893347
3017484.0,3437.431546231247
3017485.0,10.048186869688099
3017486.0,38.36559619387142
3017487.0,2.7265566190494512
3017488.0,0.1154375938608115
3017489.0,3.682439763957927
3017490.0,2079.2713271379253
3017491.0,0.10123271540926891
3017492.0,367.76041617329815
3017493.0,5.659228751616027
3017494.0,434.61839949063847
3017495.0,510.09617071855524
3017496.0,162.26477910731822
3017497.0,124.68637715384153
3017498.0,40.5990684374718
3017499.0,1897.4783329888492
3017500.0,9.793392680874645
3017501.0,0.636852323579407
3017502.0,13.678657819595086
3017503.0,16.33378172323159
3017504.0,0.09735206337486516
3017505.0,102.10947025100728
3017506.0,0.08719939544342366
3017507.0,16.245364753355872
3017508.0,2.9228214075325964
3017509.0,192.995466154317
3017510.0,5.082482699239879
3017511.0,338.2962126419901
3017512.0,89.28945901066032
3017513.0,4.178725842244347
3017514.0,5.940117366583923
3017515.0,259.58349845717737
3017516.0,20.836461737908465
3017517.0,308.67221640267394
3017518.0,1.9773594311893463
3017519.0,4.603203904684568
3017520.0,3.3725433550065924
3017521.0,0.023085268910236288
3017522.0,0.6859128306548198
3017523.0,770.6517130474685
3017524.0,0.10623141293217969
3017525.0,194.36965558216815
3017526.0,4.292703615748794
3017527.0,351.6050701957326
3017528.0,202.77519263725526
3017529.0,98.49402027064359
3017530.0,33.34845976276242
3017531.0,28.009882205893884
3017532.0,1413.346097889685
3017533.0,8.070170758136605
3017534.0,0.4753832665476162
3017535.0,10.183715549677945
3017536.0,9.46842100233371
3017537.0,0.21387823405821157
3017538.0,62.42627602969537
3017539.0,0.22917551300412084
3017540.0,6.544172450406888
3017541.0,1.0846844188176998
3017542.0,24.844077357203233
3017543.0,0.2594591011945919
3017544.0,362.38582008182055
3017545.0,109.0603413732405
3017546.0,1.8618010275538626
3017547.0,1.2602998249520685
3017548.0,192.23506073802605
3017549.0,18.03473337342738
3017550.0,446.6314058395449
3017551.0,1.5079081976822184
3017552.0,1.6791943477445417
3017553.0,4.836267774228139
3017554.0,0.25366228591166895
3017555.0,3.4259948708105035
3017556.0,2417.323087659567
3017557.0,0.13244555131835764
3017558.0,473.3659612691084
3017559.0,13.811455418482005
3017560.0,696.2184343452877
3017561.0,741.2471505210497
3017562.0,282.79351222988095
3017563.0,216.83881169585712
3017564.0,131.57038576519273
3017565.0,3039.3850092900584
3017566.0,22.122042391879127
3017567.0,1.4554979250141298
3017568.0,22.395593107699582
3017569.0,19.262192529958035
3017570.0,0.19385119875462592
3017571.0,185.77247926668957
3017572.0,4.672419722145337
3017573.0,32.79769107305307
3017574.0,6.439705133606923
3017575.0,172.63470119943656
3017576.0,2.434032100575945
3017577.0,389.6693145459317
3017578.0,178.8376385642241
3017579.0,7.70923750676994
3017580.0,8.673911681993175
3017581.0,423.0494197823226
3017582.0,61.325550062166926
3017583.0,2007.5361098327312
3017584.0,1.7977292685905648
3017585.0,18.095745439300938
3017586.0,5.5160110392030415
3017587.0,0.09987742210221068
3017588.0,2.1597458588006377
3017589.0,2615.250180926101
3017590.0,0.028678434621391618
3017591.0,425.7867769331274
3017592.0,14.642314223948462
3017593.0,1088.1064947075497
3017594.0,607.9093878641924
3017595.0,412.58850528106336
3017596.0,146.41759584696072
3017597.0,58.993504285493
3017598.0,3585.8112508660706
3017599.0,11.204950721710844
3017600.0,0.7368048917603274
3017601.0,26.430574974884987
3017602.0,18.820765898608027
3017603.0,0.6634124792291947
3017604.0,198.28779883944938
3017605.0,0.10505860531735359
3017606.0,3.7309710265075684
3017607.0,4.4586829812000595
3017608.0,65.10873061991519
3017609.0,0.9739493141872082
3017610.0,153.66057605912414
3017611.0,237.07606238776805
3017612.0,4.624951116065917
3017613.0,3.7947108371588327
3017614.0,215.58501172745326
3017615.0,73.90058299147006
3017616.0,987.9567669779234
3017617.0,1.971140801054363
3017618.0,2.50607559681136
3017619.0,4.536040216653187
3017620.0,0.31266653023928737
3017621.0,3.8788250369953032
3017622.0,2443.087115215083
3017623.0,0.03393845166610579
3017624.0,491.9992262384998
3017625.0,12.172750325524575
3017626.0,819.3893773132119
3017627.0,517.329471590954
3017628.0,248.43211386884263
3017629.0,141.7098646031963
3017630.0,76.079566054254
3017631.0,2990.724258615108
3017632.0,12.45910571522942
3017633.0,0.9343995779072234
3017634.0,18.74803554196949
3017635.0,17.795250780670298
3017636.0,0.10436872113373336
3017637.0,192.72212145512475
3017638.0,0.0914453044466691
3017639.0,5.426771876295656
3017640.0,4.008314702398984
3017641.0,109.07276849706034
3017642.0,1.1305581215654932
3017643.0,95.18601063711432
3017644.0,171.59498474473196
3017645.0,4.085335160683304
3017646.0,3.3869392499146884
3017647.0,213.62975205174791
3017648.0,57.2984618617862
3017649.0,749.0298382151859
3017650.0,1.5792236279077325
3017651.0,4.820857328184275
3017652.0,10.304507909578081
3017653.0,0.9169677738026711
3017654.0,13.386765637106034
3017655.0,7539.186906371926
3017656.0,0.13557345460061876
3017657.0,1120.7492901435262
3017658.0,37.27475718963766
3017659.0,1856.0369742768148
3017660.0,1944.8333287325627
3017661.0,403.4910139087687
3017662.0,521.5594809401435
3017663.0,368.473332061782
3017664.0,7215.237687621926
3017665.0,76.39486740622257
3017666.0,2.828958303202553
3017667.0,45.46979649004862
3017668.0,55.38422407552679
3017669.0,0.21157968899123453
3017670.0,516.3840563428253
3017671.0,37.98150054942343
3017672.0,57.67359948647351
3017673.0,23.385013651775488
3017674.0,285.6713560127609
3017675.0,32.80423769033884
3017676.0,1142.685077903766
3017677.0,468.8703612354849
3017678.0,18.305036474509237
3017679.0,21.468086827664447
3017680.0,1450.9741146011854
3017681.0,230.61394895965876
3017682.0,6758.875536607109
3017683.0,1.7270724461800773
3017684.0,109.6321365984603
3017685.0,2.330744381904993
3017686.0,0.15808896023568417
3017687.0,0.8348263642812815
3017688.0,1256.4359784793396
3017689.0,0.023513340762336545
3017690.0,125.08476983075622
3017691.0,3.533679029652361
3017692.0,574.2618235038209
3017693.0,231.32932791203365
3017694.0,126.8146775651271
3017695.0,146.03777008214058
3017696.0,42.24959309653494
3017697.0,1687.1884976920057
3017698.0,3.359390926588673
3017699.0,0.20348011679615133
3017700.0,14.277034994800122
3017701.0,6.940523376194425
3017702.0,0.131787159445943
3017703.0,117.72298768196023
3017704.0,0.38682525205534096
3017705.0,3.0517967135158166
3017706.0,2.2845426641685256
3017707.0,36.43061925396647
3017708.0,0.502567385626767
3017709.0,52.97711173794468
3017710.0,78.85432118608182
3017711.0,1.517214340547614
3017712.0,3.9697400767888382
3017713.0,128.1538402263248
3017714.0,18.514829642113547
3017715.0,427.5960541470734
3017716.0,1.4895950295837805
3017717.0,3.7264913415399548
3017718.0,7.227412414051929
3017719.0,0.16305947238228224
3017720.0,1.7591747027066587
3017721.0,2659.459567667098
3017722.0,0.036836999165656234
3017723.0,503.59469699857976
3017724.0,9.209980461549925
3017725.0,1124.8162748291459
3017726.0,532.8359772039199
3017727.0,282.1036140421106
3017728.0,284.99493211180305
3017729.0,84.13328808629102
3017730.0,3910.639640489603
3017731.0,11.685896997765722
3017732.0,0.3363152010638525
3017733.0,25.867396379860626
3017734.0,18.581616089890268
3017735.0,0.11233144397331878
3017736.0,240.93989160183187
3017737.0,1.3554141011172
3017738.0,3.476418838816463
3017739.0,7.776152608743088
3017740.0,18.676228717800996
3017741.0,1.407212554049109
3017742.0,317.65563771799424
3017743.0,215.78479332539422
3017744.0,3.151454718478358
3017745.0,5.7568858200595425
3017746.0,144.04168538436124
3017747.0,58.077492029220664
3017748.0,999.7597728949017
3017749.0,1.7389369713785652
3017750.0,4.202138200404985
3017751.0,1.1483824286570465
3017752.0,0.0382988064334388
3017753.0,0.7330465557646216
3017754.0,840.5647440857886
3017755.0,0.023085268910236288
3017756.0,94.76376783866837
3017757.0,3.2592525802965504
3017758.0,496.6095179379861
3017759.0,122.46414824993997
3017760.0,108.20569085642543
3017761.0,135.0600745075667
3017762.0,18.134255926535545
3017763.0,1439.4582282212646
3017764.0,1.3351598883959532
3017765.0,0.24114323699331164
3017766.0,10.794811467715078
3017767.0,2.7717400646749484
3017768.0,0.1671039006283035
3017769.0,65.7664952496007
3017770.0,0.045094663700798225
3017771.0,2.7792179205975196
3017772.0,1.0110301235668775
3017773.0,39.74826691899844
3017774.0,0.22134883737797317
3017775.0,58.26074306134677
3017776.0,64.62642809329107
3017777.0,0.509315026141792
3017778.0,1.0032000656717455
3017779.0,61.9541259964268
3017780.0,7.3521838009856895
3017781.0,177.17747457970762
3017782.0,2.723129340573638
3017783.0,1.292464281364058
3017784.0,6.0086790206888505
3017785.0,0.16235881656403478
3017786.0,2.3693120925954636
3017787.0,2117.9432748886848
3017788.0,0.023564936008497704
3017789.0,169.8972679130653
3017790.0,5.74458547785537
3017791.0,774.7439553549907
3017792.0,322.8509571528175
3017793.0,218.09623241577117
3017794.0,97.31448907029053
3017795.0,73.8669839373959
3017796.0,2501.477339481835
3017797.0,3.1016124303525685
3017798.0,0.403718196639044
3017799.0,20.83859632356887
3017800.0,14.970091634684742
3017801.0,0.19292270619800012
3017802.0,159.79803404959785
3017803.0,0.051353236995747634
3017804.0,3.395029192568976
3017805.0,9.171956301149788
3017806.0,32.431807273886704
3017807.0,1.074574419736918
3017808.0,193.6256722531865
3017809.0,153.3568248247874
3017810.0,1.3223196869536331
3017811.0,3.835381059029259
3017812.0,258.759481289679
3017813.0,24.67535871787723
3017814.0,958.0837990302364
3017815.0,3.165668392581075
3017816.0,0.8017217314860665
3017817.0,3.1589977255798942
3017818.0,0.22326667454084315
3017819.0,1.4280239375642583
3017820.0,2216.689066480347
3017821.0,0.04527875209839863
3017822.0,596.2072252750443
3017823.0,6.711354216811461
3017824.0,919.9558783785361
3017825.0,535.9769722140088
3017826.0,242.42091471593562
3017827.0,116.13583475046923
3017828.0,73.2297505450543
3017829.0,3823.5061389245266
3017830.0,5.582129037832294
3017831.0,2.8721274469902007
3017832.0,29.69534072095609
3017833.0,35.61210266596479
3017834.0,0.15820642888959208
3017835.0,199.3274258255384
3017836.0,1.5682950662977695
3017837.0,4.447365873651646
3017838.0,3.138274461485995
3017839.0,47.02811588952147
3017840.0,1.8145987547555555
3017841.0,156.87874275292913
3017842.0,227.10651488095618
3017843.0,2.642501224131097
3017844.0,5.256576846617711
3017845.0,178.34120158677854
3017846.0,26.591122590970144
3017847.0,614.7720434242317
3017848.0,2.2615331573113675
3017849.0,2.4021065490412754
3017850.0,3.311903306729834
3017851.0,0.08521679652043262
3017852.0,0.625658012561207
3017853.0,1279.173060270127
3017854.0,0.023085268910236288
3017855.0,84.41546909138944
3017856.0,2.552810680735485
3017857.0,371.25507624277714
3017858.0,127.4544227285291
3017859.0,100.43152759334816
3017860.0,110.26936440775273
3017861.0,36.59242687578272
3017862.0,1555.5278018235335
3017863.0,5.034429632196149
3017864.0,0.3185205550860303
3017865.0,8.750422315748711
3017866.0,6.264964956157471
3017867.0,0.09781916667795888
3017868.0,80.27167110582849
3017869.0,0.045094663700798225
3017870.0,3.071407995518174
3017871.0,0.9151563976220738
3017872.0,26.34850401505431
3017873.0,0.32675476738694803
3017874.0,136.17056848976844
3017875.0,66.72087712538728
3017876.0,0.6643394783756453
3017877.0,1.0892513614370978
3017878.0,65.81743394434646
3017879.0,15.085139607084937
3017880.0,303.6250025633747
3017881.0,1.649271910745321
3017882.0,0.5141768271706122
3017883.0,4.176533328647608
3017884.0,0.0926976468635867
3017885.0,0.8570080965139524
3017886.0,3123.9175534796987
3017887.0,0.023513340762336545
3017888.0,442.55761675157066
3017889.0,7.3262595175900955
3017890.0,750.6403671733588
3017891.0,463.352224029217
3017892.0,203.837341832927
3017893.0,119.83064853730644
3017894.0,83.3070714759842
3017895.0,3354.4468933119683
3017896.0,5.25427666392334
3017897.0,0.4242320947523736
3017898.0,16.068876399708138
3017899.0,10.191623018447249
3017900.0,0.11923462987794468
3017901.0,191.03439807511285
3017902.0,0.0564922919301857
3017903.0,23.553255198097443
3017904.0,2.572894620751919
3017905.0,45.93407939917695
3017906.0,0.6362160091771175
3017907.0,193.04315586096004
3017908.0,169.7842494677914
3017909.0,2.082880108782817
3017910.0,3.682156155761428
3017911.0,118.04161840657213
3017912.0,43.88457729307494
3017913.0,999.8156493316953
3017914.0,1.5691188885802774
3017915.0,0.7967849874038836
3017916.0,3.444996263653284
3017917.0,0.19330593802353818
3017918.0,6.21209263645701
3017919.0,3081.1106964960663
3017920.0,0.12906940408405365
3017921.0,506.6331541679347
3017922.0,7.415413739331462
3017923.0,866.6469745110396
3017924.0,825.8348952234185
3017925.0,176.85800004052322
3017926.0,140.79177153041007
3017927.0,134.94333097729267
3017928.0,3481.5418962836748
3017929.0,63.50810271886495
3017930.0,1.2462533460996328
3017931.0,26.594868179568472
3017932.0,24.477239312474314
3017933.0,0.1752755529462823
3017934.0,243.3034227201549
3017935.0,18.627967327325898
3017936.0,25.02483382116874
3017937.0,1.9892200035074985
3017938.0,133.67565434218207
3017939.0,8.125288436110758
3017940.0,327.236411961842
3017941.0,244.20221192200574
3017942.0,11.187958498837201
3017943.0,14.169512634140325
3017944.0,298.28122781900447
3017945.0,72.11217973115029
3017946.0,2421.499468168235
3017947.0,6.045415846096383
3017948.0,14.676230603656965
3017949.0,5.797331572184023
3017950.0,0.05484351123027443
3017951.0,5.505763574506773
3017952.0,2476.6244864900236
3017953.0,0.11652846348890229
3017954.0,374.6803513186615
3017955.0,12.877375600755542
3017956.0,886.7090934292589
3017957.0,751.9364867313539
3017958.0,157.37531797493529
3017959.0,84.8397587317325
3017960.0,112.826966533172
3017961.0,3456.868029035049
3017962.0,21.32639542177747
3017963.0,1.1962739250266252
3017964.0,32.40621669437073
3017965.0,45.22464785075937
3017966.0,0.11956548113254091
3017967.0,307.89821038710915
3017968.0,15.101738022548595
3017969.0,18.23917942100219
3017970.0,7.541890126680008
3017971.0,113.49751385249509
3017972.0,9.469450861121107
3017973.0,221.97229946942988
3017974.0,296.8098872356495
3017975.0,6.712958386344278
3017976.0,8.525284179229406
3017977.0,181.32727349594035
3017978.0,88.93215530256072
3017979.0,1846.7956408154225
3017980.0,2.3147659593688963
3017981.0,18.632131888958664
3017982.0,8.071336664682521
3017983.0,0.20899227515491597
3017984.0,3.975483356467048
3017985.0,3232.451139445852
3017986.0,0.045332244644851
3017987.0,656.8297076650008
3017988.0,6.30454282808556
3017989.0,1751.299732277811
3017990.0,591.1144481733245
3017991.0,196.05386437930258
3017992.0,256.92267997438626
3017993.0,81.80710808447554
3017994.0,4950.2148795828725
3017995.0,28.66862143698042
3017996.0,1.2116220478029023
3017997.0,22.8762302382559
3017998.0,19.68234586943619
3017999.0,0.1505041982842168
3018000.0,288.7921529298179
3018001.0,2.9450743072649086
3018002.0,18.98139326989618
3018003.0,8.628363164066442
3018004.0,74.16414128911674
3018005.0,2.426660525602479
3018006.0,134.2839875271025
3018007.0,262.6895315017416
3018008.0,6.064478348521817
3018009.0,9.164529037851965
3018010.0,284.8602566470862
3018011.0,56.429132027193454
3018012.0,1535.622148466913
3018013.0,7.112207440297104
3018014.0,15.723481327631129
3018015.0,3.5268953546667947
3018016.0,0.29791369337612056
3018017.0,5.0323326209363834
3018018.0,2585.5436791364145
3018019.0,0.11299099669545218
3018020.0,340.74490292190274
3018021.0,6.520748727680273
3018022.0,830.9037814540163
3018023.0,686.17203648482
3018024.0,204.6492906969043
3018025.0,142.77200809533292
3018026.0,97.62584158712224
3018027.0,3348.6820247514834
3018028.0,24.35106134770109
3018029.0,0.9567359169831737
3018030.0,15.37637622778993
3018031.0,13.046122650433992
3018032.0,0.1309623958461847
3018033.0,212.22863794651
3018034.0,16.40744428436544
3018035.0,21.918181180415903
3018036.0,2.0832305744377146
3018037.0,137.26410041266698
3018038.0,5.989516862705546
3018039.0,485.46267938195535
3018040.0,213.17944338735722
3018041.0,5.140121383792772
3018042.0,8.453375024172816
3018043.0,436.0295149895451
3018044.0,44.12178069167713
3018045.0,1865.7965914896113
3018046.0,3.3864478156644195
3018047.0,28.065668047339713
3018048.0,3.844111935613544
3018049.0,0.15746424723772995
3018050.0,2.479135866510501
3018051.0,4901.426153947896
3018052.0,0.030580053646770678
3018053.0,356.5424173426748
3018054.0,6.512801416088873
3018055.0,1854.4634816378552
3018056.0,506.0680141554267
3018057.0,301.6357899348255
3018058.0,166.52396758354936
3018059.0,55.79987282528251
3018060.0,4825.668273906945
3018061.0,11.943186025660918
3018062.0,1.219640470796828
3018063.0,23.279347325971855
3018064.0,21.263844050867256
3018065.0,0.18827791138011585
3018066.0,308.08537771211746
3018067.0,0.08075406135674165
3018068.0,2.0219362626125847
3018069.0,6.44758721880865
3018070.0,52.05744283618736
3018071.0,1.3316986828457202
3018072.0,128.1597760554785
3018073.0,272.84988564553316
3018074.0,3.3630588784630353
3018075.0,9.298489202927982
3018076.0,261.2617402782769
3018077.0,53.94351502508448
3018078.0,969.1616351967261
3018079.0,4.393141159682728
3018080.0,3.6983819931214312
3018081.0,5.791882275127291
3018082.0,0.11175868919902125
3018083.0,5.019812554116209
3018084.0,2110.9518616351297
3018085.0,0.11825554675547598
3018086.0,408.78123069005693
3018087.0,11.962136676303365
3018088.0,950.8761476180312
3018089.0,596.9966102125948
3018090.0,217.8084728332811
3018091.0,121.11415786526877
3018092.0,164.93928528689293
3018093.0,3453.6736412932114
3018094.0,35.13683575140978
3018095.0,1.1065458500002447
3018096.0,16.935989819691656
3018097.0,32.06193280447968
3018098.0,0.11926152949672753
3018099.0,212.63681895250863
3018100.0,11.727927020120699
3018101.0,20.474868701487672
3018102.0,6.033156319906359
3018103.0,131.17083221398363
3018104.0,9.752908116314764
3018105.0,308.9971972043012
3018106.0,258.9359424206592
3018107.0,11.442498245493644
3018108.0,7.2202301369170385
3018109.0,219.34066500711057
3018110.0,56.08439589953872
3018111.0,1777.396892737046
3018112.0,1.4285844899559466
3018113.0,6.896752465241721
3018114.0,3.0941387390880775
3018115.0,0.17268869708929951
3018116.0,3.771367991044753
3018117.0,2527.326482479017
3018118.0,0.11163008397586369
3018119.0,441.7019415269234
3018120.0,8.501100790209183
3018121.0,653.8200131179578
3018122.0,768.8353816401864
3018123.0,183.92207515167027
3018124.0,133.17501643531597
3018125.0,128.31030707592677
3018126.0,2818.777277296986
3018127.0,27.391074002836106
3018128.0,0.7833808965362931
3018129.0,15.91034449426554
3018130.0,15.91612895392803
3018131.0,0.1046726741068695
3018132.0,180.61518959089548
3018133.0,10.27833052308824
3018134.0,36.79335881707999
3018135.0,7.096555411646161
3018136.0,66.04078583572718
3018137.0,7.825225296115309
3018138.0,288.6873925648455
3018139.0,193.4581889828537
3018140.0,7.14922771231363
3018141.0,7.977350746855315
3018142.0,254.36691583972578
3018143.0,52.323363684536524
3018144.0,2128.658907513978
3018145.0,5.725345681493012
3018146.0,17.520355597190918
3018147.0,4.41311547048884
3018148.0,0.11585858117465636
3018149.0,2.3357596621387957
3018150.0,4442.5665491739555
3018151.0,0.023085268910236288
3018152.0,487.1500081508607
3018153.0,20.96978864641482
3018154.0,1129.2128032855853
3018155.0,497.4676733226346
3018156.0,270.0357124667395
3018157.0,188.95130452875964
3018158.0,71.36771930969803
3018159.0,4189.451942723688
3018160.0,7.804612856138689
3018161.0,0.2899993014398843
3018162.0,13.659321484523435
3018163.0,20.327984651520374
3018164.0,0.09239810382135788
3018165.0,215.35039933039988
3018166.0,0.0502215104172039
3018167.0,6.111172661816266
3018168.0,1.295304128663611
3018169.0,92.42560547918396
3018170.0,2.5692482814142172
3018171.0,191.60139636836197
3018172.0,265.2635293186775
3018173.0,2.4835202225610304
3018174.0,2.309791679264063
3018175.0,333.3498278691337
3018176.0,124.55778651497022
3018177.0,1169.904540881284
3018178.0,1.9877962484038787
3018179.0,0.3814022321850187
3018180.0,13.840552023532814
3018181.0,0.053112374567989167
3018182.0,15.596674977648581
3018183.0,8358.626999763746
3018184.0,0.12871224134923334
3018185.0,1560.0705175821681
3018186.0,27.937044038348855
3018187.0,2258.3266322976797
3018188.0,2233.4783747815177
3018189.0,599.6931338546217
3018190.0,620.2760121437371
3018191.0,464.91635598463154
3018192.0,8893.67616600907
3018193.0,100.68772861070434
3018194.0,3.794773112215269
3018195.0,92.610645047097
3018196.0,98.0125825984128
3018197.0,0.2298594804349507
3018198.0,622.3752175513221
3018199.0,33.68499357772056
3018200.0,26.029147895266455
3018201.0,38.52743501071923
3018202.0,405.4225401745141
3018203.0,24.478952603746563
3018204.0,1376.829162294277
3018205.0,508.7075871952174
3018206.0,34.337321643422996
3018207.0,32.24924875355614
3018208.0,1547.906017144849
3018209.0,250.68150990601805
3018210.0,7119.174807057332
3018211.0,338.997899540405
3018212.0,117.35656481776967
3018213.0,14.060382825148647
3018214.0,0.04646586062908536
3018215.0,11.950953636126565
3018216.0,8319.243665430848
3018217.0,0.12333873733641024
3018218.0,1184.6252268919027
3018219.0,25.032545063522313
3018220.0,2472.6350792046724
3018221.0,2029.3043191575641
3018222.0,761.2118688933151
3018223.0,371.60747113568823
3018224.0,356.0357890028539
3018225.0,9120.900003825675
3018226.0,122.67848358010984
3018227.0,1.3367168103087774
3018228.0,60.786430647884
3018229.0,73.67384722805936
3018230.0,0.611447229724909
3018231.0,621.2588055741937
3018232.0,22.833733727487978
3018233.0,41.283113603331074
3018234.0,10.67596587213955
3018235.0,299.4897227587213
3018236.0,18.226324193185707
3018237.0,1693.9995971337144
3018238.0,618.5063198708701
3018239.0,19.433757086847024
3018240.0,25.746550946743845
3018241.0,1554.1698975305662
3018242.0,251.87745681658157
3018243.0,5635.939619079614
3018244.0,368.1832970072193
3018245.0,103.61990327458534
3018246.0,9.181639228566134
3018247.0,0.04476449234573793
3018248.0,13.900600244370636
3018249.0,5311.727978480172
3018250.0,0.17179531029137618
3018251.0,751.4060641427534
3018252.0,15.501714171047505
3018253.0,1987.3248982382975
3018254.0,1280.4776846166255
3018255.0,825.4712171160294
3018256.0,133.40003662254693
3018257.0,245.03402845372966
3018258.0,8034.481220304749
3018259.0,44.43466635703324
3018260.0,1.704950711210166
3018261.0,29.471594778772726
3018262.0,23.220804373901466
3018263.0,0.358489842486892
3018264.0,548.1382753924324
3018265.0,25.735175234968207
3018266.0,23.617851420002715
3018267.0,7.506200366842217
3018268.0,148.66608228290107
3018269.0,7.726790536643204
3018270.0,1602.7351132390304
3018271.0,589.9710053209579
3018272.0,19.723871713209952
3018273.0,40.153539217184914
3018274.0,894.7197495676039
3018275.0,133.4361424646583
3018276.0,2379.5134063074147
3018277.0,161.2323272579647
3018278.0,54.10794949382377
3018279.0,14.790869498641857
3018280.0,0.0468547676333661
3018281.0,15.845587772472076
3018282.0,7767.384995696358
3018283.0,0.12460303580874568
3018284.0,1089.0107160970247
3018285.0,21.092990866162943
3018286.0,2178.423588986373
3018287.0,1901.7408839889729
3018288.0,723.6043732365947
3018289.0,331.80163789626477
3018290.0,255.25142081258085
3018291.0,8881.32655663407
3018292.0,63.48299583521401
3018293.0,1.4048895062548024
3018294.0,51.89649514045082
3018295.0,74.80567227394869
3018296.0,0.7775307741465737
3018297.0,583.7213496968345
3018298.0,29.46200580893975
3018299.0,30.530313531928904
3018300.0,30.190505903347464
3018301.0,266.16520014244634
3018302.0,13.530538821077247
3018303.0,1593.017450844611
3018304.0,617.817220023994
3018305.0,22.2836554537691
3018306.0,24.246957379042925
3018307.0,1276.4813412273547
3018308.0,211.51937078145755
3018309.0,4599.699856686244
3018310.0,354.2876181013057
3018311.0,84.19792264862241
3018312.0,10.915203795769845
3018313.0,0.039013004108453264
3018314.0,17.162839720771533
3018315.0,4297.1348061578465
3018316.0,0.11530952710828307
3018317.0,697.2887133898341
3018318.0,16.135643002610543
3018319.0,1755.6443394385471
3018320.0,1045.0205052873594
3018321.0,640.8941542839714
3018322.0,109.7372667918439
3018323.0,176.55840142742437
3018324.0,6833.7387755001655
3018325.0,45.30057986441082
3018326.0,0.538408765208637
3018327.0,32.7863087594681
3018328.0,36.822200257939265
3018329.0,0.20430334468006617
3018330.0,505.4519457184416
3018331.0,26.877576421231176
3018332.0,12.739394367491002
3018333.0,12.63693291330056
3018334.0,153.1969181062754
3018335.0,4.435891051582752
3018336.0,1321.7324162804925
3018337.0,675.4860656515486
3018338.0,15.23440578068576
3018339.0,22.58861895535928
3018340.0,1092.1328233014854
3018341.0,80.12078075046996
3018342.0,1676.038304235191
3018343.0,390.22267978154025
3018344.0,26.84568343776513
3018345.0,11.860975364181854
3018346.0,0.049976335787776764
3018347.0,10.924893240011261
3018348.0,6545.594006328485
3018349.0,0.13218696082835046
3018350.0,1194.7108445725335
3018351.0,27.61584889599175
3018352.0,1777.5326846722883
3018353.0,2081.8018709820362
3018354.0,518.480830575611
3018355.0,481.51434477093244
3018356.0,370.06782619510676
3018357.0,7155.298808912896
3018358.0,64.54203153937124
3018359.0,1.0742241497790834
3018360.0,49.665599781261186
3018361.0,58.8670909825942
3018362.0,0.5435158991888286
3018363.0,478.505243508386
3018364.0,18.7638528502369
3018365.0,37.957574570684706
3018366.0,12.496445390134394
3018367.0,316.88905365296
3018368.0,17.63822575851036
3018369.0,1199.249158934103
3018370.0,477.29377711518026
3018371.0,18.999838383150202
3018372.0,28.738745016625593
3018373.0,1256.2107734567176
3018374.0,217.83539010571047
3018375.0,6460.18536661648
3018376.0,213.30743374196717
3018377.0,102.89289658363799
3018378.0,4.953871957013524
3018379.0,0.30873203485239653
3018380.0,5.365336666435226
3018381.0,1766.024126779314
3018382.0,0.1234503458876271
3018383.0,313.37246605438077
3018384.0,23.08641810765146
3018385.0,832.8228302960495
3018386.0,469.75851604838243
3018387.0,225.15141612731412
3018388.0,88.24741201003312
3018389.0,118.33530693218748
3018390.0,2726.764132343149
3018391.0,37.012127918885355
3018392.0,0.971241611003151
3018393.0,27.710905935404636
3018394.0,19.718601085345767
3018395.0,0.2276126529076068
3018396.0,207.95485902545272
3018397.0,11.234287686587813
3018398.0,8.516650568918925
3018399.0,10.345663514525453
3018400.0,68.70183819414686
3018401.0,6.068461428947774
3018402.0,286.462583850848
3018403.0,194.901377603214
3018404.0,3.116055012477579
3018405.0,5.985888346427178
3018406.0,286.1990720601184
3018407.0,52.11917078461296
3018408.0,1492.262263590658
3018409.0,1.5847087866867624
3018410.0,11.774741774017158
3018411.0,9.395767240266
3018412.0,0.0457109014147396
3018413.0,11.711814335823366
3018414.0,4063.9875022437172
3018415.0,0.12254416471833354
3018416.0,569.2446761479412
3018417.0,29.275024944265528
3018418.0,1657.194809851413
3018419.0,946.1039788037431
3018420.0,498.9248721157343
3018421.0,103.66073214610157
3018422.0,168.959468133593
3018423.0,6063.841808680133
3018424.0,123.21330128352577
3018425.0,1.0973866916789232
3018426.0,54.83119113666919
3018427.0,28.978810796831112
3018428.0,0.1707931432576534
3018429.0,412.4295003615132
3018430.0,19.663250793959545
3018431.0,7.534028798948624
3018432.0,2.6065626203017933
3018433.0,147.96918028298506
3018434.0,7.161759424219143
3018435.0,785.6041447315627
3018436.0,471.62788538717825
3018437.0,11.714827925089164
3018438.0,20.447540103174838
3018439.0,474.8098005528412
3018440.0,80.1399477182972
3018441.0,1932.224620144279
3018442.0,405.6917091119883
3018443.0,21.616810369368025
3018444.0,6.917725584607321
3018445.0,0.04810409615338212
3018446.0,5.60848817400227
3018447.0,4273.51399246753
3018448.0,0.12511354759098406
3018449.0,829.1090054535531
3018450.0,9.420243195639902
3018451.0,1372.2811813707674
3018452.0,1570.7377090679456
3018453.0,297.38948905921177
3018454.0,384.4038603329718
3018455.0,304.0424525797017
3018456.0,4634.727169437968
3018457.0,43.98009611374364
3018458.0,1.3101812734196412
3018459.0,30.777200668481242
3018460.0,36.00002783445197
3018461.0,0.435628014511127
3018462.0,301.8478290562713
3018463.0,2.1508697505560797
3018464.0,44.43660494165083
3018465.0,4.7280954177388335
3018466.0,178.7618812755959
3018467.0,10.104790190285586
3018468.0,1036.5441948953812
3018469.0,245.2899976807115
3018470.0,19.058523199028592
3018471.0,8.935328851448034
3018472.0,1963.5806198029054
3018473.0,123.05977080908724
3018474.0,4704.031990102889
3018475.0,3.2841176110898447
3018476.0,61.05346367597241
3018477.0,8.959814233830652
3018478.0,0.024187079420257458
3018479.0,6.678427179312402
3018480.0,4356.335531240032
3018481.0,0.024187079420257458
3018482.0,874.1451944916894
3018483.0,9.253018897497512
3018484.0,1618.628476511429
3018485.0,1124.1815975353998
3018486.0,377.4884209785926
3018487.0,229.7448094813434
3018488.0,393.64809728769956
3018489.0,6025.306616335596
3018490.0,57.11580772636354
3018491.0,2.4384031997802333
3018492.0,55.616129608426434
3018493.0,46.04892788254981
3018494.0,0.19662048233137522
3018495.0,348.72212987531407
3018496.0,5.7920471809370735
3018497.0,61.684291561626154
3018498.0,6.251438985542645
3018499.0,284.05283799711174
3018500.0,6.992617109461257
3018501.0,819.4816343864196
3018502.0,304.2422586756155
3018503.0,13.272732719747742
3018504.0,28.573895393615835
3018505.0,662.7989228226601
3018506.0,146.51369910403992
3018507.0,4426.279698215401
3018508.0,2.4913097973168776
3018509.0,9.559979449753218
3018510.0,8.12566353356041
3018511.0,0.1173404497710417
3018512.0,3.723546167713056
3018513.0,2224.2134013280574
3018514.0,0.12184486478108571
3018515.0,419.6082929481615
3018516.0,7.0069662274962745
3018517.0,987.2011271747218
3018518.0,441.0358764461955
3018519.0,239.51015663660255
3018520.0,89.8227244218588
3018521.0,141.22669660135514
3018522.0,3043.5477335122237
3018523.0,11.87255718632548
3018524.0,1.2679667482632693
3018525.0,22.32234957759103
3018526.0,21.64388070902079
3018527.0,0.14051764942106987
3018528.0,191.58958673618264
3018529.0,3.599108257669235
3018530.0,10.884849687603083
3018531.0,5.215823488146451
3018532.0,108.21675010584826
3018533.0,2.7099248927110473
3018534.0,417.90639069746703
3018535.0,180.21347660959685
3018536.0,4.410959028678114
3018537.0,5.79132684995526
3018538.0,227.20556979062997
3018539.0,62.715956430709085
3018540.0,1852.0733529679387
3018541.0,1.5047800139775362
3018542.0,4.530792769464947
3018543.0,4.598218764204534
3018544.0,0.023085268910236288
3018545.0,1.1121132076059357
3018546.0,3079.7813575745495
3018547.0,0.023085268910236288
3018548.0,181.42700903945817
3018549.0,3.1415363413709283
3018550.0,970.0838304400443
3018551.0,215.89625167755167
3018552.0,224.41774477090752
3018553.0,56.88590839168206
3018554.0,31.30440971348055
3018555.0,2642.055023915157
3018556.0,5.845889072985636
3018557.0,0.6854592067473623
3018558.0,16.37225727402379
3018559.0,9.100569611777974
3018560.0,0.0871420023322908
3018561.0,178.04615502135562
3018562.0,0.04694914673898525
3018563.0,2.9634274339890907
3018564.0,2.6725060018159175
3018565.0,30.088840847189687
3018566.0,0.8435668635046327
3018567.0,44.4940954810974
3018568.0,146.68327130474182
3018569.0,0.17608194233155813
3018570.0,2.153896415253631
3018571.0,64.32674204802024
3018572.0,65.68050560017707
3018573.0,539.2607458262883
3018574.0,2.760000185925521
3018575.0,1.806099532273349
3018576.0,5.5421175816406425
3018577.0,0.11672589596756665
3018578.0,5.907518291157071
3018579.0,3182.625819519624
3018580.0,0.18740504563621996
3018581.0,482.0777000621914
3018582.0,14.997231194478957
3018583.0,1218.4276195373448
3018584.0,840.0257420909334
3018585.0,348.99509773432
3018586.0,162.12584540475683
3018587.0,151.40699754004095
3018588.0,4170.445197687133
3018589.0,32.042410860970655
3018590.0,0.9409846493372405
3018591.0,25.12890002959707
3018592.0,52.02302791798296
3018593.0,0.11942872990057636
3018594.0,318.41888519522314
3018595.0,21.05771409366163
3018596.0,15.734088877776601
3018597.0,9.958358152839999
3018598.0,114.55246777962651
3018599.0,6.26826121842703
3018600.0,653.1592144045221
3018601.0,280.9063309255452
3018602.0,7.98734431372913
3018603.0,11.72991587044477
3018604.0,671.5025994038573
3018605.0,96.92162613843723
3018606.0,1974.7442676586493
3018607.0,4.636149459376707
3018608.0,44.008864595272684
3018609.0,4.769331586049901
3018610.0,0.1285893216705453
3018611.0,5.185400065823916
3018612.0,3921.09020811066
3018613.0,0.21317054138945485
3018614.0,661.9792019146346
3018615.0,20.154859101428897
3018616.0,982.0272205107816
3018617.0,1252.944497594005
3018618.0,215.06758199647274
3018619.0,286.1079677496846
3018620.0,249.06305345445614
3018621.0,3883.92080227338
3018622.0,32.15328809560141
3018623.0,2.2785182373108706
3018624.0,29.97493575372622
3018625.0,24.752692394534343
3018626.0,0.6098548456892989
3018627.0,231.13883664842734
3018628.0,11.659882826756423
3018629.0,41.76234969776712
3018630.0,7.320270528595782
3018631.0,219.03164674769238
3018632.0,11.5983480327751
3018633.0,782.7775012325465
3018634.0,222.81338642154515
3018635.0,6.300008653639535
3018636.0,15.305644006426798
3018637.0,784.0082631089318
3018638.0,125.08794626937429
3018639.0,4174.820906006193
3018640.0,2.290078839155636
3018641.0,53.078835979308224
3018642.0,3.8678298136336577
3018643.0,0.2826571546832918
3018644.0,9.486054931293125
3018645.0,4416.499013106455
3018646.0,0.12871224134923334
3018647.0,819.589720565617
3018648.0,21.48773362772772
3018649.0,1203.456339505615
3018650.0,1290.8325274858
3018651.0,307.55044321521325
3018652.0,322.91813948949437
3018653.0,173.61572639757256
3018654.0,4494.056060004363
3018655.0,41.4964775993068
3018656.0,2.3455308327638424
3018657.0,35.655769512706385
3018658.0,37.389008659060835
3018659.0,0.1394835075635295
3018660.0,337.62928051061516
3018661.0,24.645897947573257
3018662.0,31.14238421349252
3018663.0,21.417434595601513
3018664.0,195.42714796215284
3018665.0,17.298189037787154
3018666.0,759.4314809130699
3018667.0,296.16605270304933
3018668.0,15.720440996639573
3018669.0,19.01226751006655
3018670.0,834.6655735856941
3018671.0,146.81037935022152
3018672.0,3954.3042920183784
3018673.0,1.6662993358865106
3018674.0,52.24114758797748
3018675.0,9.870549144918517
3018676.0,0.3815208834271221
3018677.0,6.618812842701482
3018678.0,2951.4104547108855
3018679.0,0.04151665760366868
3018680.0,429.1041656059748
3018681.0,12.72428502788997
3018682.0,1397.8237603908883
3018683.0,650.3747598387048
3018684.0,608.5315465823778
3018685.0,139.65795757283252
3018686.0,92.40699681593247
3018687.0,5238.532212193317
3018688.0,11.53380849729682
3018689.0,1.0431394990651082
3018690.0,39.48163282243105
3018691.0,36.029720917674865
3018692.0,0.12171137515905292
3018693.0,346.0621503771561
3018694.0,9.871400130332862
3018695.0,3.6268968515685995
3018696.0,5.833302062176482
3018697.0,57.666301893529095
3018698.0,2.3545200798072914
3018699.0,277.9193054922023
3018700.0,378.0150248754883
3018701.0,5.884486098744933
3018702.0,6.3091052094657405
3018703.0,477.8895558531499
3018704.0,105.13390522659725
3018705.0,1257.5970690585182
3018706.0,69.16788238030429
3018707.0,14.181175154932877
3018708.0,5.701418460763962
3018709.0,0.03538148167831505
3018710.0,4.868455824714869
3018711.0,2148.2486524885217
3018712.0,0.11584727204776349
3018713.0,307.24561084805475
3018714.0,15.142730399661188
3018715.0,587.3927763712564
3018716.0,642.2500627552992
3018717.0,123.47325300087395
3018718.0,140.81248136145075
3018719.0,132.03829396182877
3018720.0,2276.8337732749487
3018721.0,18.175208947453086
3018722.0,1.8012327426891446
3018723.0,18.95027763974159
3018724.0,27.928483373836798
3018725.0,0.25848024875170617
3018726.0,171.53704211187008
3018727.0,13.541986227466616
3018728.0,15.611608415220362
3018729.0,5.672458126024544
3018730.0,114.46768516941579
3018731.0,7.330261307562925
3018732.0,279.5685496115371
3018733.0,144.46263491965885
3018734.0,5.279783632215884
3018735.0,8.849199578942002
3018736.0,245.85074939120665
3018737.0,65.8934140603022
3018738.0,2168.5658750605166
3018739.0,2.888538826425295
3018740.0,25.1644212914901
3018741.0,1.705937096281828
3018742.0,0.04324780061516691
3018743.0,1.562179471744607
3018744.0,1541.3548192098624
3018745.0,0.028230820381281364
3018746.0,114.26329025476036
3018747.0,5.388036486750439
3018748.0,944.3916924863113
3018749.0,302.8597395310951
3018750.0,246.4737371456099
3018751.0,61.832170937208744
3018752.0,52.92815353757929
3018753.0,2938.124555152069
3018754.0,6.871333633471753
3018755.0,0.3939779108242385
3018756.0,13.932868521782355
3018757.0,10.049070273221393
3018758.0,0.10037181810456576
3018759.0,201.07363365601617
3018760.0,3.6775631921683893
3018761.0,2.9298945090169797
3018762.0,1.7786027719519628
3018763.0,26.498651828553733
3018764.0,0.40658452413144586
3018765.0,158.3213559696062
3018766.0,202.9598845823159
3018767.0,0.7838865308378353
3018768.0,5.151048752574224
3018769.0,128.42450534743335
3018770.0,30.443406729892992
3018771.0,238.41121006762364
3018772.0,23.554272739587837
3018773.0,2.278647870368772
3018774.0,11.406524635710966
3018775.0,0.20658775012377228
3018776.0,6.261969500537508
3018777.0,4475.211920567476
3018778.0,0.049623666420210794
3018779.0,620.3841788378495
3018780.0,19.363455702911395
3018781.0,1922.12422633288
3018782.0,654.734446256055
3018783.0,456.8631421745016
3018784.0,204.35961193396247
3018785.0,111.980828200719
3018786.0,7029.549444861284
3018787.0,36.975382203740885
3018788.0,1.0493206138991065
3018789.0,32.11160261392452
3018790.0,25.1999980910603
3018791.0,0.2334809040225416
3018792.0,469.38386936665574
3018793.0,12.902622043232416
3018794.0,3.0070739038492302
3018795.0,11.87698986662971
3018796.0,66.79761379683326
3018797.0,3.2021328525635426
3018798.0,633.1384827781797
3018799.0,430.5966805760748
3018800.0,3.0733851593468926
3018801.0,16.934157053622123
3018802.0,406.23206093003216
3018803.0,99.03826075458069
3018804.0,1377.7489701794784
3018805.0,42.27491400333139
3018806.0,14.658455622069228
3018807.0,6.178622841037223
3018808.0,0.11836157433270424
3018809.0,1.189791701870316
3018810.0,1758.1441593631998
3018811.0,0.039904891694701586
3018812.0,183.82449592205063
3018813.0,10.74099716054645
3018814.0,994.9278439090566
3018815.0,419.7354783256727
3018816.0,198.70899792858924
3018817.0,59.88470770857239
3018818.0,63.88229481840922
3018819.0,3016.718513554689
3018820.0,10.83682762296735
3018821.0,0.7428967938176325
3018822.0,20.984071366724578
3018823.0,23.043355035799458
3018824.0,0.18879978597870073
3018825.0,187.57255194487703
3018826.0,9.59248390125832
3018827.0,4.641763442196641
3018828.0,10.090198855663814
3018829.0,57.39599583703446
3018830.0,1.6633275087955548
3018831.0,130.4241572831562
3018832.0,186.4874302900945
3018833.0,1.5267402642434278
3018834.0,6.681482740304323
3018835.0,127.53494497831201
3018836.0,32.61020817708479
3018837.0,366.02016140397836
3018838.0,13.581538994644866
3018839.0,4.876882572657069
3018840.0,5.756872463622581
3018841.0,0.028262636688736666
3018842.0,5.520658591575664
3018843.0,1964.0097690322868
3018844.0,0.029601354216424215
3018845.0,132.08447781664876
3018846.0,8.554629560028069
3018847.0,909.467568681381
3018848.0,338.5801472005083
3018849.0,200.7127868422047
3018850.0,49.791831514236115
3018851.0,46.89800854858178
3018852.0,3158.9257736981276
3018853.0,19.6808325210566
3018854.0,0.29379628382784
3018855.0,18.387967994905523
3018856.0,11.479092346872845
3018857.0,0.10185236395317378
3018858.0,185.91132657300727
3018859.0,1.8672315399541561
3018860.0,3.1415328427713947
3018861.0,2.3116990250452805
3018862.0,59.027102725134526
3018863.0,1.2199905827977913
3018864.0,174.9815130289088
3018865.0,218.46265951037776
3018866.0,0.40499776160933276
3018867.0,5.851922634778122
3018868.0,129.5982793853979
3018869.0,27.861036566085293
3018870.0,205.24186896084183
3018871.0,19.482519719061507
3018872.0,4.140388973546228
3018873.0,4.061676737119251
3018874.0,0.02421966182808526
3018875.0,3.6846020702601434
3018876.0,1474.680361667357
3018877.0,0.02645077776904352
3018878.0,166.0955628068066
3018879.0,8.72224634077522
3018880.0,1271.8018466756403
3018881.0,422.419212902444
3018882.0,242.643527901273
3018883.0,41.47396241704239
3018884.0,66.94878878917409
3018885.0,3363.0356635773855
3018886.0,3.9254275684175375
3018887.0,0.3387620992834657
3018888.0,17.022228580378552
3018889.0,26.7654705808827
3018890.0,0.15757113541720563
3018891.0,278.97575424098784
3018892.0,1.076482109274332
3018893.0,4.210351196977547
3018894.0,3.1644679623631573
3018895.0,30.538278876662503
3018896.0,1.7003020846515577
3018897.0,281.6259645209276
3018898.0,353.52410096953656
3018899.0,1.0263197430777053
3018900.0,5.9426081787561085
3018901.0,89.22066074782629
3018902.0,78.50198645846646
3018903.0,446.04952764333945
3018904.0,17.912987221712065
3018905.0,6.719893871814649
3018906.0,4.197733458191219
3018907.0,0.9578729863122304
3018908.0,3.2163983699531
3018909.0,1817.1387604088409
3018910.0,0.028636062283624163
3018911.0,184.05357497555343
3018912.0,2.8202320131023972
3018913.0,874.6233741930076
3018914.0,326.1431206203854
3018915.0,241.47404256456468
3018916.0,85.51921079812395
3018917.0,85.24052543193098
3018918.0,2655.921533221377
3018919.0,8.250272682113712
3018920.0,1.1672753304319976
3018921.0,19.597415685605796
3018922.0,19.10565502956505
3018923.0,0.21790279864899662
3018924.0,223.49745490935862
3018925.0,7.874314911266713
3018926.0,3.379202825902758
3018927.0,4.2702389341916085
3018928.0,46.279068111182156
3018929.0,2.038131690434671
3018930.0,121.02847124451229
3018931.0,193.08370300660346
3018932.0,0.8843988179341529
3018933.0,5.947807398394833
3018934.0,96.6128992992636
3018935.0,44.79189678869387
3018936.0,625.0829083449044
3018937.0,15.005053024673266
3018938.0,6.476843851312318
3018939.0,5.146985071679673
3018940.0,0.27070041957742264
3018941.0,1.3119207355257954
3018942.0,1358.9748533822917
3018943.0,0.027001359331620324
3018944.0,158.53843874828038
3018945.0,6.922827013542843
3018946.0,871.1667693457291
3018947.0,276.32081010921297
3018948.0,171.03303070652993
3018949.0,126.663490392857
3018950.0,63.266261159162255
3018951.0,2211.269910540168
3018952.0,5.547206898608527
3018953.0,0.43335154952143207
3018954.0,13.407453660210013
3018955.0,13.698575580839346
3018956.0,0.23222690299197238
3018957.0,173.0113021864811
3018958.0,0.05972014113233621
3018959.0,3.05470677707813
3018960.0,2.2112877970716793
3018961.0,56.53794830494973
3018962.0,1.2449804002536022
3018963.0,55.56672711292828
3018964.0,153.17087688093108
3018965.0,1.0092447401837035
3018966.0,3.5934590997669718
3018967.0,63.666580453548384
3018968.0,38.63016635128133
3018969.0,500.3624089123222
3018970.0,3.0048347883806197
3018971.0,0.7068733680531879
3018972.0,10.928708989050795
3018973.0,0.4769522288977669
3018974.0,4.131424673845317
3018975.0,3460.369929043886
3018976.0,0.0355272692684096
3018977.0,333.18075602064823
3018978.0,5.961594548630244
3018979.0,1326.8932578970052
3018980.0,729.6189113649754
3018981.0,581.3990271595624
3018982.0,165.53974472451137
3018983.0,167.39580599700588
3018984.0,4690.474054769562
3018985.0,21.304005338878866
3018986.0,1.339338034593629
3018987.0,23.685428430624544
3018988.0,30.154580410283156
3018989.0,0.1669627286307599
3018990.0,319.52603859317986
3018991.0,0.43239907231567176
3018992.0,3.3436952456831057
3018993.0,9.470051466691872
3018994.0,76.5950474347542
3018995.0,4.870565276215698
3018996.0,229.7131814824412
3018997.0,295.69287498983965
3018998.0,2.9602710311491487
3018999.0,12.074472333985922
3019000.0,407.2593642754853
3019001.0,66.8316543916128
3019002.0,1392.3300460684584
3019003.0,25.68873189003299
3019004.0,19.924240065995967
3019005.0,4.486399030530228
3019006.0,0.1538672313657615
3019007.0,5.358183493416162
3019008.0,2584.7579549144793
3019009.0,0.03083897531006095
3019010.0,529.8777034739365
3019011.0,8.828816132615572
3019012.0,690.2921938264342
3019013.0,572.1077992310167
3019014.0,245.20676289606712
3019015.0,137.6745301303216
3019016.0,111.2269776365813
3019017.0,2896.3729102244597
3019018.0,7.685925278854789
3019019.0,1.0247616001163204
3019020.0,26.937525886075996
3019021.0,21.810534135926304
3019022.0,0.1538930582904232
3019023.0,208.96394218095722
3019024.0,10.321697335674829
3019025.0,5.664000526096225
3019026.0,6.5166408512037295
3019027.0,76.73592578424149
3019028.0,2.2333900500160526
3019029.0,47.78395685429855
3019030.0,183.14281696794356
3019031.0,4.887514747656132
3019032.0,8.93201035337241
3019033.0,149.88772275256207
3019034.0,24.617766327841597
3019035.0,1515.26277436185
3019036.0,56.07147337655728
3019037.0,22.296826584574962
3019038.0,7.580034558260177
3019039.0,0.5437244331787082
3019040.0,5.292324887679197
3019041.0,3538.794224491619
3019042.0,0.04077636442322137
3019043.0,247.36029046442664
3019044.0,7.9846690372313684
3019045.0,1409.9513239982493
3019046.0,437.666860086429
3019047.0,371.2884215696435
3019048.0,64.3600478581773
3019049.0,62.174094787844396
3019050.0,4528.267292563129
3019051.0,22.73120973330876
3019052.0,1.5209206243399402
3019053.0,21.470791941596207
3019054.0,18.31622585259673
3019055.0,0.16332201138660674
3019056.0,274.73243702256326
3019057.0,10.043542300356755
3019058.0,3.470027434035201
3019059.0,4.119164844270784
3019060.0,61.972330980230296
3019061.0,2.5857175948173916
3019062.0,216.90834005640357
3019063.0,269.70373262470093
3019064.0,1.1726094875195214
3019065.0,6.459024695755684
3019066.0,256.99294870266664
3019067.0,29.98808448017779
3019068.0,598.8534220449212
3019069.0,14.979759906925509
3019070.0,6.35934737739613
3019071.0,8.742187630966166
3019072.0,0.13635317447453954
3019073.0,10.027832337582666
3019074.0,3513.981750074964
3019075.0,0.2090817344548958
3019076.0,700.4720884667332
3019077.0,16.012132432021495
3019078.0,934.6330045414543
3019079.0,916.9862302552017
3019080.0,276.47644633054347
3019081.0,189.38073698378736
3019082.0,145.08040178295843
3019083.0,4295.176784536665
3019084.0,37.43299936375982
3019085.0,1.648066299595535
3019086.0,22.919132731921863
3019087.0,31.324279597096975
3019088.0,0.1635374446860221
3019089.0,313.7690308484314
3019090.0,26.454450576231906
3019091.0,19.325830670428928
3019092.0,7.271448791571151
3019093.0,149.90930023393258
3019094.0,10.88864017204865
3019095.0,456.96894255975855
3019096.0,289.95719519479064
3019097.0,10.80837600193289
3019098.0,11.15889835318637
3019099.0,504.24315288567374
3019100.0,120.15685426909704
3019101.0,2472.6923148246788
3019102.0,4.3259295317744995
3019103.0,41.33355596609769
3019104.0,9.406630780211806
3019105.0,0.12476939945985005
3019106.0,8.566073327167981
3019107.0,4509.9402337019965
3019108.0,0.046461226041351
3019109.0,587.0991218838342
3019110.0,11.837515727212535
3019111.0,2034.2109909194753
3019112.0,854.0130257247316
3019113.0,760.3251835348188
3019114.0,104.26036434233032
3019115.0,150.31971310073095
3019116.0,6727.003032689487
3019117.0,19.36483805217764
3019118.0,1.1245728908380639
3019119.0,28.792009238060658
3019120.0,18.5767641283092
3019121.0,0.13209413082991928
3019122.0,415.2883492077453
3019123.0,2.733546145318991
3019124.0,5.856565266401919
3019125.0,6.250146634271935
3019126.0,99.29999127792438
3019127.0,1.1131062930698945
3019128.0,351.76361102642204
3019129.0,441.25980020261625
3019130.0,6.88554052987631
3019131.0,6.866829910556695
3019132.0,360.8807098532429
3019133.0,85.78388626784857
3019134.0,1251.4886263601807
3019135.0,29.716500759046582
3019136.0,25.227682840481478
3019137.0,14.405736363391267
3019138.0,0.2830914013454151
3019139.0,6.9683299790146584
3019140.0,3519.666905930383
3019141.0,0.04226087133763888
3019142.0,490.36231582861933
3019143.0,8.953366544687345
3019144.0,1657.2629827304581
3019145.0,690.4984575795925
3019146.0,340.5688437644011
3019147.0,262.31448586171416
3019148.0,162.64617845177986
3019149.0,4666.272842238426
3019150.0,17.888198104357627
3019151.0,0.8390678733548903
3019152.0,56.35313650701505
3019153.0,38.06533659501992
3019154.0,0.30701111542212933
3019155.0,384.03193132739
3019156.0,4.5618757300036545
3019157.0,3.7335836815935375
3019158.0,11.292800117060214
3019159.0,142.97394749968012
3019160.0,1.8749470388842664
3019161.0,122.82523699810059
3019162.0,329.263989969425
3019163.0,3.4576250943130034
3019164.0,6.79124516902201
3019165.0,206.34177948964657
3019166.0,168.92795929079844
3019167.0,1507.5332378054354
3019168.0,2.69068502462278
3019169.0,10.436417080771069
3019170.0,5.8005425721048685
3019171.0,0.20115079776931827
3019172.0,2.617532760318057
3019173.0,1721.8588800693433
3019174.0,0.031080679268544333
3019175.0,147.34154814708273
3019176.0,9.88322386410415
3019177.0,748.2458550433446
3019178.0,335.1428092174699
3019179.0,140.70147388332921
3019180.0,41.10012163683204
3019181.0,96.68110855974905
3019182.0,2557.766502535944
3019183.0,11.510676725219316
3019184.0,0.8553968817219757
3019185.0,26.22318151440053
3019186.0,16.944450522266607
3019187.0,0.10588757689924408
3019188.0,179.86580518722448
3019189.0,0.2894833158820782
3019190.0,3.494558683335519
3019191.0,3.682469715718443
3019192.0,139.76558220367
3019193.0,2.363561066585456
3019194.0,84.76530573924126
3019195.0,165.5724188611215
3019196.0,1.1318939336218898
3019197.0,6.139952778962283
3019198.0,115.19048488772162
3019199.0,29.351240904171433
3019200.0,427.4327076505673
3019201.0,30.653466652356062
3019202.0,1.9056254201586347
3019203.0,2.275698679549855
3019204.0,0.03985143459433019
3019205.0,2.718249181725689
3019206.0,1590.4958832406971
3019207.0,0.23691337924280745
3019208.0,260.45334406932307
3019209.0,13.701587809128515
3019210.0,573.1136476245085
3019211.0,495.04168096357057
3019212.0,143.37195684218216
3019213.0,52.626015162032715
3019214.0,93.7859533512517
3019215.0,2256.4934195764727
3019216.0,26.745250731769666
3019217.0,0.4669056383524361
3019218.0,18.45226191280497
3019219.0,15.118334623888167
3019220.0,0.2786599137772565
3019221.0,131.49823192748107
3019222.0,16.167573407543365
3019223.0,2.4658372449973327
3019224.0,2.8761280504545077
3019225.0,79.27608426595273
3019226.0,5.780700631628236
3019227.0,373.295639936255
3019228.0,169.92527633170022
3019229.0,4.355520478466815
3019230.0,6.564353665661519
3019231.0,235.63362209769372
3019232.0,40.236581580628936
3019233.0,1097.9923249905005
3019234.0,2.9144371007558774
3019235.0,8.690617839305894
3019236.0,3.74989985487219
3019237.0,0.1445924846678989
3019238.0,7.965280962475609
3019239.0,4224.963945033787
3019240.0,0.12404824714496132
3019241.0,825.0565940907519
3019242.0,20.297331858149075
3019243.0,1293.820299667264
3019244.0,1466.6861163290491
3019245.0,303.3829669346869
3019246.0,242.5347916555223
3019247.0,208.64997361503907
3019248.0,4527.9331209435895
3019249.0,36.45303070881545
3019250.0,0.7926907162676194
3019251.0,23.91918034719572
3019252.0,34.6978815110877
3019253.0,0.13398271438245768
3019254.0,309.21759373477624
3019255.0,13.567811761906945
3019256.0,45.328500897948274
3019257.0,11.515645044285026
3019258.0,145.1038642466683
3019259.0,14.19150066695223
3019260.0,425.6563187488883
3019261.0,322.76466206894986
3019262.0,20.76573271376365
3019263.0,9.32960303975257
3019264.0,583.2329590544309
3019265.0,132.526221248569
3019266.0,3611.2995000193623
3019267.0,10.546827832724375
3019268.0,24.745903107653625
3019269.0,3.4144708763124285
3019270.0,0.1402003632737066
3019271.0,3.40735149832172
3019272.0,2632.494743503348
3019273.0,0.10866442331110526
3019274.0,401.5930046712664
3019275.0,8.938089174898506
3019276.0,526.2142792544544
3019277.0,620.4301340419682
3019278.0,155.5280149079282
3019279.0,49.70586768952229
3019280.0,75.5763581455648
3019281.0,2090.358464649961
3019282.0,12.798425614803595
3019283.0,0.9581207435526906
3019284.0,8.612192155790819
3019285.0,23.62489947766125
3019286.0,0.11188805471987892
3019287.0,117.62628713474719
3019288.0,0.09907848670241888
3019289.0,20.113564121430905
3019290.0,4.136167881654536
3019291.0,357.7877909605211
3019292.0,7.0674092761338505
3019293.0,69.0366485877191
3019294.0,138.00088110243135
3019295.0,5.581416200124162
3019296.0,9.647341252644768
3019297.0,64.55902557628944
3019298.0,20.452786888616775
3019299.0,337.7942078628321
3019300.0,2.2659263793035733
3019301.0,4.330405508108157
3019302.0,5.727084639756702
3019303.0,0.03117069893362389
3019304.0,0.7642822855000618
3019305.0,1203.752643049805
3019306.0,0.12087865712105363
3019307.0,231.20679451310903
3019308.0,5.613564873670074
3019309.0,407.83059903045853
3019310.0,271.68728696928656
3019311.0,106.52849852387752
3019312.0,40.03067095639224
3019313.0,38.47665410573764
3019314.0,1728.837437800561
3019315.0,10.36353100658384
3019316.0,0.6202140337611304
3019317.0,13.045500253930616
3019318.0,10.528041816616602
3019319.0,0.30914654007639875
3019320.0,98.90651605230825
3019321.0,0.2667782125112288
3019322.0,9.06014776408391
3019323.0,1.2756095568854395
3019324.0,50.55518253392991
3019325.0,0.2844007396137015
3019326.0,263.69107231316855
3019327.0,141.23196597533115
3019328.0,2.8474594532979958
3019329.0,1.6702128370144789
3019330.0,175.56034110775892
3019331.0,25.169955958629735
3019332.0,565.8457074129681
3019333.0,1.6233050159554974
3019334.0,2.2130487638784784
3019335.0,9.020627504914096
3019336.0,0.31524169024186816
3019337.0,3.0108683871912456
3019338.0,3539.7069134042554
3019339.0,0.1431500322003254
3019340.0,642.2827203223957
3019341.0,27.288494562579263
3019342.0,1016.8922745453743
3019343.0,1064.6634401260276
3019344.0,324.5970587717026
3019345.0,246.0040284797015
3019346.0,210.26173641983019
3019347.0,4273.7796318091605
3019348.0,30.198793729201576
3019349.0,2.261383950704791
3019350.0,26.95505233833841
3019351.0,33.14297841674022
3019352.0,0.22414808699158847
3019353.0,252.74625550251727
3019354.0,10.765732781972233
3019355.0,49.35626111220235
3019356.0,11.6465073341654
3019357.0,334.77464514871417
3019358.0,4.665888069448595
3019359.0,303.6209186934608
3019360.0,288.53071474005844
3019361.0,13.146864390738438
3019362.0,10.720635521483663
3019363.0,402.768611459085
3019364.0,88.93439513951998
3019365.0,2659.3982763433705
3019366.0,2.0838561130672186
3019367.0,18.82367427836131
3019368.0,9.071367771681388
3019369.0,0.11925043995063553
3019370.0,3.4518365248534404
3019371.0,3820.086248403496
3019372.0,0.04243518032075869
3019373.0,705.0335667768934
3019374.0,19.59606460738711
3019375.0,1306.7762873194974
3019376.0,952.1480902666584
3019377.0,368.21674475683227
3019378.0,215.52746084110998
3019379.0,138.66082561137287
3019380.0,4817.0943323090505
3019381.0,16.032691059108693
3019382.0,0.9967347065916534
3019383.0,39.20159429600241
3019384.0,26.786316533006598
3019385.0,1.0258724671720536
3019386.0,306.94281146966125
3019387.0,0.1510046758784821
3019388.0,6.194021589313378
3019389.0,6.971044543850654
3019390.0,114.64372200727836
3019391.0,1.5000685825617954
3019392.0,204.65868620440523
3019393.0,318.01434633566475
3019394.0,7.353041537712207
3019395.0,6.291738933200781
3019396.0,259.91210365982874
3019397.0,85.68184712886016
3019398.0,1557.259105140015
3019399.0,2.9535477074748657
3019400.0,6.330390204794371
3019401.0,8.424615180046159
3019402.0,0.4034480264353474
3019403.0,3.1328610395382355
3019404.0,3272.796523291634
3019405.0,0.043907215695696514
3019406.0,641.409233288631
3019407.0,16.9532318548137
3019408.0,1159.665233209998
3019409.0,767.751691772753
3019410.0,289.71476320370226
3019411.0,192.67278306548246
3019412.0,166.31000197226342
3019413.0,4290.785106436026
3019414.0,22.180826768043907
3019415.0,1.330145601309938
3019416.0,25.595725629966868
3019417.0,27.03374915943051
3019418.0,0.13174320492589864
3019419.0,272.6809031575958
3019420.0,0.13102443783026155
3019421.0,10.001421683994911
3019422.0,7.480058763726359
3019423.0,194.1440170411187
3019424.0,1.7777324855271286
3019425.0,119.82898520539217
3019426.0,266.81748061287146
3019427.0,6.903422148974317
3019428.0,5.982134215331359
3019429.0,199.8318658849991
3019430.0,66.187671503742
3019431.0,1261.711303027052
3019432.0,2.1201933652729714
3019433.0,10.123250222379543
3019434.0,14.932907704139058
3019435.0,1.1203396424126877
3019436.0,17.666137973573395
3019437.0,9889.752163928966
3019438.0,0.13972527653012962
3019439.0,1297.3673279687978
3019440.0,46.16923570867793
3019441.0,2309.924505920038
3019442.0,2396.779765357053
3019443.0,409.48282199857886
3019444.0,563.6610203841208
3019445.0,424.2785246608828
3019446.0,8845.705377662813
3019447.0,91.46428300339994
3019448.0,3.5189853674486664
3019449.0,62.609344765878504
3019450.0,64.13695223896701
3019451.0,0.2679675618937247
3019452.0,697.3615089205748
3019453.0,49.76734396454836
3019454.0,65.8636899711058
3019455.0,24.72071046629396
3019456.0,350.9964498574426
3019457.0,35.93419816567568
3019458.0,786.8827142700422
3019459.0,696.6490186618385
3019460.0,25.53842308178504
3019461.0,35.870890514270414
3019462.0,1166.8292860914903
3019463.0,280.9624252458664
3019464.0,7670.641375589163
3019465.0,2.2500750976049186
3019466.0,89.8059411078307
3019467.0,3.356992402579668
3019468.0,0.17507640567622268
3019469.0,1.0532489369239693
3019470.0,1646.0106052980454
3019471.0,0.02765389701047696
3019472.0,157.59768006226517
3019473.0,4.154000131621461
3019474.0,621.8021223200667
3019475.0,278.38023569969073
3019476.0,122.60081279972192
3019477.0,139.30201827936867
3019478.0,76.13543443083701
3019479.0,2040.3655343397913
3019480.0,5.707645770806318
3019481.0,0.22359195296521406
3019482.0,14.946773146035927
3019483.0,9.500241939574082
3019484.0,0.14332943847466495
3019485.0,136.6394738933139
3019486.0,0.4397463203085475
3019487.0,3.12604625166461
3019488.0,2.9887534730698313
3019489.0,73.80601915936332
3019490.0,0.8209698180987614
3019491.0,61.68111215968526
3019492.0,100.34451636065903
3019493.0,1.9503950291047287
3019494.0,5.41246788207112
3019495.0,128.23834039986696
3019496.0,22.297987165429838
3019497.0,504.2400401761972
3019498.0,1.5299785338691392
3019499.0,4.847833820178643
3019500.0,11.208624024202692
3019501.0,0.19313092894031164
3019502.0,2.672140255865016
3019503.0,3448.965072629011
3019504.0,0.04646920641651089
3019505.0,609.7329408084302
3019506.0,14.22465668097648
3019507.0,1586.3711248139805
3019508.0,769.9446541765376
3019509.0,287.45623833018044
3019510.0,254.04332520542303
3019511.0,142.93321563492327
3019512.0,5101.939917403935
3019513.0,14.059067118962659
3019514.0,0.33168097815065556
3019515.0,27.0112630658538
3019516.0,22.68663620783433
3019517.0,0.13361976902149658
3019518.0,334.95114117383883
3019519.0,1.3184245812756186
3019520.0,5.042309620401477
3019521.0,11.037810417665254
3019522.0,41.29075045602249
3019523.0,2.0021493942105177
3019524.0,349.0315431322534
3019525.0,320.801021713137
3019526.0,4.317700091078619
3019527.0,8.732217048629845
3019528.0,149.10945452081305
3019529.0,74.16626220492834
3019530.0,1301.9899084188346
3019531.0,2.420519460554389
3019532.0,7.329551572609596
3019533.0,1.6134274437128346
3019534.0,0.0396726602376603
3019535.0,0.8649143490221748
3019536.0,1237.7651174719522
3019537.0,0.025226165837807048
3019538.0,117.85093173729541
3019539.0,4.150015299521357
3019540.0,868.9278912971988
3019541.0,175.67507042851693
3019542.0,90.15446447778024
3019543.0,114.43465587590094
3019544.0,29.729388973501337
3019545.0,2060.567650498904
3019546.0,1.6233253311202727
3019547.0,0.29777459508913984
3019548.0,13.400960854812691
3019549.0,4.236738429734441
3019550.0,0.19764631752718834
3019551.0,113.47663798239614
3019552.0,0.05786829932497079
3019553.0,2.837157907187451
3019554.0,1.0513443557184259
3019555.0,51.05070524540184
3019556.0,0.26008631372802415
3019557.0,70.44487691446093
3019558.0,87.40254269728757
3019559.0,0.6006770020655792
3019560.0,1.1883728733151255
3019561.0,62.6725363720462
3019562.0,11.330502775084252
3019563.0,238.48408705155362
3019564.0,2.737990629906792
3019565.0,2.6407311356279513
3019566.0,9.459923769976193
3019567.0,0.17010277026236034
3019568.0,1.9392824016993309
3019569.0,2031.5668275875016
3019570.0,0.028873770562199343
3019571.0,245.1940834328019
3019572.0,8.82123950713989
3019573.0,1102.29543477809
3019574.0,483.41889018175345
3019575.0,190.6339982035035
3019576.0,170.54151481954506
3019577.0,155.30731656104183
3019578.0,3200.949351984904
3019579.0,3.810064964506253
3019580.0,0.5599649719966026
3019581.0,27.461235627165806
3019582.0,21.650833914609535
3019583.0,0.2397826038305382
3019584.0,252.93119217265755
3019585.0,0.06302480902663227
3019586.0,3.4684535735569524
3019587.0,14.792504376190125
3019588.0,50.156960654852014
3019589.0,1.6400824773956089
3019590.0,278.3366801982676
3019591.0,238.41192754277478
3019592.0,1.7368095421302256
3019593.0,5.5231579442047725
3019594.0,165.24568231652046
3019595.0,29.78618960433638
3019596.0,1281.1075874495955
3019597.0,3.1973202124163915
3019598.0,2.027857738027876
3019599.0,3.690464167956506
3019600.0,0.3094940978243125
3019601.0,2.84027730989681
3019602.0,2844.101641759881
3019603.0,0.047231968404241036
3019604.0,698.873744392635
3019605.0,8.666751627308626
3019606.0,902.9304911024984
3019607.0,719.6765790587032
3019608.0,238.554081223815
3019609.0,122.96142445429317
3019610.0,91.4874748990244
3019611.0,4488.474527191689
3019612.0,8.819944801397433
3019613.0,4.172356377230235
3019614.0,34.06182420698212
3019615.0,41.836153599148375
3019616.0,0.15311582406140994
3019617.0,231.8322921783302
3019618.0,2.320454859554763
3019619.0,6.274144749280327
3019620.0,4.232700617458612
3019621.0,58.023232356085266
3019622.0,2.0907182970329536
3019623.0,187.62363612328915
3019624.0,289.61864826876763
3019625.0,3.7013936434277417
3019626.0,7.300463973898197
3019627.0,152.4370322653724
3019628.0,29.7405027299914
3019629.0,646.7026171557161
3019630.0,2.9048816478063073
3019631.0,5.270285663698471
3019632.0,5.099922758705633
3019633.0,0.09570029661971392
3019634.0,0.7089106867528779
3019635.0,1685.9122415393244
3019636.0,0.025226165837807048
3019637.0,99.52015275354262
3019638.0,3.166094044855808
3019639.0,561.8398033967807
3019640.0,205.73352051875645
3019641.0,95.61238810603473
3019642.0,148.549187687421
3019643.0,96.31095590122031
3019644.0,2088.175858920443
3019645.0,7.168833463915015
3019646.0,0.5514336164999212
3019647.0,13.644530843182952
3019648.0,9.174039041892327
3019649.0,0.11347804340929088
3019650.0,118.87974737214242
3019651.0,0.05786829932497079
3019652.0,3.1407853981847653
3019653.0,0.9020308063623212
3019654.0,70.5867173043362
3019655.0,0.4791699647065545
3019656.0,179.62006105309774
3019657.0,105.77030228996252
3019658.0,1.0736228319609378
3019659.0,1.2723261775460706
3019660.0,53.107872019545255
3019661.0,19.915479483363278
3019662.0,373.9023160023096
3019663.0,1.669243535393394
3019664.0,0.5646544205003103
3019665.0,5.029383376976908
3019666.0,0.09857416055393733
3019667.0,2.0626087096847288
3019668.0,3477.6937055969775
3019669.0,0.02790029539422847
3019670.0,511.3980472709501
3019671.0,11.758587591979763
3019672.0,982.5361666616072
3019673.0,597.2468748206991
3019674.0,220.17017150732534
3019675.0,156.90864030510693
3019676.0,164.48103185258057
3019677.0,4057.8285485086885
3019678.0,7.91740661421924
3019679.0,0.5713011804805849
3019680.0,22.00638898376595
3019681.0,12.741470159211365
3019682.0,0.11952212477767514
3019683.0,229.19171527667208
3019684.0,0.06608041662522776
3019685.0,31.391414759402977
3019686.0,3.971605409868916
3019687.0,111.05023728126886
3019688.0,0.9028512920863724
3019689.0,213.76717831502603
3019690.0,251.8766569914455
3019691.0,3.1525404993724058
3019692.0,4.947653979489319
3019693.0,122.96037231398844
3019694.0,47.51463418906047
3019695.0,1255.1058242078789
3019696.0,1.7011567999130839
3019697.0,3.3061080441767925
3019698.0,4.257101932543097
3019699.0,0.19374294672228326
3019700.0,8.18636974147912
3019701.0,3027.916329214776
3019702.0,0.12955069435796535
3019703.0,541.6010676330623
3019704.0,9.995947753220007
3019705.0,978.3807648183044
3019706.0,888.261914173256
3019707.0,165.21461708065993
3019708.0,146.26176624158208
3019709.0,116.08503181413117
3019710.0,3831.493198852194
3019711.0,52.13485207735202
3019712.0,1.5697597580062466
3019713.0,25.86299832451364
3019714.0,29.42416325681055
3019715.0,0.17881520625391872
3019716.0,287.87432190508207
3019717.0,27.218875878595032
3019718.0,23.63199591786848
3019719.0,2.243873823802943
3019720.0,137.03579703940594
3019721.0,12.369033685224885
3019722.0,229.3078349748007
3019723.0,292.4316029041478
3019724.0,12.113388255645017
3019725.0,15.018002924264643
3019726.0,295.81187005082677
3019727.0,64.29826802317342
3019728.0,2572.208663365913
3019729.0,6.125676996507551
3019730.0,13.361638717344073
3019731.0,8.44414867353079
3019732.0,0.06020627272422137
3019733.0,10.381391609615253
3019734.0,3899.962309796144
3019735.0,0.12469653848599281
3019736.0,557.4494769609224
3019737.0,16.995612233633256
3019738.0,1341.3332904902454
3019739.0,918.0770662009643
3019740.0,189.34842724230734
3019741.0,122.09170107618758
3019742.0,127.37561903303654
3019743.0,4705.1996350951395
3019744.0,35.333889778309384
3019745.0,1.5821141615894478
3019746.0,43.8689451714846
3019747.0,64.18530012719737
3019748.0,0.14395713307659047
3019749.0,411.9674261377915
3019750.0,31.682767857848184
3019751.0,24.68014018535284
3019752.0,12.973234660130707
3019753.0,123.76560737915347
3019754.0,13.59543033934125
3019755.0,173.5661009553719
3019756.0,454.8310945414248
3019757.0,9.91529181865793
3019758.0,14.813529670583945
3019759.0,163.74066687091243
3019760.0,93.86545210959987
3019761.0,2258.4167173223022
3019762.0,2.535368498704838
3019763.0,21.345104725127822
3019764.0,11.457632226945597
3019765.0,0.27465632815003843
3019766.0,5.228182440546023
3019767.0,4108.736330831185
3019768.0,0.05152551856510462
3019769.0,775.4101248473319
3019770.0,9.22249283980305
3019771.0,1918.5952522930643
3019772.0,720.031061375465
3019773.0,237.11142526970212
3019774.0,334.76687971340937
3019775.0,123.52874375623396
3019776.0,5637.21918115506
3019777.0,38.62061471468845
3019778.0,1.8054724531077853
3019779.0,32.95149100079175
3019780.0,24.808886334670127
3019781.0,0.18433736953527502
3019782.0,406.5379843129508
3019783.0,7.27274316039945
3019784.0,18.283178763770785
3019785.0,11.577322365583784
3019786.0,106.62647445347315
3019787.0,3.790703735333043
3019788.0,190.45137994824637
3019789.0,348.5174821420502
3019790.0,8.928082333840244
3019791.0,14.144425196605237
3019792.0,285.16567041451395
3019793.0,58.36430904004361
3019794.0,1805.8646526909668
3019795.0,8.90970424347142
3019796.0,22.10677500637328
3019797.0,5.013858810296694
3019798.0,0.3589093836446863
3019799.0,6.96644721994952
3019800.0,3029.9977577752757
3019801.0,0.1281351333945507
3019802.0,410.54761471864776
3019803.0,11.406599448133802
3019804.0,921.1860457548615
3019805.0,843.942395269343
3019806.0,237.92748548147688
3019807.0,151.5999881012919
3019808.0,125.33999085032778
3019809.0,3635.892413187057
3019810.0,26.987093640429464
3019811.0,1.5822748370030593
3019812.0,18.176112003097995
3019813.0,16.587138473469995
3019814.0,0.15443844610998791
3019815.0,282.86961223014305
3019816.0,20.463022626129998
3019817.0,27.49967600597728
3019818.0,2.111440385994258
3019819.0,149.5019181684306
3019820.0,9.773174671450459
3019821.0,329.36545408867426
3019822.0,293.63460419025853
3019823.0,8.435055111382958
3019824.0,11.756360939638668
3019825.0,424.6407836609468
3019826.0,61.88248017380256
3019827.0,2440.3179310226733
3019828.0,3.6059291846471093
3019829.0,28.987699890798265
3019830.0,4.739059508430616
3019831.0,0.1609917854960825
3019832.0,4.348185797727904
3019833.0,5574.629033645162
3019834.0,0.03382354946159022
3019835.0,462.6341934324213
3019836.0,10.161178069867841
3019837.0,2446.6122091065836
3019838.0,687.717573018921
3019839.0,299.38238245737364
3019840.0,185.84001582609773
3019841.0,108.84310269510182
3019842.0,6785.174245713746
3019843.0,16.13653223864536
3019844.0,1.669992079597818
3019845.0,31.366049413864495
3019846.0,25.874343276904373
3019847.0,0.20718658688883884
3019848.0,485.79802133618574
3019849.0,0.08933958696162758
3019850.0,2.11514517844253
3019851.0,8.43643043581794
3019852.0,82.75836249718978
3019853.0,1.9234408629453055
3019854.0,158.1295153185087
3019855.0,352.3750284283311
3019856.0,3.9722779849696166
3019857.0,10.14192926979311
3019858.0,177.84786645812252
3019859.0,78.50155217086188
3019860.0,1179.3390268857522
3019861.0,4.472661561888167
3019862.0,6.499383478905251
3019863.0,9.849505529525764
3019864.0,0.12199760029129182
3019865.0,8.51008106046887
3019866.0,3222.5052910225595
3019867.0,0.12592606713325694
3019868.0,600.9037458923735
3019869.0,16.35248836966921
3019870.0,1168.6617558479224
3019871.0,824.3074786670209
3019872.0,273.8638002317273
3019873.0,153.1975475698615
3019874.0,208.67093468210163
3019875.0,4436.642035490648
3019876.0,55.37015015612796
3019877.0,1.46922518153655
3019878.0,36.533714191710544
3019879.0,39.37588761623691
3019880.0,0.13980503742373795
3019881.0,292.0439711592286
3019882.0,22.606728492134913
3019883.0,22.23510773134196
3019884.0,10.187530432474956
3019885.0,204.95417930592274
3019886.0,16.724047747984784
3019887.0,229.18991697795576
3019888.0,424.2642272826248
3019889.0,12.922156697088054
3019890.0,9.911297737155332
3019891.0,194.72398783356257
3019892.0,65.7891183418183
3019893.0,2164.0907226611494
3019894.0,1.6292577625833382
3019895.0,8.365082355367935
3019896.0,4.85200782005084
3019897.0,0.17584548712262482
3019898.0,5.111243551094334
3019899.0,3428.6587879869066
3019900.0,0.11664189120239522
3019901.0,563.9927527094308
3019902.0,12.970569282122675
3019903.0,857.3541369534407
3019904.0,922.4381962542741
3019905.0,203.13205144471635
3019906.0,154.74283761425386
3019907.0,139.6730883889833
3019908.0,3467.469144515241
3019909.0,35.38108602310331
3019910.0,1.020363501852446
3019911.0,22.80861726114508
3019912.0,21.05891599634562
3019913.0,0.12069787189910129
3019914.0,258.7696460461508
3019915.0,23.065298572572523
3019916.0,43.48895370877477
3019917.0,5.817627778313396
3019918.0,125.50831052253281
3019919.0,10.488669565587294
3019920.0,276.61944988445794
3019921.0,252.5944323944991
3019922.0,11.466674544205205
3019923.0,11.38389857258082
3019924.0,254.9731219243048
3019925.0,65.0555810493357
3019926.0,2163.8803090839665
3019927.0,6.292948917749543
3019928.0,17.257988151190695
3019929.0,6.684751041878977
3019930.0,0.11504130932897624
3019931.0,3.764632546877856
3019932.0,5159.224386710891
3019933.0,0.027001359331620324
3019934.0,592.4725750763737
3019935.0,18.565461526221227
3019936.0,1246.386576356966
3019937.0,673.3413304959108
3019938.0,284.7781704513959
3019939.0,181.5685243180885
3019940.0,94.12669895234063
3019941.0,4822.120936560438
3019942.0,10.335269992543427
3019943.0,0.3242622702536011
3019944.0,21.29827692197877
3019945.0,26.160390163670996
3019946.0,0.09991402090507807
3019947.0,265.10683118200575
3019948.0,0.05855880264323857
3019949.0,9.06173159033452
3019950.0,1.5529890935115283
3019951.0,111.10180885255049
3019952.0,3.780409855577141
3019953.0,196.6369936330081
3019954.0,317.5539808042845
3019955.0,3.1207704378135133
3019956.0,2.1396180311268465
3019957.0,219.86815975887322
3019958.0,116.87148861653517
3019959.0,1215.1249649974488
3019960.0,2.404767486815312
3019961.0,1.8831340965156957
3019962.0,22.192057816613424
3019963.0,0.05426590539170116
3019964.0,27.185843744892217
3019965.0,10408.11230773811
3019966.0,0.13283826923648906
3019967.0,1916.9038096199286
3019968.0,29.617641553872037
3019969.0,2982.471236604737
3019970.0,3012.496325239908
3019971.0,713.3949320556559
3019972.0,752.3259175576034
3019973.0,574.1590689447355
3019974.0,10460.67041320686
3019975.0,105.40965755038513
3019976.0,5.51326637635599
3019977.0,126.93268846387149
3019978.0,142.24235293071482
3019979.0,0.2900132500647704
3019980.0,931.8804017344155
3019981.0,44.30760694157426
3019982.0,40.27081767410369
3019983.0,48.43134339008365
3019984.0,489.90403728988076
3019985.0,32.890354010888714
3019986.0,1007.0469513125784
3019987.0,848.1282483667101
3019988.0,53.30435536305116
3019989.0,41.90230339125939
3019990.0,1268.5182815999597
3019991.0,304.13085200887133
3019992.0,9662.930185174411
3019993.0,400.81232787431304
3019994.0,108.50263601211783
3019995.0,19.93213451899181
3019996.0,0.052725825678833424
3019997.0,16.94634333785786
3019998.0,10158.59082336311
3019999.0,0.13116658246795726
3020000.0,1363.502315354355
3020001.0,35.339986134301796
3020002.0,3039.223226033946
3020003.0,2631.2842373321323
3020004.0,862.6497601862329
3020005.0,459.5556937449013
3020006.0,418.30761422652154
3020007.0,10460.67041320686
3020008.0,176.54641406234407
3020009.0,2.061892877117021
3020010.0,83.91677748969224
3020011.0,95.29244591175774
3020012.0,0.7143310954739248
3020013.0,865.9447609956751
3020014.0,37.982065358312546
3020015.0,51.82684510004967
3020016.0,13.536273132431003
3020017.0,355.8650830138086
3020018.0,25.639589113684742
3020019.0,1228.5198437341996
3020020.0,900.2402501977888
3020021.0,30.946288153467094
3020022.0,35.71953894979913
3020023.0,1361.084138888019
3020024.0,280.482146221066
3020025.0,7304.761363348989
3020026.0,408.4671729291026
3020027.0,99.67367918537026
3020028.0,17.94610412042802
3020029.0,0.05426590539170116
3020030.0,26.89515549597742
3020031.0,8944.7620732107
3020032.0,0.2051174039170306
3020033.0,1161.908589319841
3020034.0,24.750576284050105
3020035.0,3032.9721502128814
3020036.0,1863.69929174736
3020037.0,1044.033280062927
3020038.0,207.09102097285088
3020039.0,312.2373104999108
3020040.0,10219.75000305061
3020041.0,63.73712495067404
3020042.0,2.574994960087676
3020043.0,57.67127759965312
3020044.0,32.72244252468785
3020045.0,0.5388635733950362
3020046.0,887.0650129607826
3020047.0,39.521738582574585
3020048.0,35.66170248851594
3020049.0,13.335569670287558
3020050.0,236.00943678850604
3020051.0,12.115036399215429
3020052.0,1029.365705509345
3020053.0,1007.072134136217
3020054.0,32.5973620443475
3020055.0,61.36869686955515
3020056.0,930.1789633871508
3020057.0,168.64626876942015
3020058.0,3540.8091037523836
3020059.0,293.88256409607885
3020060.0,69.13514712318425
3020061.0,19.202494021711402
3020062.0,0.05426590539170116
3020063.0,27.362395803503798
3020064.0,10157.90869445686
3020065.0,0.1471230736998756
3020066.0,1288.7402737511848
3020067.0,35.00647689104277
3020068.0,2791.8557878300403
3020069.0,2575.627172928529
3020070.0,808.1156264172987
3020071.0,399.989166972958
3020072.0,330.41621737790337
3020073.0,10459.94922180061
3020074.0,72.85644860130073
3020075.0,2.207412669971464
3020076.0,80.3571892891392
3020077.0,93.94994528745546
3020078.0,1.0697623193132875
3020079.0,846.3799844444391
3020080.0,40.30723021246274
3020081.0,34.53005727047449
3020082.0,32.05023479129591
3020083.0,343.9079473254559
3020084.0,20.250103840269986
3020085.0,963.6603286375033
3020086.0,921.6744365060035
3020087.0,28.753301366412312
3020088.0,38.42061730942372
3020089.0,1228.2773228416727
3020090.0,270.607645640128
3020091.0,5841.847251423309
3020092.0,479.7036436418475
3020093.0,75.28018495100557
3020094.0,17.133195570601018
3020095.0,0.051587261634700496
3020096.0,26.261056048030987
3020097.0,6605.520958697649
3020098.0,0.12995485274481697
3020099.0,975.9501470782648
3020100.0,26.618931626193124
3020101.0,2760.188673572228
3020102.0,1571.699325561608
3020103.0,798.0838834820588
3020104.0,149.38253259621337
3020105.0,255.78721621055874
3020106.0,9885.723765603261
3020107.0,59.1085096074479
3020108.0,0.6230696988772086
3020109.0,37.818006624522624
3020110.0,52.35275173612601
3020111.0,0.27240221348971255
3020112.0,799.7722088190656
3020113.0,42.0443619491796
3020114.0,17.88199892023301
3020115.0,15.237180428899622
3020116.0,202.128372360389
3020117.0,7.786390292368225
3020118.0,948.2572073802244
3020119.0,930.8889754863947
3020120.0,22.14455731774071
3020121.0,32.7014605306678
3020122.0,1007.7469161978006
3020123.0,114.84347807444057
3020124.0,2566.304736246598
3020125.0,524.6582822081823
3020126.0,29.304548747461567
3020127.0,13.519812519609296
3020128.0,0.052725825678833424
3020129.0,15.123962943400443
3020130.0,8320.61476452757
3020131.0,0.13620504483614654
3020132.0,1117.8107211499992
3020133.0,28.84614435846972
3020134.0,1954.0240866294746
3020135.0,2276.7307135641395
3020136.0,525.0444267506816
3020137.0,493.06922563228864
3020138.0,382.3391983376599
3020139.0,8120.570101843727
3020140.0,63.09077988679202
3020141.0,1.6559035385426601
3020142.0,59.184786642922404
3020143.0,65.31195372202
3020144.0,0.8093743277507197
3020145.0,597.671386316887
3020146.0,21.49151392119954
3020147.0,35.68294284725435
3020148.0,15.733124585660859
3020149.0,386.78359067798556
3020150.0,24.89265746076525
3020151.0,808.456098315787
3020152.0,609.8275566772404
3020153.0,22.157981945198145
3020154.0,33.02243694481986
3020155.0,1056.237283174194
3020156.0,235.53713657740704
3020157.0,7411.376427514626
3020158.0,260.7419551122067
3020159.0,76.72648567893505
3020160.0,7.03782706480647
3020161.0,0.3683739651801423
3020162.0,7.5959305036268665
3020163.0,2143.428075502868
3020164.0,0.13014952365186389
3020165.0,351.49495330373566
3020166.0,30.339575175073378
3020167.0,1067.7761961337228
3020168.0,576.4039972497786
3020169.0,230.0986419396782
3020170.0,83.94840481745656
3020171.0,134.02808530413262
3020172.0,3157.9014649866986
3020173.0,58.52577244830128
3020174.0,1.351651866737139
3020175.0,26.66304157334624
3020176.0,22.310741884349554
3020177.0,0.25390861109742324
3020178.0,247.03681259012205
3020179.0,16.613552327008442
3020180.0,11.29685274211242
3020181.0,11.406875386717314
3020182.0,96.45169071971776
3020183.0,9.092677905881008
3020184.0,249.30360849554174
3020185.0,284.35461777394704
3020186.0,4.364272478682325
3020187.0,8.944704915736816
3020188.0,236.31764317051358
3020189.0,63.86862679508404
3020190.0,1624.145384854374
3020191.0,1.8534913337550805
3020192.0,8.970015971777283
3020193.0,11.338790533906721
3020194.0,0.0537933951581797
3020195.0,20.386078940381665
3020196.0,5883.82598239883
3020197.0,0.13970786845962596
3020198.0,726.6194969607147
3020199.0,42.11373481547212
3020200.0,2398.8083813002186
3020201.0,1380.2824783811666
3020202.0,618.1443567524984
3020203.0,138.1494055954372
3020204.0,194.2108735268579
3020205.0,8958.375553835242
3020206.0,137.49116553457873
3020207.0,1.5616750532756016
3020208.0,69.87312160371398
3020209.0,35.73184462696226
3020210.0,0.19423356010078546
3020211.0,554.7820384810389
3020212.0,33.266492976127864
3020213.0,13.052344787030755
3020214.0,4.738808603304861
3020215.0,188.90285067750023
3020216.0,12.88651947686132
3020217.0,643.9136739461582
3020218.0,766.6804607508043
3020219.0,19.736392733335457
3020220.0,36.712050470814994
3020221.0,455.0921638743144
3020222.0,102.51587520925011
3020223.0,2460.7070571579525
3020224.0,454.78040236691766
3020225.0,23.514093755036683
3020226.0,9.551143798915122
3020227.0,0.05589785448861927
3020228.0,7.204959425155882
3020229.0,5176.3641115362425
3020230.0,0.1354369795946319
3020231.0,982.945923281836
3020232.0,13.307493292839347
3020233.0,1575.9346414930128
3020234.0,1743.7689028015711
3020235.0,288.4216026802534
3020236.0,353.9929329867622
3020237.0,381.09180308257135
3020238.0,5500.652580488037
3020239.0,50.617477423327976
3020240.0,1.7171401182444441
3020241.0,42.85964505676603
3020242.0,42.74680776032199
3020243.0,0.5253441158293874
3020244.0,394.3079131621719
3020245.0,3.1793622842383678
3020246.0,57.30727760171973
3020247.0,7.4447446371179575
3020248.0,251.90376286009763
3020249.0,12.087221434088203
3020250.0,651.4370187850586
3020251.0,350.96936943086223
3020252.0,22.76774794267542
3020253.0,15.399863959701355
3020254.0,720.7139577564346
3020255.0,133.95029812004714
3020256.0,5144.197667309142
3020257.0,4.559207062252802
3020258.0,52.807408245341506
3020259.0,13.523930125380394
3020260.0,0.024420294509468067
3020261.0,11.86146034995139
3020262.0,5512.543960060972
3020263.0,0.02706899453812598
3020264.0,1006.7725580201138
3020265.0,13.370432949446915
3020266.0,1982.1155574560985
3020267.0,1376.255482092315
3020268.0,452.0255565419648
3020269.0,237.61052585069203
3020270.0,411.2465339956685
3020271.0,7969.504632417624
3020272.0,64.71644136651241
3020273.0,3.637380777085397
3020274.0,56.70614079704232
3020275.0,49.3915060717641
3020276.0,0.2367263747593327
3020277.0,451.81131863600024
3020278.0,11.038040335926286
3020279.0,73.79430522280174
3020280.0,8.929312210950439
3020281.0,356.0499189853292
3020282.0,13.38712571195688
3020283.0,545.2504483098653
3020284.0,460.85701540410463
3020285.0,17.563468796283686
3020286.0,34.70043430701046
3020287.0,573.3127160725644
3020288.0,132.01202313325348
3020289.0,4938.659601586483
3020290.0,3.678227351036402
3020291.0,12.235075406638845
3020292.0,12.444108133298782
3020293.0,0.13830792317475715
3020294.0,5.142045240630564
3020295.0,2644.231711743415
3020296.0,0.13602346576890584
3020297.0,555.1706633806191
3020298.0,11.965832582258773
3020299.0,1147.6746301886585
3020300.0,616.212812183226
3020301.0,304.4682221638852
3020302.0,106.38638992175714
3020303.0,239.24782201078438
3020304.0,3780.200452957678
3020305.0,20.121904189602503
3020306.0,1.79316673221091
3020307.0,37.94123271211319
3020308.0,31.168395416012842
3020309.0,0.16479955302252
3020310.0,263.58730485374855
3020311.0,4.976540375897255
3020312.0,17.095118804284034
3020313.0,8.549079886574296
3020314.0,190.8623544491524
3020315.0,4.360703304737719
3020316.0,325.4851395566112
3020317.0,305.5165970469276
3020318.0,6.146270453242581
3020319.0,9.993871476857436
3020320.0,221.63117348991324
3020321.0,78.53901871821094
3020322.0,2313.2285075187065
3020323.0,1.5332890739731893
3020324.0,3.758192836331729
3020325.0,8.281792510953592
3020326.0,0.024420294509468067
3020327.0,1.3834248368529918
3020328.0,2823.3006532215877
3020329.0,0.0257699430866292
3020330.0,203.7239840592938
3020331.0,4.665276396039513
3020332.0,1199.2007614362522
3020333.0,267.6512871629656
3020334.0,224.88092428825288
3020335.0,56.417952556297536
3020336.0,57.58032383477554
3020337.0,3424.1654116447744
3020338.0,10.239912503725357
3020339.0,0.7916434550760294
3020340.0,23.597448984467054
3020341.0,12.51282102731205
3020342.0,0.15661368503169437
3020343.0,245.76870387558193
3020344.0,0.05843556045458848
3020345.0,3.0586405440729694
3020346.0,3.5430523031398358
3020347.0,40.18073110738483
3020348.0,1.12711431101007
3020349.0,54.580859924745596
3020350.0,187.55704141828616
3020351.0,0.1856125648188801
3020352.0,2.472932911466279
3020353.0,71.59742405249204
3020354.0,70.45594508182978
3020355.0,656.5631060637656
3020356.0,2.802703406287474
3020357.0,2.9373917512452037
3020358.0,8.525675348055643
3020359.0,0.13603801498072499
3020360.0,8.734867453366705
3020361.0,4127.440757146551
3020362.0,0.1908375015374216
3020363.0,638.7183071957338
3020364.0,18.10865891576873
3020365.0,1353.1305368922285
3020366.0,1062.256109289869
3020367.0,359.23942479700514
3020368.0,202.968938285016
3020369.0,208.67258767510265
3020370.0,5099.041088080412
3020371.0,42.27467719650946
3020372.0,1.4362982919451206
3020373.0,36.1511403366022
3020374.0,54.88979990626294
3020375.0,0.14248308773301582
3020376.0,387.61977990696977
3020377.0,30.906696697818884
3020378.0,20.42475538068473
3020379.0,15.235309602824763
3020380.0,180.87481085905796
3020381.0,10.587510820476854
3020382.0,501.21093165483785
3020383.0,352.9173153004648
3020384.0,11.805806235670914
3020385.0,13.911420127065803
3020386.0,608.607554610936
3020387.0,122.87514017443951
3020388.0,2739.058692295408
3020389.0,4.928300638311608
3020390.0,37.44848229438075
3020391.0,6.086222358431179
3020392.0,0.12544943972816536
3020393.0,6.736697503882314
3020394.0,3995.578534646003
3020395.0,0.21696603429812056
3020396.0,610.0798097487838
3020397.0,23.964025087997193
3020398.0,849.3408426186683
3020399.0,1180.983475639194
3020400.0,187.75980430392374
3020401.0,245.9894719731858
3020402.0,278.2031933016709
3020403.0,3312.9096882932536
3020404.0,38.695802431254094
3020405.0,2.952997487519203
3020406.0,33.52030007143719
3020407.0,24.766991227539506
3020408.0,0.7711351808887965
3020409.0,226.11782088483227
3020410.0,17.745042393409662
3020411.0,51.75637844075541
3020412.0,7.985001977188121
3020413.0,269.3540363395055
3020414.0,12.997809168167562
3020415.0,438.41292751374596
3020416.0,228.32042362098036
3020417.0,8.59972588105029
3020418.0,17.864502675595666
3020419.0,571.0382459712724
3020420.0,135.08715794012406
3020421.0,3878.140260153279
3020422.0,2.2381197535031196
3020423.0,39.19688777094959
3020424.0,6.963238612212887
3020425.0,0.43035515554949333
3020426.0,14.328749545945492
3020427.0,5666.521845843392
3020428.0,0.13098424440900874
3020429.0,874.0839252525692
3020430.0,24.25489437013622
3020431.0,1336.9246431890615
3020432.0,1652.713339407112
3020433.0,336.5472459345975
3020434.0,389.50408897136106
3020435.0,203.148287620158
3020436.0,5605.363163897907
3020437.0,42.5185535735034
3020438.0,3.9100838656927785
3020439.0,56.69741368432062
3020440.0,51.27709269888378
3020441.0,0.15106184438354794
3020442.0,429.81040698637105
3020443.0,36.293094433722196
3020444.0,42.98395617861926
3020445.0,23.519181510237935
3020446.0,211.09298431611342
3020447.0,25.504108907882205
3020448.0,481.38606000683467
3020449.0,398.8421294080666
3020450.0,26.262780566571138
3020451.0,27.016969927528933
3020452.0,690.360255560606
3020453.0,169.02476583094864
3020454.0,4863.748648018134
3020455.0,2.212886416079863
3020456.0,44.03741429041776
3020457.0,14.34875388373074
3020458.0,0.41349636911109644
3020459.0,10.55899638956858
3020460.0,4053.210827311671
3020461.0,0.0485108236188969
3020462.0,589.309071594376
3020463.0,25.490335035399895
3020464.0,1813.9804325592766
3020465.0,917.7306667889529
3020466.0,610.355569840038
3020467.0,211.6371492444279
3020468.0,154.49276535894853
3020469.0,7258.113120924443
3020470.0,15.666666094920213
3020471.0,1.5210343318902972
3020472.0,58.62307817346094
3020473.0,48.78581519873636
3020474.0,0.1367443434512047
3020475.0,474.27581684658827
3020476.0,14.648805202593037
3020477.0,6.035300744731966
3020478.0,9.056037630307397
3020479.0,97.18003354874105
3020480.0,3.356189972066664
3020481.0,370.8432160239232
3020482.0,534.9061815245019
3020483.0,9.652219204141755
3020484.0,9.842054212655492
3020485.0,473.71888684355605
3020486.0,134.7624506447953
3020487.0,1714.8472840402737
3020488.0,78.34267120958668
3020489.0,26.49367482141389
3020490.0,4.333600515998199
3020491.0,0.02696381106329764
3020492.0,4.119280286192341
3020493.0,1365.0994797741412
3020494.0,0.0836261428836638
3020495.0,163.90451808757402
3020496.0,6.845519737209726
3020497.0,352.4276844750701
3020498.0,380.2715602741926
3020499.0,71.03713197280146
3020500.0,71.75713965992611
3020501.0,54.38750133019589
3020502.0,1366.5489173212634
3020503.0,11.832927647269111
3020504.0,1.5271177181572966
3020505.0,10.841308575548345
3020506.0,11.948276952962921
3020507.0,0.22385153711087136
3020508.0,102.46358977127713
3020509.0,8.439397411056436
3020510.0,12.405974704216392
3020511.0,4.970074109771801
3020512.0,44.523326589218904
3020513.0,5.48249045013846
3020514.0,145.61482787372887
3020515.0,92.82381882199982
3020516.0,4.871914179574759
3020517.0,6.052267738879227
3020518.0,159.85086973077594
3020519.0,46.77939992431881
3020520.0,1281.5288189595753
3020521.0,2.827742207963686
3020522.0,15.694429236676207
3020523.0,1.6615568102366425
3020524.0,0.041855445426439535
3020525.0,1.9101133893828057
3020526.0,1536.4743036507525
3020527.0,0.026837813732413042
3020528.0,126.35360917488758
3020529.0,4.049949844641407
3020530.0,832.2001407486053
3020531.0,302.86134352937233
3020532.0,290.29199752739294
3020533.0,48.664901951325774
3020534.0,35.91497756933438
3020535.0,2866.946254704141
3020536.0,6.5230571988905535
3020537.0,0.3631314107445158
3020538.0,13.953392777542584
3020539.0,9.2204653634738
3020540.0,0.1653499005635204
3020541.0,202.04301263832932
3020542.0,4.278425943332088
3020543.0,2.925422134100903
3020544.0,1.9707971766017613
3020545.0,13.378461892611238
3020546.0,0.4574389201008222
3020547.0,183.82264169124414
3020548.0,210.050396841031
3020549.0,0.9499145596892321
3020550.0,3.9819218719242757
3020551.0,185.01440008980205
3020552.0,26.691629399838796
3020553.0,291.1350190025537
3020554.0,11.91710981660909
3020555.0,1.1019828579024613
3020556.0,10.445638005397738
3020557.0,0.2047691968804729
3020558.0,6.103116218459192
3020559.0,4577.385283369378
3020560.0,0.05076173515581031
3020561.0,775.49179596468
3020562.0,12.183131707431324
3020563.0,2021.6340103733996
3020564.0,791.1196817168798
3020565.0,562.2039706377778
3020566.0,217.44338010712272
3020567.0,100.6737085250353
3020568.0,8281.26536578383
3020569.0,25.14984836180789
3020570.0,0.8943625182276896
3020571.0,29.010152576194265
3020572.0,22.8935540586562
3020573.0,0.20404968830608666
3020574.0,529.7267602782636
3020575.0,12.519474098436422
3020576.0,3.0237830122854215
3020577.0,9.937696681300338
3020578.0,30.833211524166426
3020579.0,3.1288584234837673
3020580.0,603.6785804345
3020581.0,476.56587993065745
3020582.0,3.141763629842506
3020583.0,14.813300114474602
3020584.0,483.8194011657628
3020585.0,84.65099540046259
3020586.0,1588.03914618
3020587.0,40.20111393509029
3020588.0,14.420533652395541
3020589.0,6.252394391886319
3020590.0,0.11767543546437233
3020591.0,1.1778857121780142
3020592.0,1976.7321864527203
3020593.0,0.03926606587580529
3020594.0,218.67804199050914
3020595.0,10.081918090300018
3020596.0,973.5205475347655
3020597.0,417.42169245064645
3020598.0,215.04481165139316
3020599.0,61.92299104737502
3020600.0,36.76659942851836
3020601.0,3023.7059403125013
3020602.0,11.321676976178981
3020603.0,0.7324655725209616
3020604.0,12.575384437509042
3020605.0,22.17665115062017
3020606.0,0.1607057987755531
3020607.0,182.41398995417944
3020608.0,8.867837861581087
3020609.0,4.634373658337388
3020610.0,8.631329207943772
3020611.0,29.639164037092765
3020612.0,1.648898601230966
3020613.0,124.95662802624102
3020614.0,199.89005425692187
3020615.0,1.7322199923331634
3020616.0,6.291089119234586
3020617.0,140.36272466226177
3020618.0,29.27085578803984
3020619.0,333.0488893023785
3020620.0,5.278313957751363
3020621.0,2.996803060474429
3020622.0,5.215325630899535
3020623.0,0.026869542262715686
3020624.0,3.499535583819081
3020625.0,1626.8759611542632
3020626.0,0.028204559412983644
3020627.0,144.85756212397467
3020628.0,7.25502515712248
3020629.0,839.0993765077033
3020630.0,258.62161679983035
3020631.0,148.7023808674621
3020632.0,56.08003060675006
3020633.0,30.595888799634924
3020634.0,2431.392803197342
3020635.0,15.58766266750344
3020636.0,0.279437930745322
3020637.0,15.817396940158059
3020638.0,9.935108803069902
3020639.0,0.10034344629365267
3020640.0,130.18595872432348
3020641.0,1.5380624229476136
3020642.0,3.133361761228426
3020643.0,2.4017618758264234
3020644.0,25.410653809649432
3020645.0,1.1016607485703507
3020646.0,115.78315199732562
3020647.0,147.74068469230923
3020648.0,0.47440634154969763
3020649.0,6.062361801591625
3020650.0,97.29188652006744
3020651.0,22.105549527169767
3020652.0,185.0439730908578
3020653.0,19.868849715418776
3020654.0,1.8931644907869432
3020655.0,3.4093484510414913
3020656.0,0.02421966182808526
3020657.0,3.5127980443563565
3020658.0,1558.3574495542296
3020659.0,0.0250621374514433
3020660.0,162.8658918584395
3020661.0,9.044228148142157
3020662.0,991.5440826311699
3020663.0,297.3539080108033
3020664.0,204.01441269991003
3020665.0,46.44596624254956
3020666.0,37.538607731480084
3020667.0,2340.5907031155584
3020668.0,5.434912527766189
3020669.0,0.31903153058285316
3020670.0,13.978367403426617
3020671.0,15.560933170733271
3020672.0,0.13749284608443604
3020673.0,159.31851252216524
3020674.0,0.8120668377481363
3020675.0,4.200674502107552
3020676.0,3.1120863447994433
3020677.0,11.938237338873591
3020678.0,1.713811114709304
3020679.0,126.75430419645707
3020680.0,192.15680531193584
3020681.0,0.9771178008023764
3020682.0,5.553260115862914
3020683.0,53.7830725271357
3020684.0,42.29123881657835
3020685.0,356.47269343913933
3020686.0,7.961465785020074
3020687.0,4.055384969141029
3020688.0,4.560046405760826
3020689.0,0.9129408586762618
3020690.0,4.602400956629804
3020691.0,1546.0198747218615
3020692.0,0.027247201475404402
3020693.0,161.24352055437947
3020694.0,2.478866969128413
3020695.0,749.9137755828026
3020696.0,260.09994778850233
3020697.0,230.99244468190312
3020698.0,77.5859019241619
3020699.0,54.871215090301845
3020700.0,2321.5901198973306
3020701.0,9.477301490683836
3020702.0,1.059672959309193
3020703.0,14.414038830858546
3020704.0,15.123806612238639
3020705.0,0.19344770917439336
3020706.0,188.3017974880749
3020707.0,10.143243627878519
3020708.0,3.3705158065546135
3020709.0,3.46698627185741
3020710.0,17.791045381956636
3020711.0,1.9702595580541373
3020712.0,92.30076168334516
3020713.0,166.11740062084607
3020714.0,0.827095031135472
3020715.0,5.449990395625502
3020716.0,91.78036297646997
3020717.0,36.08350768395849
3020718.0,467.4890355795051
3020719.0,15.365870031910257
3020720.0,4.962364004822142
3020721.0,4.5451452670137265
3020722.0,0.24828448881214224
3020723.0,2.2180992298432747
3020724.0,1743.251067999835
3020725.0,0.025611751311657417
3020726.0,220.12537830433928
3020727.0,5.6558608842982565
3020728.0,1084.737329585966
3020729.0,352.22329161672974
3020730.0,232.3886541411046
3020731.0,184.65058630886384
3020732.0,37.72314772202101
3020733.0,2818.978583194585
3020734.0,7.376247178785856
3020735.0,0.3653045958986446
3020736.0,11.246843515737941
3020737.0,17.81508091986136
3020738.0,0.21078885235920497
3020739.0,225.75027352484727
3020740.0,0.058118754317026684
3020741.0,3.052988852006414
3020742.0,2.060694530026175
3020743.0,30.166302971513954
3020744.0,1.403170694502408
3020745.0,61.610183043259
3020746.0,203.65327542846137
3020747.0,1.1120408560388513
3020748.0,3.833635520276776
3020749.0,80.16396182655559
3020750.0,44.86986529783594
3020751.0,621.3228155290215
3020752.0,3.0018465691194502
3020753.0,0.6365993237642975
3020754.0,10.30134492273829
3020755.0,0.4749896887441323
3020756.0,4.534013192908161
3020757.0,4008.9353923991703
3020758.0,0.03567457795702039
3020759.0,455.09607659148134
3020760.0,7.331187416916736
3020761.0,1471.5373996750338
3020762.0,898.7866686044842
3020763.0,646.0606444698562
3020764.0,223.64639227330227
3020765.0,127.40270431514959
3020766.0,5391.250944195177
3020767.0,20.984121494734488
3020768.0,1.2307484355858604
3020769.0,29.048874878645535
3020770.0,29.18505870117395
3020771.0,0.16626125646755952
3020772.0,409.48414521126404
3020773.0,0.4198537159975404
3020774.0,3.3436952456831057
3020775.0,9.456061715530781
3020776.0,41.85604574400574
3020777.0,4.473845900314078
3020778.0,295.55989936331054
3020779.0,367.6556899719854
3020780.0,3.2307018118974904
3020781.0,10.378550551137021
3020782.0,468.9809371087605
3020783.0,67.8117730422848
3020784.0,1748.4233582876257
3020785.0,47.29654602171111
3020786.0,21.551331902617388
3020787.0,4.523966251045686
3020788.0,0.1432488807104037
3020789.0,6.040833856106488
3020790.0,2739.5238329553476
3020791.0,0.030985707044336768
3020792.0,765.889333230462
3020793.0,7.960077835839142
3020794.0,769.1537690197026
3020795.0,659.1452786381096
3020796.0,237.29501979431808
3020797.0,173.27308941140836
3020798.0,39.814648640845064
3020799.0,3283.132279257614
3020800.0,19.823155969115255
3020801.0,0.9268977207089211
3020802.0,15.578465658506921
3020803.0,17.224248311928307
3020804.0,0.13360639580648684
3020805.0,258.57689581989143
3020806.0,12.19717332971208
3020807.0,4.06082162131962
3020808.0,8.291405861056965
3020809.0,47.02184538547295
3020810.0,2.660156870978092
3020811.0,57.12014902228091
3020812.0,236.07754183201405
3020813.0,5.951273927622053
3020814.0,9.283776397459373
3020815.0,181.07187599336925
3020816.0,32.51159827212908
3020817.0,1814.863315842273
3020818.0,49.42204398108029
3020819.0,16.801294076767824
3020820.0,8.083963620585184
3020821.0,0.5945189831243946
3020822.0,3.947593694535828
3020823.0,2519.022227622892
3020824.0,0.04111267152417304
3020825.0,196.56821101465852
3020826.0,6.496296630709857
3020827.0,895.6844604564383
3020828.0,338.3540520110507
3020829.0,296.3173649430362
3020830.0,74.58362252128919
3020831.0,44.46255506297707
3020832.0,3355.7498988489433
3020833.0,21.77694654442069
3020834.0,1.4167141327688089
3020835.0,14.270380361023278
3020836.0,17.881746204561427
3020837.0,0.16370222196504836
3020838.0,194.70513425413736
3020839.0,9.175676314531906
3020840.0,3.4706653229435873
3020841.0,4.420972532177185
3020842.0,28.645650680518298
3020843.0,2.522692895229074
3020844.0,136.2772376702697
3020845.0,206.14703910495638
3020846.0,1.4463867559428536
3020847.0,6.639776811557169
3020848.0,97.7714118247583
3020849.0,28.28028568101865
3020850.0,510.58245643829093
3020851.0,12.372296664726981
3020852.0,4.905597262041295
3020853.0,9.397538743249486
3020854.0,0.1384498051074169
3020855.0,9.804870662430712
3020856.0,3708.979629397728
3020857.0,0.19906928716976718
3020858.0,753.5189724243564
3020859.0,10.495838333208791
3020860.0,1047.0964470041563
3020861.0,998.0633882405995
3020862.0,247.89542827503482
3020863.0,228.3038913848372
3020864.0,126.97023849009565
3020865.0,4425.682978236151
3020866.0,43.05472340441858
3020867.0,1.6355849302735601
3020868.0,18.517171307191262
3020869.0,29.574088825585058
3020870.0,0.1634013300290969
3020871.0,337.2948542952707
3020872.0,33.12304812182063
3020873.0,18.609475789723987
3020874.0,5.951209184896566
3020875.0,80.88704191503615
3020876.0,10.448177379630794
3020877.0,425.9486026352709
3020878.0,334.15617800682287
3020879.0,10.623024996863363
3020880.0,10.913923847368615
3020881.0,552.955419802647
3020882.0,114.11606836763656
3020883.0,2757.367529514806
3020884.0,4.332197198591211
3020885.0,43.09411210919666
3020886.0,11.015145832366343
3020887.0,0.1268493109898679
3020888.0,9.71193766402823
3020889.0,5385.764028043775
3020890.0,0.04837607647750203
3020891.0,869.6642778653024
3020892.0,11.69394599297734
3020893.0,2339.204502179261
3020894.0,1120.268138372674
3020895.0,905.5890093540668
3020896.0,153.15578116144547
3020897.0,105.85669082963565
3020898.0,8475.134461542879
3020899.0,24.30531552265502
3020900.0,1.1866816678604981
3020901.0,30.27841222407981
3020902.0,29.978210173788856
3020903.0,0.1341811464885363
3020904.0,500.10043830905147
3020905.0,2.0728045078617585
3020906.0,8.231785943607377
3020907.0,6.449525778468196
3020908.0,54.499079577663
3020909.0,1.2357432561906339
3020910.0,436.32379967640196
3020911.0,586.1701073708168
3020912.0,6.833982000442218
3020913.0,8.496322464136023
3020914.0,451.7362556169011
3020915.0,115.60576603246582
3020916.0,1582.2965169180538
3020917.0,60.81983667083466
3020918.0,23.80341319985626
3020919.0,14.545021316198174
3020920.0,0.2849267729216284
3020921.0,6.893775545085434
3020922.0,4421.6634449136745
3020923.0,0.044170900316821124
3020924.0,710.2896634268859
3020925.0,7.276296609684639
3020926.0,2274.1148721511254
3020927.0,955.0459125373116
3020928.0,460.8774426071087
3020929.0,333.10361007741955
3020930.0,88.10133148224337
3020931.0,6201.593405869776
3020932.0,30.25755234095917
3020933.0,1.039518689719531
3020934.0,43.99645937967785
3020935.0,45.73663715316848
3020936.0,0.2965489767151488
3020937.0,461.4702032744826
3020938.0,5.581216481157228
3020939.0,4.236189189026302
3020940.0,13.811178294374798
3020941.0,62.74021310618735
3020942.0,2.1030499848717876
3020943.0,167.33192350747203
3020944.0,440.62205925975354
3020945.0,4.300523084347268
3020946.0,7.84688280135739
3020947.0,235.34369279612756
3020948.0,191.90559219377064
3020949.0,1816.07304750399
3020950.0,2.7625317194664767
3020951.0,8.88483244484727
3020952.0,4.557452743440521
3020953.0,0.19450981056499098
3020954.0,3.0454919028117238
3020955.0,1809.2517029412415
3020956.0,0.029679636237179653
3020957.0,161.5421370514839
3020958.0,8.917512539754519
3020959.0,752.9699429260065
3020960.0,327.34030756949755
3020961.0,167.5002670755361
3020962.0,37.898505405569324
3020963.0,48.69202036051121
3020964.0,2526.196541880109
3020965.0,10.750343776584888
3020966.0,0.8959292214312848
3020967.0,23.434040638822037
3020968.0,19.71651430401169
3020969.0,0.10437291111679245
3020970.0,201.80447598061727
3020971.0,0.3364229889323611
3020972.0,3.489374867379403
3020973.0,4.285203574408849
3020974.0,39.33897221811553
3020975.0,2.4501751790522093
3020976.0,105.07694583367423
3020977.0,188.3505792083783
3020978.0,1.0490455813869517
3020979.0,7.255273525485828
3020980.0,164.40997414058637
3020981.0,31.12527379937722
3020982.0,502.11009728205556
3020983.0,30.257081757046898
3020984.0,1.6125899248247426
3020985.0,2.383272197034299
3020986.0,0.04018740921312272
3020987.0,3.1974156776979235
3020988.0,1737.4924396080096
3020989.0,0.21437252925219502
3020990.0,250.9458255640364
3020991.0,11.344686914226575
3020992.0,590.7899675736887
3020993.0,552.871643462206
3020994.0,128.56257933218737
3020995.0,49.82073050829331
3020996.0,70.09908931658214
3020997.0,2233.5443355535417
3020998.0,17.875815519793015
3020999.0,0.4818979126039975
3021000.0,12.47376521815859
3021001.0,12.179884635369106
3021002.0,0.25534551418165347
3021003.0,147.83254495794097
3021004.0,13.556054743313002
3021005.0,2.588364521090833
3021006.0,4.024636644913656
3021007.0,43.61452241710814
3021008.0,5.8325003339549255
3021009.0,786.6696050596989
3021010.0,199.34676394750323
3021011.0,3.4763292618179573
3021012.0,6.604922285103022
3021013.0,268.28449959471436
3021014.0,31.27395698326186
3021015.0,1180.8083492249698
3021016.0,2.9151859735128354
3021017.0,7.314176755971998
3021018.0,3.6428062610113097
3021019.0,0.13701750172674823
3021020.0,7.088770242849905
3021021.0,3842.3682389900105
3021022.0,0.12250403235986229
3021023.0,784.8426599629275
3021024.0,13.247184410939784
3021025.0,1095.2379130309982
3021026.0,1269.397301370462
3021027.0,264.0752800141098
3021028.0,226.73021258853126
3021029.0,143.60853075960404
3021030.0,4049.7551004508723
3021031.0,35.87225997107947
3021032.0,0.8310886592171927
3021033.0,23.22419056075369
3021034.0,30.46246628123005
3021035.0,0.1324250811017036
3021036.0,288.1399994393554
3021037.0,12.750967128970519
3021038.0,36.492727696740474
3021039.0,10.081302672419502
3021040.0,61.766097226386165
3021041.0,12.118376543769703
3021042.0,378.7977441674655
3021043.0,333.1383945439558
3021044.0,18.45822445492951
3021045.0,9.640553619072302
3021046.0,538.5327791363666
3021047.0,116.4128521069376
3021048.0,3347.230779281984
3021049.0,10.528181115652842
3021050.0,21.08714108028769
3021051.0,3.836047465783857
3021052.0,0.11927433879449764
3021053.0,4.940856491741409
3021054.0,2297.6897587321855
3021055.0,0.10799353950654556
3021056.0,430.2594763258718
3021057.0,5.848911849679213
3021058.0,499.0734144998304
3021059.0,591.8812303194338
3021060.0,129.758175633243
3021061.0,44.1069211564993
3021062.0,41.463536417475794
3021063.0,2075.8643372464403
3021064.0,13.484348811696226
3021065.0,1.0534505382721262
3021066.0,8.097631514626023
3021067.0,18.910280048996334
3021068.0,0.10902555283041168
3021069.0,117.02488393910437
3021070.0,0.0982484063422447
3021071.0,17.165292736414315
3021072.0,4.018164912838323
3021073.0,126.85686065247647
3021074.0,6.108167021772051
3021075.0,63.24457624993438
3021076.0,126.02873154073676
3021077.0,6.442064576244298
3021078.0,7.156891709401107
3021079.0,57.6822873722258
3021080.0,21.18141261836788
3021081.0,326.16826311566103
3021082.0,2.2824227839489915
3021083.0,4.477081806924112
3021084.0,5.620413543473256
3021085.0,0.032283183306776146
3021086.0,0.7422136461735304
3021087.0,1394.042084745366
3021088.0,0.19048727096973983
3021089.0,292.66673304207336
3021090.0,6.2049001429657675
3021091.0,454.825283042939
3021092.0,356.77388008445644
3021093.0,130.09567726047675
3021094.0,51.36036480613043
3021095.0,41.993330667425326
3021096.0,1945.5843061859432
3021097.0,9.928985090917433
3021098.0,0.5562249446819161
3021099.0,15.042197455543294
3021100.0,12.310269150959083
3021101.0,0.3491389641135372
3021102.0,116.1651133495492
3021103.0,0.270781871401953
3021104.0,8.66144479845878
3021105.0,1.2794932604860179
3021106.0,27.616293262080525
3021107.0,0.2735339796680176
3021108.0,328.1179316510247
3021109.0,157.44370949272783
3021110.0,2.922825919507398
3021111.0,1.704157823735177
3021112.0,199.8221174465345
3021113.0,28.56981493635133
3021114.0,606.4506746269881
3021115.0,1.6206224264862799
3021116.0,2.09975262921196
3021117.0,9.606455839852535
3021118.0,0.2863943200566882
3021119.0,3.9135149011775137
3021120.0,4564.432015136343
3021121.0,0.1452995694060215
3021122.0,909.9104939954799
3021123.0,17.70738232153007
3021124.0,1212.8897494284636
3021125.0,1492.3630573105497
3021126.0,389.51173366934205
3021127.0,324.819173972647
3021128.0,161.99037736066862
3021129.0,5738.422840210231
3021130.0,46.2035419228939
3021131.0,2.5248304164521294
3021132.0,27.91417063506589
3021133.0,36.8745929033221
3021134.0,0.2197427754932304
3021135.0,343.3768261339743
3021136.0,10.060188829862627
3021137.0,48.82177205547502
3021138.0,11.03500240932945
3021139.0,195.26988502391922
3021140.0,4.5048540687465435
3021141.0,346.7190132484681
3021142.0,389.76847418770876
3021143.0,15.064264088185423
3021144.0,12.610982395650586
3021145.0,512.126799793705
3021146.0,115.14388714256955
3021147.0,3342.2466638038104
3021148.0,2.1943207163368887
3021149.0,23.269069733380675
3021150.0,9.895963659600978
3021151.0,0.12131208638232002
3021152.0,4.918005746307242
3021153.0,5111.042160806877
3021154.0,0.044337187818605774
3021155.0,996.8454387082882
3021156.0,15.753554961531373
3021157.0,1670.652090176875
3021158.0,1434.5711996266564
3021159.0,492.07467256543384
3021160.0,377.3364300381571
3021161.0,90.80557789781133
3021162.0,6749.560336612114
3021163.0,19.359276748797935
3021164.0,0.768792993470524
3021165.0,38.56702240858486
3021166.0,27.920352702994094
3021167.0,1.1908191109290611
3021168.0,422.91976653303163
3021169.0,0.15301853056092762
3021170.0,6.73763648991789
3021171.0,8.458806193727865
3021172.0,54.63904746311424
3021173.0,1.3011371407258319
3021174.0,232.29583393269385
3021175.0,439.46586045388125
3021176.0,7.209766877752698
3021177.0,7.400351280874089
3021178.0,327.96124080238144
3021179.0,92.86336862628241
3021180.0,1923.0377833862944
3021181.0,3.1175982051731204
3021182.0,5.104698246848288
3021183.0,9.138741871138091
3021184.0,0.3659328311573765
3021185.0,3.5014371354422904
3021186.0,4160.550603165576
3021187.0,0.044055800761895816
3021188.0,957.1680328779153
3021189.0,14.070241674826338
3021190.0,1456.3814084318306
3021191.0,1110.4971969349258
3021192.0,391.5236279575628
3021193.0,281.27382795059793
3021194.0,97.13795053329554
3021195.0,5581.668134396496
3021196.0,29.066410591685592
3021197.0,1.4489313975319646
3021198.0,28.51894436794093
3021199.0,32.30133958188412
3021200.0,0.13190649557555112
3021201.0,366.61794568745813
3021202.0,0.13102443783026155
3021203.0,8.98730362095748
3021204.0,7.545048771763236
3021205.0,106.33897431306366
3021206.0,1.5304966481335331
3021207.0,137.2000709284352
3021208.0,361.44275730673036
3021209.0,6.721806388392604
3021210.0,5.841450279340936
3021211.0,261.5231301853113
3021212.0,86.87857926343825
3021213.0,1500.8934546107057
3021214.0,2.2076183520757438
3021215.0,9.537243245721221
3021216.0,14.723630922601693
3021217.0,0.9431837141158633
3021218.0,22.785538913095394
3021219.0,10044.140835803966
3021220.0,0.1418315407637188
3021221.0,1438.700658111714
3021222.0,28.331950694437726
3021223.0,2464.2824932502153
3021224.0,2569.4534668738415
3021225.0,428.7850457384808
3021226.0,622.0862532805529
3021227.0,401.58947093324423
3021228.0,9753.18373090792
3021229.0,102.98036327519151
3021230.0,3.60699856993634
3021231.0,57.64051772192731
3021232.0,64.48307617573607
3021233.0,0.27909654655748006
3021234.0,747.5493913546676
3021235.0,61.05516527341241
3021236.0,64.66509830702216
3021237.0,27.544454723046382
3021238.0,224.33764580065412
3021239.0,31.968346727596384
3021240.0,837.771742501175
3021241.0,772.4245536620103
3021242.0,25.84972642745799
3021243.0,32.95091180791141
3021244.0,1299.478217669934
3021245.0,290.4886180333988
3021246.0,9373.934921381622
3021247.0,2.2396350089727717
3021248.0,103.18633500619529
3021249.0,3.328789209095326
3021250.0,0.14865863265529478
3021251.0,0.9783779042364973
3021252.0,1636.634434298001
3021253.0,0.027022998143674506
3021254.0,218.79315949979096
3021255.0,4.447397894640123
3021256.0,606.5912741614072
3021257.0,321.5035462320244
3021258.0,131.16096809699079
3021259.0,150.8067851131074
3021260.0,47.92619902329622
3021261.0,1934.4534137328403
3021262.0,7.566798733216623
3021263.0,0.21630085204596738
3021264.0,14.156989197145132
3021265.0,11.198426199334701
3021266.0,0.1371134070259052
3021267.0,135.8118840832072
3021268.0,0.3911799243714279
3021269.0,3.114335250268431
3021270.0,3.213574303834957
3021271.0,31.574677431263098
3021272.0,0.834165988428809
3021273.0,58.78635610848595
3021274.0,106.71009681523229
3021275.0,1.9070897836311114
3021276.0,4.768771849347928
3021277.0,126.58556078219694
3021278.0,21.71256232376441
3021279.0,606.6442494344649
3021280.0,1.528954228048674
3021281.0,4.203595196397137
3021282.0,10.153280870636138
3021283.0,0.16864104733116508
3021284.0,3.305504506162994
3021285.0,4486.235441458957
3021286.0,0.04680867535760338
3021287.0,788.8099362131185
3021288.0,9.510185337956452
3021289.0,1643.6857555628303
3021290.0,983.8127821017579
3021291.0,337.64961533028907
3021292.0,354.8633248744561
3021293.0,67.69438045375759
3021294.0,5913.606513841311
3021295.0,22.539269485477966
3021296.0,0.4213974911130885
3021297.0,30.33878415351967
3021298.0,25.662825035325447
3021299.0,0.1320308954562996
3021300.0,407.7714692744928
3021301.0,1.5549398818604951
3021302.0,6.171754022519422
3021303.0,11.1242544268433
3021304.0,20.126228169897956
3021305.0,1.9558784126649758
3021306.0,443.41554575649457
3021307.0,402.19769427239106
3021308.0,4.7882571397734806
3021309.0,9.262625715865902
3021310.0,156.5126127243447
3021311.0,91.18004740022181
3021312.0,1524.9945635331255
3021313.0,2.4006507590273563
3021314.0,5.480780603986279
3021315.0,1.7657101669249549
3021316.0,0.0396726602376603
3021317.0,0.9415637608062646
3021318.0,1200.9402654840621
3021319.0,0.02459777426599844
3021320.0,177.73036836050642
3021321.0,3.7395036092454754
3021322.0,510.534084282053
3021323.0,224.1578939349327
3021324.0,109.0352493890476
3021325.0,143.03252159130352
3021326.0,24.00152807371842
3021327.0,1945.4646842216516
3021328.0,2.3024344181883944
3021329.0,0.34357192361957267
3021330.0,13.176176026912795
3021331.0,4.111748749204015
3021332.0,0.19691093032111076
3021333.0,114.32908836839653
3021334.0,0.05706130831406648
3021335.0,2.8261855265493283
3021336.0,0.8789116683328682
3021337.0,33.48683816575475
3021338.0,0.25263161128214595
3021339.0,80.74046195958552
3021340.0,97.51734478628063
3021341.0,0.5836603936579796
3021342.0,1.3637750744296975
3021343.0,62.085359876288976
3021344.0,12.780085327106852
3021345.0,221.88482790996542
3021346.0,2.736699593300957
3021347.0,1.5694845402764805
3021348.0,9.665152319231678
3021349.0,0.1574138650358819
3021350.0,2.4713287564989237
3021351.0,2689.125475559593
3021352.0,0.027478987182689298
3021353.0,332.5330957914616
3021354.0,7.669234750729696
3021355.0,1250.8405306292443
3021356.0,548.5058570306489
3021357.0,198.14959197310895
3021358.0,159.9780648132193
3021359.0,49.332353324675466
3021360.0,3604.5429608414443
3021361.0,5.840951991841184
3021362.0,0.4905431947285931
3021363.0,27.65526896888925
3021364.0,28.166618664829954
3021365.0,0.22186501638798514
3021366.0,291.070733604722
3021367.0,0.06141207497707362
3021368.0,3.463705705972724
3021369.0,17.658981890796134
3021370.0,30.847269115689418
3021371.0,1.5754258617812542
3021372.0,320.7331912631022
3021373.0,295.55584631290026
3021374.0,2.083391211536154
3021375.0,6.3090409705715444
3021376.0,241.05044761415434
3021377.0,29.518859506493193
3021378.0,1329.338988031053
3021379.0,3.1940500631854345
3021380.0,0.9400118833947104
3021381.0,3.5248681196261513
3021382.0,0.31546577818346344
3021383.0,1.8018258076100957
3021384.0,2753.2102444443844
3021385.0,0.045806280249245594
3021386.0,748.8326914307645
3021387.0,8.046481335845492
3021388.0,923.0243557014549
3021389.0,715.6492549724135
3021390.0,249.99738075604228
3021391.0,132.01103324468346
3021392.0,69.4592384551461
3021393.0,4366.843547333156
3021394.0,9.535846148826222
3021395.0,3.919650294748456
3021396.0,30.918768819088715
3021397.0,37.44221632853356
3021398.0,0.14774708469487857
3021399.0,205.57006790799193
3021400.0,2.6081024286867933
3021401.0,5.147045898225559
3021402.0,4.068368545065685
3021403.0,35.83097438249152
3021404.0,2.2158428323366812
3021405.0,167.75314198025845
3021406.0,247.06735435953453
3021407.0,3.412748863176022
3021408.0,7.128202402812379
3021409.0,147.60572544053736
3021410.0,28.622618259543078
3021411.0,623.8971441683623
3021412.0,3.2396656854439723
3021413.0,3.1838151718868013
3021414.0,5.343293658675241
3021415.0,0.09502325863558116
3021416.0,0.7053591829469424
3021417.0,1683.170354705906
3021418.0,0.02459777426599844
3021419.0,151.82039779177893
3021420.0,3.2129289705142035
3021421.0,648.2120691235101
3021422.0,233.50483171411196
3021423.0,111.2319355981981
3021424.0,193.0052256788034
3021425.0,44.167227894945114
3021426.0,2401.99646750145
3021427.0,10.263965144960412
3021428.0,0.6006292933181404
3021429.0,12.7837595522861
3021430.0,11.282592222902188
3021431.0,0.10701200488418636
3021432.0,126.30576885890012
3021433.0,0.05706130831406648
3021434.0,3.127384009062756
3021435.0,0.8924071148283836
3021436.0,65.0874999877679
3021437.0,0.7144421823531228
3021438.0,213.66913317263098
3021439.0,112.15622265777947
3021440.0,1.076963634139833
3021441.0,1.2513122967750143
3021442.0,72.48647936726056
3021443.0,23.779661606133466
3021444.0,426.4227152467954
3021445.0,1.739430997902997
3021446.0,0.7437947085658959
3021447.0,5.343564598867207
3021448.0,0.09789408273292102
3021449.0,1.0345464778234377
3021450.0,3819.9579489699254
3021451.0,0.027269087328331245
3021452.0,630.0754660072166
3021453.0,8.361227704949094
3021454.0,1049.7084918527696
3021455.0,767.3324850206927
3021456.0,259.07974415397445
3021457.0,130.5910470245222
3021458.0,92.24166939878944
3021459.0,4450.690234005946
3021460.0,8.401526918782384
3021461.0,0.40482202778098814
3021462.0,21.257857197874234
3021463.0,13.762105859419341
3021464.0,0.11882621819818066
3021465.0,267.25688431709455
3021466.0,0.06526842068680747
3021467.0,25.5942125160782
3021468.0,3.7736205702623895
3021469.0,50.45639349012027
3021470.0,1.0144697863010543
3021471.0,208.0904230122195
3021472.0,271.60259111390167
3021473.0,3.1436250045714145
3021474.0,5.1843933379020335
3021475.0,141.1953649315947
3021476.0,46.24609340875637
3021477.0,1262.05602122853
3021478.0,1.7091006932948147
3021479.0,1.082322153930378
3021480.0,4.345115110730386
3021481.0,0.19235023949362268
3021482.0,8.244347731826018
3021483.0,2392.1230109395856
3021484.0,0.12832562519273555
3021485.0,453.23148749195775
3021486.0,8.112755767025762
3021487.0,807.213940344413
3021488.0,746.673282414094
3021489.0,142.5537571226659
3021490.0,119.56897742380062
3021491.0,96.47537500346172
3021492.0,2915.2343249460455
3021493.0,52.4992305625554
3021494.0,1.4583615524957367
3021495.0,21.234716077292333
3021496.0,21.75017136182433
3021497.0,0.17295946420375632
3021498.0,226.25490594914106
3021499.0,25.388684682408332
3021500.0,19.130953060174658
3021501.0,2.280639386147393
3021502.0,70.8960405098097
3021503.0,8.976930037355437
3021504.0,184.54509173828853
3021505.0,270.1435725979184
3021506.0,11.806872960860957
3021507.0,12.252642015866002
3021508.0,224.7515229104666
3021509.0,59.75545512282497
3021510.0,1942.988940606572
3021511.0,6.214557773866559
3021512.0,10.98401247918337
3021513.0,9.84854070598654
3021514.0,0.06211966936583342
3021515.0,9.803099519507661
3021516.0,2797.627702518474
3021517.0,0.12677731428335992
3021518.0,557.6207778279722
3021519.0,16.116517883025132
3021520.0,1300.7048272048683
3021521.0,848.8898316853575
3021522.0,159.05405097566063
3021523.0,118.46663377678546
3021524.0,112.95753209339972
3021525.0,4513.799575840021
3021526.0,30.44938467969816
3021527.0,1.739566701637641
3021528.0,41.40772859702825
3021529.0,57.8699520222414
3021530.0,0.14608247824708837
3021531.0,414.12279329373575
3021532.0,31.464843213073213
3021533.0,19.894048301934653
3021534.0,11.391015417811754
3021535.0,87.90389295250964
3021536.0,15.271647944613358
3021537.0,152.70505231552818
3021538.0,443.96008105357214
3021539.0,9.43906453196946
3021540.0,13.945544206858614
3021541.0,149.44571680736703
3021542.0,88.31051159823929
3021543.0,2131.4357109335556
3021544.0,2.5082585242807696
3021545.0,19.195897537047287
3021546.0,9.93820771060348
3021547.0,0.32855038162731676
3021548.0,5.391602588532209
3021549.0,4233.205563897787
3021550.0,0.053457519306467194
3021551.0,835.5335100118182
3021552.0,8.81107081054522
3021553.0,2102.916653238262
3021554.0,747.880143552365
3021555.0,212.98588520781942
3021556.0,361.77809018229016
3021557.0,70.68673267669169
3021558.0,5838.496633840645
3021559.0,43.174897245301864
3021560.0,1.927886500228021
3021561.0,22.387402389994303
3021562.0,20.662594923459267
3021563.0,0.1799327306281978
3021564.0,393.50338098130686
3021565.0,7.633407778369286
3021566.0,15.22522126917506
3021567.0,9.240708155710742
3021568.0,54.78742092084715
3021569.0,4.013676499490395
3021570.0,167.73406648758063
3021571.0,402.91348320490556
3021572.0,9.920069406878115
3021573.0,13.283851383867738
3021574.0,279.00386794380927
3021575.0,60.762420930030586
3021576.0,1926.0704184206802
3021577.0,14.602066191944981
3021578.0,19.702439730542864
3021579.0,4.822582164915119
3021580.0,0.29178477296205696
3021581.0,7.273184365067808
3021582.0,3487.375221270481
3021583.0,0.13023027763659897
3021584.0,447.36211524925943
3021585.0,9.630238023986404
3021586.0,982.9821855592411
3021587.0,967.7939961154996
3021588.0,244.80144906473197
3021589.0,193.80536487441682
3021590.0,117.78693527151947
3021591.0,4188.676430411919
3021592.0,31.586524634751466
3021593.0,1.6738775309716607
3021594.0,20.745412712304997
3021595.0,15.356855042784868
3021596.0,0.24056268621634452
3021597.0,320.3642892499049
3021598.0,24.003615110600002
3021599.0,24.411940941045827
3021600.0,2.1723991101568165
3021601.0,87.00816782994244
3021602.0,8.798783508215278
3021603.0,351.057871527662
3021604.0,363.13247712834493
3021605.0,8.977051681339464
3021606.0,12.809383102505326
3021607.0,469.03957497443344
3021608.0,49.192232789287175
3021609.0,2883.3823302336314
3021610.0,3.6125666386800073
3021611.0,33.85236280143383
3021612.0,4.435601596481803
3021613.0,0.15284666177591344
3021614.0,2.810072276019076
3021615.0,4787.162438187763
3021616.0,0.03195511753954189
3021617.0,517.8577418698471
3021618.0,7.761169744912558
3021619.0,2211.573604813274
3021620.0,732.8153494847566
3021621.0,302.4929582092577
3021622.0,161.56937598406608
3021623.0,59.48522943802482
3021624.0,5987.515194772364
3021625.0,13.587950932534072
3021626.0,1.7337280605723726
3021627.0,37.86267701960165
3021628.0,27.314281513231812
3021629.0,0.20173235525452543
3021630.0,431.4416603081842
3021631.0,0.08716636436021385
3021632.0,2.1774387362341834
3021633.0,8.350640831453372
3021634.0,26.565839066147703
3021635.0,1.8101723105249734
3021636.0,146.94665800376828
3021637.0,369.5687414817394
3021638.0,3.9809792477454176
3021639.0,10.093499735333761
3021640.0,177.70888829853175
3021641.0,59.57220577249484
3021642.0,1057.2284053976541
3021643.0,4.465310640257307
3021644.0,5.731459317994945
3021645.0,10.43289178181032
3021646.0,0.12407081002406274
3021647.0,10.930182935160529
3021648.0,3943.660785592777
3021649.0,0.12799927686602786
3021650.0,737.0216000113865
3021651.0,12.799549016180478
3021652.0,1645.4802668912776
3021653.0,1045.2700335958311
3021654.0,328.4774796846847
3021655.0,191.8013933999594
3021656.0,153.69358283004368
3021657.0,5411.348594813222
3021658.0,54.42604117622525
3021659.0,1.5521349958679118
3021660.0,34.63542130135501
3021661.0,41.7735642365173
3021662.0,0.1419174483863196
3021663.0,396.8457036057602
3021664.0,35.510623253051335
3021665.0,22.40541950662856
3021666.0,11.0466640728696
3021667.0,70.84449987032008
3021668.0,17.645132759571723
3021669.0,260.3569819461474
3021670.0,473.26758239973196
3021671.0,16.519906078553653
3021672.0,12.566169457040303
3021673.0,246.481535912403
3021674.0,75.05928616069068
3021675.0,2659.5093699865256
3021676.0,1.5826136210276756
3021677.0,9.683850948139735
3021678.0,4.8517755288470426
3021679.0,0.1772074458051619
3021680.0,6.600167985702566
3021681.0,3247.4451093674575
3021682.0,0.11784792040890958
3021683.0,553.436277654186
3021684.0,8.654444443003085
3021685.0,891.4177483774931
3021686.0,929.3074830248574
3021687.0,205.28893899461664
3021688.0,160.2364744889513
3021689.0,117.61907931138467
3021690.0,3611.698469809013
3021691.0,37.482916008858155
3021692.0,1.12540977640146
3021693.0,25.593944817630273
3021694.0,20.140158712472967
3021695.0,0.11970559612462238
3021696.0,276.85382071324125
3021697.0,25.288306869821994
3021698.0,37.02146027925668
3021699.0,5.307024846260241
3021700.0,60.367111821710644
3021701.0,13.57820492462311
3021702.0,243.28028626409957
3021703.0,340.9392550471772
3021704.0,11.532605167442366
3021705.0,12.314339329584726
3021706.0,253.46754217653887
3021707.0,59.54186297570256
3021708.0,2545.8317937268216
3021709.0,6.331269698753665
3021710.0,22.431801901311317
3021711.0,6.758312725194444
3021712.0,0.11268230277508792
3021713.0,4.465845498616664
3021714.0,5668.74100905512
3021715.0,0.025611751311657417
3021716.0,734.6092042728435
3021717.0,19.468270526166055
3021718.0,1427.273757088822
3021719.0,853.8712588384908
3021720.0,353.5634510177009
3021721.0,216.8031970916794
3021722.0,64.56581221699831
3021723.0,5849.986270572759
3021724.0,13.123097335380807
3021725.0,0.3021956650849329
3021726.0,18.84677076308373
3021727.0,25.21400176505785
3021728.0,0.09841046766358676
3021729.0,320.42217035513704
3021730.0,0.05695741582792904
3021731.0,9.523869577424184
3021732.0,1.4248601281195168
3021733.0,86.26465625264439
3021734.0,3.51857051209029
3021735.0,223.57378846082526
3021736.0,363.794007900318
3021737.0,3.5035683717037815
3021738.0,2.0429414512280473
3021739.0,277.3192848990341
3021740.0,133.87822982047828
3021741.0,1461.0174084514258
3021742.0,2.541255236527289
3021743.0,0.7936091542193072
3021744.0,21.01099888994429
3021745.0,0.056206351366170346
3021746.0,25.073779252947105
3021747.0,10489.77344055061
3021748.0,0.13494453347007823
3021749.0,2131.6145576163503
3021750.0,24.268606335465453
3021751.0,3194.111198325584
3021752.0,3263.502925753168
3021753.0,828.3036627793155
3021754.0,820.4297411570953
3021755.0,548.3959090380096
3021756.0,10489.77344055061
3021757.0,102.4464230898862
3021758.0,5.513796599650125
3021759.0,145.71255728182174
3021760.0,132.1820931206724
3021761.0,0.30319452164011207
3021762.0,1097.617494508441
3021763.0,48.897403669471586
3021764.0,24.91412329925373
3021765.0,48.001758292000915
3021766.0,346.1954444602877
3021767.0,36.655546679375675
3021768.0,1013.4643759056094
3021769.0,941.4623323009608
3021770.0,56.67962830096693
3021771.0,54.191600840844565
3021772.0,1406.9422330040527
3021773.0,326.7307441625716
3021774.0,9892.500299848514
3021775.0,369.6686089888809
3021776.0,121.25850312174987
3021777.0,21.27542262632781
3021778.0,0.05466053284359783
3021779.0,22.99821891956884
3021780.0,10489.77344055061
3021781.0,0.1332666180161674
3021782.0,1620.4665863406103
3021783.0,23.614152297066603
3021784.0,3395.2077166477548
3021785.0,2926.6977257599683
3021786.0,982.750089435501
3021787.0,494.07341773337566
3021788.0,408.0038516750675
3021789.0,10489.77344055061
3021790.0,139.93218541438577
3021791.0,2.480579228992041
3021792.0,76.82419246257376
3021793.0,101.31393249971367
3021794.0,0.7499193354939332
3021795.0,997.3636085096941
3021796.0,42.26168367014205
3021797.0,44.29182042485848
3021798.0,10.971524062968559
3021799.0,225.0216228602585
3021800.0,25.90722268176202
3021801.0,1318.3760387159507
3021802.0,1092.3314381652922
3021803.0,33.42199205530484
3021804.0,41.87047358686319
3021805.0,1512.99385542015
3021806.0,317.9005570681509
3021807.0,8685.882943848786
3021808.0,374.8890322237845
3021809.0,126.85066121824433
3021810.0,16.891615371366036
3021811.0,0.056206351366170346
3021812.0,29.07025887431856
3021813.0,9780.738977758967
3021814.0,0.20814981257172038
3021815.0,1265.8532466538627
3021816.0,15.609309659184467
3021817.0,3461.5340809847203
3021818.0,2189.353028615048
3021819.0,1163.5868863806909
3021820.0,237.25811189454208
3021821.0,333.46516532597786
3021822.0,10473.64941711311
3021823.0,66.15454797404088
3021824.0,2.7250771049336375
3021825.0,53.45706183386325
3021826.0,37.60349967478162
3021827.0,0.4738701627110975
3021828.0,964.7435393818794
3021829.0,47.85913639357334
3021830.0,31.944471442831748
3021831.0,13.54953130146758
3021832.0,128.14713918247344
3021833.0,10.526021140393635
3021834.0,1127.7314050870339
3021835.0,1091.9734917853725
3021836.0,33.98736431013535
3021837.0,66.87480291208092
3021838.0,1088.7122125705896
3021839.0,153.76600995432258
3021840.0,3976.153380115434
3021841.0,279.06993474489
3021842.0,69.28380457192254
3021843.0,18.71735751946531
3021844.0,0.056206351366170346
3021845.0,27.132867123054112
3021846.0,10440.01025695686
3021847.0,0.1485382742313583
3021848.0,1538.8324237235686
3021849.0,18.415315521105363
3021850.0,3162.9968315483557
3021851.0,2746.5573918292343
3021852.0,930.8504683077631
3021853.0,445.84214879043964
3021854.0,349.85910831291875
3021855.0,10489.04883117561
3021856.0,68.04799680482218
3021857.0,2.353949304920426
3021858.0,87.4944893357133
3021859.0,107.41889696388176
3021860.0,1.1385140906052247
3021861.0,924.7578513587418
3021862.0,49.73873417432254
3021863.0,37.20635641782334
3021864.0,39.9031156300361
3021865.0,199.89436329985264
3021866.0,17.15281098257235
3021867.0,1091.6345590891165
3021868.0,1070.3207299770324
3021869.0,34.57493878437538
3021870.0,46.58689013634718
3021871.0,1558.775357893885
3021872.0,261.98757423236043
3021873.0,7048.054634199214
3021874.0,490.38684728685473
3021875.0,95.02358189732422
3021876.0,18.942793447676742
3021877.0,0.05352189243101378
3021878.0,30.71714535455174
3021879.0,7907.597424914631
3021880.0,0.13205480633664055
3021881.0,1179.6248269366133
3021882.0,20.22532368716447
3021883.0,3266.981517119052
3021884.0,1802.245159673946
3021885.0,969.108903833291
3021886.0,194.9162019910757
3021887.0,266.9118597861286
3021888.0,10323.216999229562
3021889.0,69.72604292707038
3021890.0,0.5810681554111571
3021891.0,43.343335760223574
3021892.0,53.79404280521125
3021893.0,0.2593824237447549
3021894.0,956.6301037255403
3021895.0,39.881554598786636
3021896.0,21.68309150222105
3021897.0,19.750907827813535
3021898.0,125.09354422264455
3021899.0,9.915904932196643
3021900.0,1160.866557490288
3021901.0,1130.6996704542632
3021902.0,28.08194518229236
3021903.0,39.67766706773006
3021904.0,1187.8272485455263
3021905.0,140.01084375722337
3021906.0,3211.205843344609
3021907.0,447.145334647081
3021908.0,34.69133405719646
3021909.0,12.899181232440354
3021910.0,0.05466053284359783
3021911.0,16.086519683577464
3021912.0,9552.60121137667
3021913.0,0.13829820722375602
3021914.0,1347.9607538777736
3021915.0,22.86876984399209
3021916.0,2225.0267468830816
3021917.0,2565.2521362177004
3021918.0,607.428925398439
3021919.0,583.9365214746413
3021920.0,375.37037796597076
3021921.0,9414.839654040035
3021922.0,69.87200993501739
3021923.0,1.772063279245354
3021924.0,59.08731295646349
3021925.0,54.58585860382766
3021926.0,0.6677791330705818
3021927.0,714.8468131791601
3021928.0,27.181164773082656
3021929.0,23.63787751882701
3021930.0,16.169883395003456
3021931.0,243.82453369135436
3021932.0,25.044171088742864
3021933.0,879.363717868998
3021934.0,746.2970630551935
3021935.0,25.534681510783876
3021936.0,41.66567337428215
3021937.0,1172.2061250130073
3021938.0,238.31179019537893
3021939.0,8954.006041335439
3021940.0,235.71731757773372
3021941.0,76.52700028705402
3021942.0,7.952956954734162
3021943.0,0.43270679978259674
3021944.0,8.027917652114285
3021945.0,2444.919830988073
3021946.0,0.13051874834921534
3021947.0,394.63008338785573
3021948.0,21.00089077284925
3021949.0,1042.2033383814496
3021950.0,683.9067100930665
3021951.0,245.85357418408893
3021952.0,103.27929176125413
3021953.0,89.39486029528226
3021954.0,3308.3862160067943
3021955.0,59.82103359444446
3021956.0,1.4196219505148322
3021957.0,28.4135354966107
3021958.0,26.81919063642094
3021959.0,0.24080237024966517
3021960.0,271.94842717208155
3021961.0,19.067349474415256
3021962.0,10.232152294296462
3021963.0,13.99105619626191
3021964.0,63.4789998439595
3021965.0,7.943905727529248
3021966.0,252.16615451181423
3021967.0,324.28154093816795
3021968.0,4.763985936550213
3021969.0,9.806458739338176
3021970.0,251.873848068252
3021971.0,55.80708201971768
3021972.0,1679.8848931085658
3021973.0,1.801508928761265
3021974.0,10.790914077338474
3021975.0,11.691576855563897
3021976.0,0.05573207907033771
3021977.0,19.113940619027623
3021978.0,6139.835362598356
3021979.0,0.14183973288814616
3021980.0,709.0416929486936
3021981.0,39.154538011936665
3021982.0,2395.6528136609586
3021983.0,1434.7061412446994
3021984.0,650.819223936051
3021985.0,149.20910498397558
3021986.0,165.90538714074103
3021987.0,8916.369687566668
3021988.0,139.84310801476232
3021989.0,1.5487727633408765
3021990.0,58.96759876792244
3021991.0,36.42335067369498
3021992.0,0.19646661831497308
3021993.0,537.6246444894105
3021994.0,32.36408210769383
3021995.0,10.977326849179818
3021996.0,4.355200736301539
3021997.0,109.91103957704146
3021998.0,11.921457681635772
3021999.0,559.705653848198
3022000.0,744.0604603380989
3022001.0,17.46517258938692
3022002.0,34.49554710094791
3022003.0,493.4373602260762
3022004.0,84.24989641906805
3022005.0,2628.5645877759202
3022006.0,507.4426704039154
3022007.0,21.406847353881343
3022008.0,9.935424002216319
3022009.0,0.05624264500690311
3022010.0,9.708012137514377
3022011.0,6004.894808878031
3022012.0,0.13581178850214076
3022013.0,1128.4237227624744
3022014.0,9.261101960406387
3022015.0,1649.9353319769616
3022016.0,1982.0411868007395
3022017.0,309.64665076847814
3022018.0,408.1689897602381
3022019.0,259.06122317510017
3022020.0,6434.314705865705
3022021.0,55.47648867506646
3022022.0,1.7721022505482822
3022023.0,39.947619446071386
3022024.0,49.80959454173209
3022025.0,0.42698878079414293
3022026.0,404.8557885569802
3022027.0,3.819813409813901
3022028.0,47.24697482070803
3022029.0,6.4447022438082415
3022030.0,136.17983299635318
3022031.0,14.061365683351195
3022032.0,664.494479837952
3022033.0,387.0491429681829
3022034.0,24.892594728883388
3022035.0,14.537420891086995
3022036.0,803.5145070688487
3022037.0,135.95312824971813
3022038.0,5937.83733239683
3022039.0,3.9578046439730032
3022040.0,55.64039019693871
3022041.0,17.511478983650363
3022042.0,0.024420294509468067
3022043.0,11.28685561799067
3022044.0,5703.369240143165
3022045.0,0.025679199904402185
3022046.0,1090.6395051354639
3022047.0,12.862093264084923
3022048.0,1919.942392678788
3022049.0,1465.5105888309345
3022050.0,469.1502858108894
3022051.0,269.6061566764431
3022052.0,310.7827013546298
3022053.0,7753.1880777287
3022054.0,74.73012250188864
3022055.0,3.14795002600866
3022056.0,60.80193952518968
3022057.0,62.67326430140129
3022058.0,0.22673560761886188
3022059.0,480.3292264648111
3022060.0,11.385174418160329
3022061.0,52.61254593637955
3022062.0,9.411720492516901
3022063.0,191.48780819043077
3022064.0,12.761753073633653
3022065.0,519.9571588634105
3022066.0,515.4114186053732
3022067.0,16.453265373000043
3022068.0,35.34319386796307
3022069.0,584.1821695015371
3022070.0,141.3734754292968
3022071.0,4591.264202326967
3022072.0,3.902416717638835
3022073.0,11.81233193766879
3022074.0,12.433523845979192
3022075.0,0.1366766036518995
3022076.0,4.96477255149024
3022077.0,3338.6121212349444
3022078.0,0.1370417887731516
3022079.0,680.113907316653
3022080.0,9.833481913303967
3022081.0,1327.703354031603
3022082.0,773.3883656820929
3022083.0,300.38792417476736
3022084.0,133.12301821898146
3022085.0,126.97567800310276
3022086.0,4102.265301872565
3022087.0,22.799502611877966
3022088.0,1.6984103786753728
3022089.0,31.607410392701365
3022090.0,29.710258758579837
3022091.0,0.1570627231571457
3022092.0,307.3896466647079
3022093.0,6.058400543329732
3022094.0,14.608896132297733
3022095.0,8.274097917298137
3022096.0,91.45881845617838
3022097.0,4.49083553843571
3022098.0,328.65245850930364
3022099.0,348.80506767102725
3022100.0,6.451192015976334
3022101.0,8.135677386286183
3022102.0,260.30208200100526
3022103.0,78.67044238035771
3022104.0,2657.7611453240015
3022105.0,1.4688901042815203
3022106.0,3.8963241236234785
3022107.0,8.620792935889618
3022108.0,0.024420294509468067
3022109.0,1.4061554348560552
3022110.0,5562.552202542787
3022111.0,0.024420294509468067
3022112.0,377.10915518752785
3022113.0,4.424244286810408
3022114.0,1392.0596237140053
3022115.0,345.6886593344922
3022116.0,293.4771952385462
3022117.0,89.86920056787439
3022118.0,45.27666463172359
3022119.0,4120.817384127277
3022120.0,10.039425333136087
3022121.0,0.8739069594407414
3022122.0,23.157910871941603
3022123.0,13.525726284612883
3022124.0,0.13768144217660194
3022125.0,331.9409623023985
3022126.0,0.05683809823260839
3022127.0,3.0569432422083453
3022128.0,3.7901508529843504
3022129.0,22.946492367144565
3022130.0,0.9961606244773474
3022131.0,69.7240185818008
3022132.0,282.7356829569843
3022133.0,0.17286853655365644
3022134.0,2.1857656174454134
3022135.0,76.88321229452828
3022136.0,92.87557894126073
3022137.0,764.7636574992266
3022138.0,2.799770261718077
3022139.0,2.2116793728589847
3022140.0,8.643854266858817
3022141.0,0.13590493271010273
3022142.0,10.203086637477016
3022143.0,4672.620809373744
3022144.0,0.19319669808111514
3022145.0,656.1324817220116
3022146.0,12.170530151697264
3022147.0,1503.4645331268707
3022148.0,1281.3376809522892
3022149.0,414.84355291621944
3022150.0,241.55460457367104
3022151.0,187.8431518992362
3022152.0,5970.367613398013
3022153.0,42.92130033239469
3022154.0,1.415472744651136
3022155.0,37.89617702752798
3022156.0,53.764227400792116
3022157.0,0.14234976704381447
3022158.0,435.3722034137089
3022159.0,35.86173057964257
3022160.0,22.164239874346997
3022161.0,16.402559213913577
3022162.0,112.73705798926939
3022163.0,11.087144597489225
3022164.0,551.514441329906
3022165.0,470.3844599008587
3022166.0,13.046477867075449
3022167.0,21.98395098481683
3022168.0,676.4354462068518
3022169.0,122.63209165802073
3022170.0,3176.938913775136
3022171.0,4.936845798605187
3022172.0,46.50452174838225
3022173.0,5.928322074065607
3022174.0,0.12564680188288757
3022175.0,6.5555662071497425
3022176.0,3852.2639392904184
3022177.0,0.1850184501885783
3022178.0,625.489487082176
3022179.0,14.361767276254245
3022180.0,893.4113588826874
3022181.0,1165.7712142330097
3022182.0,174.42632702061303
3022183.0,255.45404792063292
3022184.0,208.5632131264423
3022185.0,3552.2660596679716
3022186.0,32.54627032186674
3022187.0,3.245378810086055
3022188.0,27.080450071536493
3022189.0,24.136996844958816
3022190.0,0.9479979299608651
3022191.0,236.57171678494745
3022192.0,17.943051366655535
3022193.0,34.538960021746604
3022194.0,9.839790731390405
3022195.0,188.80415915352012
3022196.0,13.527464078324336
3022197.0,421.66765202874853
3022198.0,251.02376286771272
3022199.0,9.75124676935308
3022200.0,13.587179241713855
3022201.0,551.4808340010983
3022202.0,130.83991114192773
3022203.0,4218.723381965237
3022204.0,2.2357997023098823
3022205.0,36.122729552045186
3022206.0,6.453488501369251
3022207.0,0.45077041693731834
3022208.0,14.488656294229001
3022209.0,5747.6810136152635
3022210.0,0.13308360940496516
3022211.0,900.3435029325774
3022212.0,21.042752388619732
3022213.0,1434.1629641441436
3022214.0,1635.8966123777382
3022215.0,366.73433880962887
3022216.0,403.33346983314846
3022217.0,179.82240704102105
3022218.0,5679.875331922771
3022219.0,42.429140511734026
3022220.0,3.3749558376215734
3022221.0,44.58373740596264
3022222.0,46.928217751910836
3022223.0,0.15321544215566937
3022224.0,422.5677842077684
3022225.0,32.236816765575284
3022226.0,35.843950310049365
3022227.0,24.092095475595542
3022228.0,124.36324173424872
3022229.0,21.471156527472044
3022230.0,461.66174694077733
3022231.0,430.70535510708714
3022232.0,26.89784404733323
3022233.0,23.62613610708263
3022234.0,715.8461010324198
3022235.0,174.82386186009654
3022236.0,5469.784956628957
3022237.0,2.1610518342829774
3022238.0,41.53924617466855
3022239.0,15.797475039816318
3022240.0,0.4948835742820665
3022241.0,10.539725564492265
3022242.0,4476.549138523535
3022243.0,0.05042982682240814
3022244.0,691.5650733757477
3022245.0,17.93856015722899
3022246.0,1938.3891683041302
3022247.0,1004.4194815714235
3022248.0,673.0838990605563
3022249.0,267.87339564293234
3022250.0,133.17888332379727
3022251.0,8083.675741246906
3022252.0,16.01899680275186
3022253.0,1.3525403933889195
3022254.0,48.12950821875429
3022255.0,58.28770058302182
3022256.0,0.13883791934603731
3022257.0,489.3553775763089
3022258.0,14.739507188659
3022259.0,5.752795603547556
3022260.0,8.907618063781687
3022261.0,60.94978809222867
3022262.0,3.858202565625517
3022263.0,421.57767198618467
3022264.0,570.200257173843
3022265.0,10.318729389704812
3022266.0,10.594880868524712
3022267.0,540.4935410886192
3022268.0,127.90377210513947
3022269.0,1814.9888578280174
3022270.0,98.62705297443821
3022271.0,20.159213750132366
3022272.0,4.204806964170781
3022273.0,0.045011283501572616
3022274.0,3.9937412122466167
3022275.0,2175.615593802373
3022276.0,0.12461234799530566
3022277.0,316.29252887182946
3022278.0,9.42001125874466
3022279.0,651.7046868397656
3022280.0,665.1186729580828
3022281.0,142.4232908046
3022282.0,135.01264495549268
3022283.0,122.65559859401662
3022284.0,2576.6333663338123
3022285.0,15.917207249015036
3022286.0,1.255445149614056
3022287.0,16.85281880189287
3022288.0,20.073334057311563
3022289.0,0.2374864067229378
3022290.0,182.49140426851454
3022291.0,11.984863137294163
3022292.0,13.32405656649584
3022293.0,4.338925251462751
3022294.0,56.66739838894336
3022295.0,5.721306456438656
3022296.0,241.56411137757854
3022297.0,163.79772204704813
3022298.0,3.9373074412055895
3022299.0,5.958763062955488
3022300.0,321.9105845444551
3022301.0,59.197956619051695
3022302.0,2346.7279555896416
3022303.0,2.918785018812208
3022304.0,27.758470355917034
3022305.0,1.2126095561504995
3022306.0,0.0382988064334388
3022307.0,1.4372730321931892
3022308.0,1249.1917081101456
3022309.0,0.023085268910236288
3022310.0,111.19746931060016
3022311.0,2.991379902145042
3022312.0,842.7229845650752
3022313.0,292.8325882072845
3022314.0,239.96819488118132
3022315.0,57.57986089733248
3022316.0,29.675274367666177
3022317.0,2635.718691246868
3022318.0,3.5006422500366665
3022319.0,0.2668217988294632
3022320.0,8.373649914400797
3022321.0,5.831900518073901
3022322.0,0.11393553406616815
3022323.0,170.60678221221008
3022324.0,2.442840140238843
3022325.0,2.8124539473614356
3022326.0,1.2167676434213992
3022327.0,7.187227829597349
3022328.0,0.3388363397381302
3022329.0,172.266609091393
3022330.0,181.37731384682897
3022331.0,0.5814088684644119
3022332.0,3.1388649685578116
3022333.0,121.09463305212243
3022334.0,25.912228678020462
3022335.0,247.77389922749387
3022336.0,17.796097107307347
3022337.0,0.7951405749330858
3022338.0,5.772828334087806
3022339.0,0.15756516467161324
3022340.0,4.15580274165265
3022341.0,3910.4117990183468
3022342.0,0.040626191391159736
3022343.0,642.1089050019395
3022344.0,9.884648420250315
3022345.0,1878.701074537441
3022346.0,619.2928983636882
3022347.0,527.0327332866792
3022348.0,312.6972481337115
3022349.0,61.05819301421657
3022350.0,6675.8630815217
3022351.0,19.610373613297583
3022352.0,0.6481862818461547
3022353.0,14.51302531425538
3022354.0,19.419685331416943
3022355.0,0.15544171360512998
3022356.0,514.1934528325588
3022357.0,8.034306397366425
3022358.0,2.0774924941692188
3022359.0,7.395823127925281
3022360.0,29.09114272878371
3022361.0,1.905334777402638
3022362.0,599.0411640081968
3022363.0,384.2372804660881
3022364.0,1.868870005489738
3022365.0,13.268260682737946
3022366.0,295.68423850731926
3022367.0,83.68212500827326
3022368.0,1402.3577825615716
3022369.0,40.39940523013706
3022370.0,8.399580116858877
3022371.0,4.479902275260483
3022372.0,0.11068544057766326
3022373.0,0.9087318156249637
3022374.0,1605.545916098381
3022375.0,0.032912146931998155
3022376.0,166.73867205609503
3022377.0,7.393779191566576
3022378.0,970.956579970604
3022379.0,349.2311031174149
3022380.0,188.38935043851018
3022381.0,65.19658360989985
3022382.0,30.15931407149439
3022383.0,2852.3246012327745
3022384.0,6.0330712199671055
3022385.0,0.5208779599135411
3022386.0,11.771883026988508
3022387.0,16.00983395876954
3022388.0,0.14933343858089654
3022389.0,176.11082965940278
3022390.0,5.166435541230191
3022391.0,4.437045324894303
3022392.0,7.2235680537463685
3022393.0,21.07793435046959
3022394.0,1.1154599489508101
3022395.0,121.24413408138685
3022396.0,179.60176276012402
3022397.0,1.2494361387041246
3022398.0,5.4797606079903804
3022399.0,133.9011456149953
3022400.0,25.34295188891233
3022401.0,303.0034806790717
3022402.0,6.208618151248125
3022403.0,2.2453982496272555
3022404.0,4.12415029003782
3022405.0,0.023085268910236288
3022406.0,3.889422969025511
3022407.0,1855.6510769409015
3022408.0,0.023085268910236288
3022409.0,128.99058738750392
3022410.0,5.02427082969364
3022411.0,893.049331487809
3022412.0,267.0749527721065
3022413.0,154.27812251434557
3022414.0,69.73651235992513
3022415.0,26.540130359198454
3022416.0,2813.3808097384835
3022417.0,11.30886208243577
3022418.0,0.24739987267247304
3022419.0,12.005643259820399
3022420.0,8.820164040445706
3022421.0,0.09179063563354889
3022422.0,143.02662701720206
3022423.0,1.2144253372073408
3022424.0,3.0058519935822914
3022425.0,1.7460950647550204
3022426.0,27.134509627379295
3022427.0,0.6898481126632928
3022428.0,166.8465088798822
3022429.0,215.42138604958757
3022430.0,0.4561660349456955
3022431.0,4.098202149895472
3022432.0,81.64920716543061
3022433.0,18.853327485227464
3022434.0,176.01254309192902
3022435.0,18.574533788552973
3022436.0,1.4270157526938392
3022437.0,3.057485318652396
3022438.0,0.02288514698285841
3022439.0,1.7009772964103234
3022440.0,1254.4966393277698
3022441.0,0.02288514698285841
3022442.0,145.1014432489383
3022443.0,6.247695519019536
3022444.0,1088.8132120055493
3022445.0,352.1069931046573
3022446.0,195.24484541998987
3022447.0,44.95631368111322
3022448.0,27.984280647216845
3022449.0,2686.3993772155827
3022450.0,4.137696074582157
3022451.0,0.2845672596645424
3022452.0,8.16761024298762
3022453.0,19.98494276799852
3022454.0,0.11358126367762847
3022455.0,210.59863740221095
3022456.0,0.9077086272240972
3022457.0,4.072919563257576
3022458.0,2.2725288071557816
3022459.0,7.265669792106913
3022460.0,1.3138477465371248
3022461.0,137.03839796896483
3022462.0,244.98829786916764
3022463.0,0.7780921011548939
3022464.0,4.288895052146584
3022465.0,50.21123355814401
3022466.0,53.80229509836489
3022467.0,349.32907308117933
3022468.0,14.415311177950969
3022469.0,3.083688288726453
3022470.0,4.359181155411713
3022471.0,0.7391734991368163
3022472.0,2.8848660875299554
3022473.0,1702.4505542919192
3022474.0,0.0269722404977822
3022475.0,165.63619743080417
3022476.0,2.009448819704165
3022477.0,1053.9814337058249
3022478.0,353.5105937984979
3022479.0,255.60993821030524
3022480.0,119.95741201280175
3022481.0,59.19477150156298
3022482.0,2730.531508361868
3022483.0,6.0634115021750254
3022484.0,0.8283218939337803
3022485.0,12.02345509737434
3022486.0,15.368130259752007
3022487.0,0.16201994827545058
3022488.0,231.82117697019567
3022489.0,7.041963445821722
3022490.0,3.2904859289485406
3022491.0,2.9288214630866376
3022492.0,18.310391387167954
3022493.0,1.4576135095282499
3022494.0,133.2640711133385
3022495.0,219.41495626789623
3022496.0,0.7213065197070417
3022497.0,4.3013011102366905
3022498.0,105.96753962198179
3022499.0,36.8915243812359
3022500.0,632.1018898171119
3022501.0,14.9924098901534
3022502.0,3.6015307488751804
3022503.0,3.6808963931806016
3022504.0,0.1568468742696119
3022505.0,0.937496548298725
3022506.0,1235.0836176933367
3022507.0,0.023085268910236288
3022508.0,156.620821696826
3022509.0,4.598846965496005
3022510.0,710.7008937329481
3022511.0,235.8662673123698
3022512.0,149.03357959181957
3022513.0,267.75551819509406
3022514.0,23.89564460714341
3022515.0,2010.2997387360233
3022516.0,4.301429478059818
3022517.0,0.2743447957348002
3022518.0,9.56187464845668
3022519.0,12.510833356543632
3022520.0,0.15277176535524617
3022521.0,148.4899783777176
3022522.0,0.04898982537422485
3022523.0,3.0218669887259666
3022524.0,1.669099074401374
3022525.0,18.46370117919307
3022526.0,1.0022183405724485
3022527.0,56.710095228092605
3022528.0,139.96366193776967
3022529.0,0.7961879724508688
3022530.0,2.620191186015273
3022531.0,64.63281695375625
3022532.0,36.39339130422995
3022533.0,519.991648507166
3022534.0,3.0108777743476987
3022535.0,0.44997758824090434
3022536.0,6.256810801421642
3022537.0,0.33432686392160293
3022538.0,3.50168882683035
3022539.0,2826.165054932151
3022540.0,0.026414710436905003
3022541.0,303.15164394806345
3022542.0,4.384444760624644
3022543.0,1189.7363701599597
3022544.0,682.5581205452618
3022545.0,497.78989220497044
3022546.0,290.1674383848375
3022547.0,90.5799921122404
3022548.0,4485.545695695275
3022549.0,13.11845969665914
3022550.0,0.7866317550908405
3022551.0,19.388449044662895
3022552.0,20.151293951495095
3022553.0,0.12718810881828654
3022554.0,299.3568665391958
3022555.0,0.3427039113485254
3022556.0,3.1809423184426002
3022557.0,5.496339103879172
3022558.0,32.07555290092721
3022559.0,3.120404443337418
3022560.0,246.99542221890502
3022561.0,284.6292661088686
3022562.0,2.0596345804019482
3022563.0,7.170740788299812
3022564.0,377.2646179762023
3022565.0,50.657688897143544
3022566.0,1252.7519566608148
3022567.0,55.94894634006844
3022568.0,9.50207519186673
3022569.0,3.166376510370636
3022570.0,0.10506976281616456
3022571.0,3.1029575096122284
3022572.0,1704.8171017522532
3022573.0,0.022828176838620217
3022574.0,449.57008201666
3022575.0,4.788563739843491
3022576.0,579.7877947417462
3022577.0,464.6336246825004
3022578.0,170.33973782485168
3022579.0,185.62721922155302
3022580.0,28.04087152299566
3022581.0,2410.9356553638913
3022582.0,6.969499253540292
3022583.0,0.6203186647611745
3022584.0,9.558228470496676
3022585.0,12.890107918451081
3022586.0,0.10250075023823224
3022587.0,153.20140574716896
3022588.0,8.211546632682268
3022589.0,3.088217735066997
3022590.0,3.9715295675462317
3022591.0,39.709041966324946
3022592.0,1.661265916982897
3022593.0,37.62676124437586
3022594.0,159.82209754967212
3022595.0,3.4595042784816172
3022596.0,5.32399286557791
3022597.0,57.30463103073951
3022598.0,23.712338083321093
3022599.0,1296.78264023286
3022600.0,37.6056187732172
3022601.0,8.664190215632717
3022602.0,5.039908257473282
3022603.0,0.4241317547541686
3022604.0,2.833975895435436
3022605.0,2453.246438014681
3022606.0,0.030902085930024553
3022607.0,170.58455455549185
3022608.0,4.816866296281438
3022609.0,930.4950460026057
3022610.0,320.55934858223327
3022611.0,279.63031582145857
3022612.0,103.41671135566666
3022613.0,42.233828707313734
3022614.0,3379.1595975177925
3022615.0,16.16042039652253
3022616.0,0.987927909354674
3022617.0,12.217282404989312
3022618.0,13.45384679406056
3022619.0,0.1236030758058056
3022620.0,176.03457460283803
3022621.0,5.737697807164508
3022622.0,3.2410663466889895
3022623.0,2.7237522353750196
3022624.0,24.12233591240588
3022625.0,1.6007688806030549
3022626.0,147.71331255102388
3022627.0,176.63528162904157
3022628.0,0.9312836886959734
3022629.0,4.776282127152406
3022630.0,102.00861773287687
3022631.0,23.672363617591106
3022632.0,508.60234277442265
3022633.0,3.955802313760015
3022634.0,3.3743466488920673
3022635.0,5.614746477881535
3022636.0,0.13119508918188022
3022637.0,6.470490994887735
3022638.0,2707.0961156101484
3022639.0,0.19703212450192725
3022640.0,585.4275227665039
3022641.0,8.876727874281482
3022642.0,813.5657655051423
3022643.0,745.8262007952021
3022644.0,209.20185884535476
3022645.0,160.48460877146823
3022646.0,76.37589629433782
3022647.0,3550.914234457301
3022648.0,32.62699455349602
3022649.0,1.1673567154228996
3022650.0,16.283364028405778
3022651.0,20.640288272051812
3022652.0,0.14578733172893693
3022653.0,238.47903017838013
3022654.0,16.19450341858782
3022655.0,11.258872328092737
3022656.0,4.4449259465727256
3022657.0,44.174118825419946
3022658.0,7.793905858579525
3022659.0,358.0337566766483
3022660.0,251.12772946519195
3022661.0,7.84669548015945
3022662.0,7.166641021016026
3022663.0,404.35203635865594
3022664.0,110.51780978994766
3022665.0,2053.0247162333035
3022666.0,4.128759036960778
3022667.0,27.360490724493822
3022668.0,5.20010175305751
3022669.0,0.10371218493762449
3022670.0,4.29913124300806
3022671.0,3204.646925674756
3022672.0,0.03206723378949293
3022673.0,447.8897728151279
3022674.0,5.524849627934534
3022675.0,1531.0132012722033
3022676.0,668.7993131997293
3022677.0,548.0212663909999
3022678.0,168.19850995026886
3022679.0,61.97320996946762
3022680.0,5175.755771462276
3022681.0,10.41490981715508
3022682.0,0.9449794964339174
3022683.0,16.413427038631745
3022684.0,12.34515289646782
3022685.0,0.10637414260202026
3022686.0,301.58416462745106
3022687.0,1.0287302552311424
3022688.0,5.498468633352139
3022689.0,3.8623801744469124
3022690.0,33.92856005471798
3022691.0,0.9499838755412917
3022692.0,258.0959085297828
3022693.0,345.0442386718178
3022694.0,3.6976919950720966
3022695.0,4.752160855004078
3022696.0,280.1263485957849
3022697.0,54.56419308140674
3022698.0,902.1520457960025
3022699.0,55.08958240428605
3022700.0,13.427012978866555
3022701.0,7.073034857511619
3022702.0,0.21107652339860541
3022703.0,3.562779562332294
3022704.0,3492.8554057023603
3022705.0,0.033654808710870183
3022706.0,430.3060823725748
3022707.0,4.865249933206647
3022708.0,1496.1587041936968
3022709.0,553.0804701313093
3022710.0,308.8837577547638
3022711.0,336.873913604743
3022712.0,67.8152458136131
3022713.0,4173.826163548879
3022714.0,12.887036277013443
3022715.0,0.5751953322970751
3022716.0,29.07500918603474
3022717.0,27.80792504222304
3022718.0,0.17164339992942976
3022719.0,319.92208996158297
3022720.0,2.7769254576789106
3022721.0,2.334194714457025
3022722.0,6.543605630704993
3022723.0,50.404974905004124
3022724.0,1.319368441215465
3022725.0,101.45918176478125
3022726.0,290.1821119589958
3022727.0,2.7548325343366553
3022728.0,4.352997355122504
3022729.0,146.56491404055748
3022730.0,139.53013239800157
3022731.0,1154.3837474715624
3022732.0,2.633591409008834
3022733.0,4.9360115932975885
3022734.0,3.4369901047194724
3022735.0,0.14693530229329674
3022736.0,2.3021348857283637
3022737.0,1802.1504023241282
3022738.0,0.026115542611832767
3022739.0,176.90409054718518
3022740.0,6.322347579244047
3022741.0,687.0204593859144
3022742.0,318.2439463410942
3022743.0,157.31385468247223
3022744.0,59.37940650805163
3022745.0,49.45244330001904
3022746.0,2682.455036754275
3022747.0,5.972952960372622
3022748.0,0.6648738753262204
3022749.0,17.394872288465947
3022750.0,16.672481210816322
3022751.0,0.0947849606334541
3022752.0,157.1003833501117
3022753.0,0.2628955550993528
3022754.0,3.3653844400011206
3022755.0,3.9207103584318075
3022756.0,36.26242806069418
3022757.0,1.5787193441259744
3022758.0,96.92141636518342
3022759.0,158.94984511767655
3022760.0,0.9425823776177512
3022761.0,4.651069105288208
3022762.0,129.93215257676667
3022763.0,22.671240688137733
3022764.0,626.5822499496837
3022765.0,20.032999941815106
3022766.0,1.0591066032424106
3022767.0,1.4805985488607052
3022768.0,0.027120168548261537
3022769.0,1.802858832169541
3022770.0,1358.2896776366797
3022771.0,0.1436446643643619
3022772.0,260.60676825099983
3022773.0,7.865383897283452
3022774.0,511.85806875540953
3022775.0,454.760268656446
3022776.0,129.65104547403752
3022777.0,45.867831607189814
3022778.0,50.09770253707507
3022779.0,2089.8892985340826
3022780.0,17.5094527016199
3022781.0,0.37372568233790215
3022782.0,12.426959613935734
3022783.0,11.004848968029235
3022784.0,0.24180140111523588
3022785.0,122.17007053424715
3022786.0,10.434480639316376
3022787.0,1.8893080657842687
3022788.0,3.4502797404042362
3022789.0,37.085527445032255
3022790.0,4.201864449664625
3022791.0,379.16925123649537
3022792.0,141.4216849628083
3022793.0,2.463455002281645
3022794.0,4.510792370917045
3022795.0,285.57246561554575
3022796.0,29.981156566509892
3022797.0,1096.7804285139814
3022798.0,2.875624755131135
3022799.0,5.565745273163891
3022800.0,2.8735210743871744
3022801.0,0.13617089097639995
3022802.0,5.15722466853326
3022803.0,3274.4237293396636
3022804.0,0.123063531360491
3022805.0,690.4301267976941
3022806.0,14.599274071588031
3022807.0,980.1341501320363
3022808.0,1179.6935665441542
3022809.0,248.26101930341198
3022810.0,220.57697688107191
3022811.0,142.0000635855476
3022812.0,3994.224691105058
3022813.0,32.389696938562594
3022814.0,0.6866471544623349
3022815.0,17.097612269083086
3022816.0,25.188683911747457
3022817.0,0.13372035696663717
3022818.0,235.04118291862798
3022819.0,10.903001799443278
3022820.0,29.53238579277081
3022821.0,7.767454884723812
3022822.0,52.298982042217546
3022823.0,11.931640442429302
3022824.0,335.2011894806501
3022825.0,259.4757409884195
3022826.0,14.55517751973747
3022827.0,8.001539530093478
3022828.0,481.53718558476965
3022829.0,102.7085439253419
3022830.0,3239.4545559571534
3022831.0,10.07649096972472
3022832.0,19.00901153124449
3022833.0,2.5773559337035628
3022834.0,0.10785135969990875
3022835.0,2.6302383804347427
3022836.0,1780.5238826250759
3022837.0,0.10237250522898632
3022838.0,356.47145573562307
3022839.0,4.410226446656952
3022840.0,400.3335717675336
3022841.0,484.49152049063196
3022842.0,117.20606275931155
3022843.0,39.81254504077259
3022844.0,34.51376377951023
3022845.0,1731.1337393055517
3022846.0,10.740173342647422
3022847.0,0.8134235103441797
3022848.0,7.7587888382534045
3022849.0,16.937868407917392
3022850.0,0.09849630864177952
3022851.0,93.74380088348562
3022852.0,0.08817777215979901
3022853.0,12.495301172373425
3022854.0,3.2633732936361355
3022855.0,85.34872279440413
3022856.0,4.535564891867221
3022857.0,60.23394746015894
3022858.0,88.7853063005679
3022859.0,4.281821224565823
3022860.0,5.097683308007877
3022861.0,52.02254412752585
3022862.0,18.947086748000924
3022863.0,302.10755005344123
3022864.0,1.9837623631770502
3022865.0,3.285606235161326
3022866.0,2.9912060231367876
3022867.0,0.023085268910236288
3022868.0,0.624232014672852
3022869.0,933.9039363136803
3022870.0,0.17319732446958852
3022871.0,208.683117741876
3022872.0,3.399903495800592
3022873.0,360.0831742638592
3022874.0,244.83100733994195
3022875.0,86.14844857427013
3022876.0,31.452666852955424
3022877.0,23.8972976174545
3022878.0,1457.5707827426793
3022879.0,6.9140146551960155
3022880.0,0.45566161988215625
3022881.0,9.237172420616702
3022882.0,7.45790645711721
3022883.0,0.22570209602588512
3022884.0,85.67976130339056
3022885.0,0.18278554772755995
3022886.0,5.230096076070501
3022887.0,1.014443195962006
3022888.0,13.900963479873337
3022889.0,0.26306026443253017
3022890.0,247.37680239203848
3022891.0,141.94867057635727
3022892.0,1.9972400338549061
3022893.0,1.2396894076417646
3022894.0,124.8787449499035
3022895.0,20.157941859659317
3022896.0,439.25896589916323
3022897.0,1.445202092239131
3022898.0,1.522433917470021
3022899.0,5.052365912644593
3022900.0,0.20634897425191961
3022901.0,3.2218951866800127
3022902.0,3188.548859542311
3022903.0,0.1263783101447969
3022904.0,681.9967231446724
3022905.0,12.657032399091252
3022906.0,926.3863243671103
3022907.0,1061.1236677706574
3022908.0,276.2539908253936
3022909.0,243.90569000163094
3022910.0,94.50775097777104
3022911.0,4136.72572197722
3022912.0,27.242500613255118
3022913.0,1.7958719075490697
3022914.0,16.145161544200427
3022915.0,24.018508631557836
3022916.0,0.16800200821944453
3022917.0,247.43373768894156
3022918.0,4.810240599210797
3022919.0,32.952603199091854
3022920.0,6.963168335381097
3022921.0,79.26225557406835
3022922.0,3.095353078981331
3022923.0,297.27770321838375
3022924.0,272.4788487160031
3022925.0,9.212432501991664
3022926.0,7.982576556803145
3022927.0,409.9874829062272
3022928.0,74.90353363642595
3022929.0,2591.9782654055352
3022930.0,1.516308674067918
3022931.0,13.67822819390948
3022932.0,5.138637575004136
3022933.0,0.10041522736143843
3022934.0,2.3746059536821367
3022935.0,3189.78386442583
3022936.0,0.0291787874999808
3022937.0,647.7510307609805
3022938.0,12.235893430258109
3022939.0,1189.4863129377634
3022940.0,836.5032129981295
3022941.0,322.9911137827234
3022942.0,345.76042366722845
3022943.0,56.59941997996083
3022944.0,4352.7252241024435
3022945.0,12.631647188526399
3022946.0,0.5469208669524294
3022947.0,20.1678673171286
3022948.0,15.80845463799921
3022949.0,0.6650311715264697
3022950.0,263.1543540103231
3022951.0,0.105585834477424
3022952.0,4.281452533441245
3022953.0,4.433881765643673
3022954.0,33.17627763344164
3022955.0,0.9361198169685248
3022956.0,177.45289119627628
3022957.0,280.40145872966593
3022958.0,3.920544971557207
3022959.0,3.7827048659328324
3022960.0,193.41886778373964
3022961.0,76.41370559441519
3022962.0,1370.65245944684
3022963.0,1.9527060507540608
3022964.0,2.8959539995672903
3022965.0,5.312169063535905
3022966.0,0.30520195493039226
3022967.0,2.1507762561455723
3022968.0,2868.651403005345
3022969.0,0.03444380824985008
3022970.0,621.5354843381399
3022971.0,9.786149823509337
3022972.0,877.954675103251
3022973.0,719.5432175438503
3022974.0,247.44892069521848
3022975.0,393.64092873781647
3022976.0,53.21645131375331
3022977.0,3713.9911427533034
3022978.0,12.883876076822993
3022979.0,0.9189267156586598
3022980.0,23.966807943954198
3022981.0,17.96328197711876
3022982.0,0.10404194611933287
3022983.0,233.0922623804818
3022984.0,0.091962654136868
3022985.0,4.548192910083731
3022986.0,4.587811643907266
3022987.0,49.636481749475
3022988.0,1.0320988130356117
3022989.0,121.46984669906995
3022990.0,240.05407089681484
3022991.0,4.191592751424665
3022992.0,4.123282088656735
3022993.0,192.83336793230745
3022994.0,62.876212907963335
3022995.0,1044.7648943092163
3022996.0,1.4973125623397379
3022997.0,4.663853603014959
3022998.0,8.499210879215898
3022999.0,0.6509300337403309
3023000.0,13.466755069596424
3023001.0,7460.155930030896
3023002.0,0.13798362056617586
3023003.0,1091.4988474110846
3023004.0,24.070920698931303
3023005.0,1866.186575694323
3023006.0,1846.0604277373566
3023007.0,317.3433154748253
3023008.0,454.2212321417639
3023009.0,279.39110897431357
3023010.0,7023.602616511648
3023011.0,78.97591581697228
3023012.0,2.457702411243206
3023013.0,42.09979451491685
3023014.0,52.54119997966221
3023015.0,0.22779054393383363
3023016.0,506.90438364739043
3023017.0,35.92819591158987
3023018.0,43.321702098281825
3023019.0,19.49700691516917
3023020.0,145.1228812043294
3023021.0,25.540895837553077
3023022.0,623.1981342549354
3023023.0,498.8589609512658
3023024.0,17.99585877358981
3023025.0,22.218299806082207
3023026.0,1020.2813534629632
3023027.0,207.06798530094426
3023028.0,6503.375402724536
3023029.0,1.9707493586391476
3023030.0,78.46740994295325
3023031.0,2.2808439926117137
3023032.0,0.13491050322330478
3023033.0,0.8121692669333671
3023034.0,1572.6879831914734
3023035.0,0.023513340762336545
3023036.0,148.26733468016027
3023037.0,2.5880488770788688
3023038.0,469.418861411079
3023039.0,259.1553671336513
3023040.0,118.92649513886505
3023041.0,179.02191787870908
3023042.0,39.47434038821191
3023043.0,1938.1344308612888
3023044.0,4.260943032000389
3023045.0,0.273387765299136
3023046.0,9.86942200036299
3023047.0,6.613375699211257
3023048.0,0.11937425748362133
3023049.0,123.2618606627922
3023050.0,0.45693185055174124
3023051.0,3.0464749724116906
3023052.0,2.291320045585485
3023053.0,30.529369279542138
3023054.0,0.7621104112304201
3023055.0,51.651924567844986
3023056.0,87.04368884911015
3023057.0,1.5040663552675262
3023058.0,3.3674452834087973
3023059.0,93.57570144048196
3023060.0,18.842491012675126
3023061.0,501.47361948831485
3023062.0,1.4932710389228556
3023063.0,4.113135451372946
3023064.0,6.461385528513089
3023065.0,0.1508387628710327
3023066.0,2.266730176081748
3023067.0,3277.016802414905
3023068.0,0.03734433341288772
3023069.0,540.9414059004362
3023070.0,8.51740214259419
3023071.0,1078.8010334396004
3023072.0,620.9827904982387
3023073.0,216.16345721849285
3023074.0,385.2072321774944
3023075.0,54.253637472716576
3023076.0,4167.816584783297
3023077.0,12.868266089955778
3023078.0,0.3496579847055775
3023079.0,16.097273720174925
3023080.0,16.47676326771102
3023081.0,0.11287963161660834
3023082.0,249.3432554873675
3023083.0,1.0306630745348473
3023084.0,4.916855620935673
3023085.0,6.604238752078178
3023086.0,12.641158202880735
3023087.0,1.3392590557292947
3023088.0,318.74136745522895
3023089.0,253.30131406343068
3023090.0,3.4246164339816043
3023091.0,5.129300555591132
3023092.0,125.92447878990906
3023093.0,56.728213545637736
3023094.0,1027.4953856265968
3023095.0,1.8017673058036558
3023096.0,4.648077341299326
3023097.0,1.3906786714046728
3023098.0,0.0382988064334388
3023099.0,1.7385207533013407
3023100.0,1020.2429609799302
3023101.0,0.023085268910236288
3023102.0,136.9491830985594
3023103.0,2.888592850602007
3023104.0,539.9460944782473
3023105.0,184.221362114398
3023106.0,94.21918755059275
3023107.0,384.26046690715145
3023108.0,15.990222054097247
3023109.0,1648.8410867169296
3023110.0,1.442577804057038
3023111.0,0.29839901953261583
3023112.0,7.688246374534146
3023113.0,3.306789444005799
3023114.0,0.14031351667275643
3023115.0,93.20403399198126
3023116.0,0.045094663700798225
3023117.0,2.7742093422970435
3023118.0,0.8664845146901865
3023119.0,3.0455778121790122
3023120.0,0.29997964525928006
3023121.0,66.81478824888397
3023122.0,84.4017230986164
3023123.0,0.5028358586116354
3023124.0,1.0712032679157257
3023125.0,58.53791418087742
3023126.0,9.221129437344405
3023127.0,196.7744486747397
3023128.0,2.7234258140767507
3023129.0,1.1746686166207818
3023130.0,6.201442775806267
3023131.0,0.15202309775805428
3023132.0,1.5683483412173225
3023133.0,2201.368132634102
3023134.0,0.0240648972077366
3023135.0,221.9069454483172
3023136.0,5.1493764742436605
3023137.0,962.9047696356464
3023138.0,377.79803191709675
3023139.0,160.70212807948212
3023140.0,337.0759535972568
3023141.0,43.772796733154124
3023142.0,2930.151865596283
3023143.0,3.465517523476682
3023144.0,0.36440221233152525
3023145.0,21.335026498752896
3023146.0,16.949420041896566
3023147.0,0.14811065605677853
3023148.0,201.06411479986946
3023149.0,0.051847061477711745
3023150.0,3.3975418859741273
3023151.0,9.882918542156913
3023152.0,27.90998820196548
3023153.0,1.134995820995866
3023154.0,201.14019305169842
3023155.0,213.95829808658283
3023156.0,1.431857035510357
3023157.0,3.5282794152629937
3023158.0,181.52068572019047
3023159.0,26.587196113966527
3023160.0,1150.2253828307635
3023161.0,3.1671105865660603
3023162.0,0.8346635123221167
3023163.0,2.752297241035148
3023164.0,0.28747118426144713
3023165.0,1.3591387746934598
3023166.0,2428.7559433255838
3023167.0,0.04550565487386507
3023168.0,680.8934014894248
3023169.0,6.861273691468186
3023170.0,924.44321963375
3023171.0,627.1348798543801
3023172.0,228.11058286603645
3023173.0,150.36825801312187
3023174.0,60.11163094201235
3023175.0,3744.3123569696536
3023176.0,5.787871805711577
3023177.0,2.8206249360991897
3023178.0,20.120953861506493
3023179.0,30.29912004941948
3023180.0,0.13922024547371223
3023181.0,193.25563873756198
3023182.0,1.8129833401931008
3023183.0,3.7101447224220783
3023184.0,3.1032986956375286
3023185.0,20.2309608769675
3023186.0,1.5588182901976821
3023187.0,168.65561050807918
3023188.0,264.58100151411935
3023189.0,2.5737296920198043
3023190.0,5.062819358161025
3023191.0,137.90470344092017
3023192.0,29.244431851377286
3023193.0,612.9545090810072
3023194.0,2.417231967095238
3023195.0,1.9659256377214764
3023196.0,3.5855781065959684
3023197.0,0.08537083727427403
3023198.0,1.67895838610105
3023199.0,1465.5874630794183
3023200.0,0.023085268910236288
3023201.0,98.86481512941572
3023202.0,2.074118977805064
3023203.0,510.3444374925978
3023204.0,186.78494200212316
3023205.0,94.84455566086902
3023206.0,246.57599838940735
3023207.0,34.16856708508408
3023208.0,2070.8520002476075
3023209.0,4.541784392779451
3023210.0,0.5225517596322681
3023211.0,10.4382140422939
3023212.0,5.592975991725099
3023213.0,0.08601942707904259
3023214.0,97.26189155725973
3023215.0,0.045094663700798225
3023216.0,3.0652905324062965
3023217.0,0.9255640907739917
3023218.0,22.613236494894316
3023219.0,0.5691786378630428
3023220.0,170.78819375860564
3023221.0,81.43653305118072
3023222.0,0.7755955100269226
3023223.0,1.055054771216378
3023224.0,47.97350776635001
3023225.0,16.843905733946432
3023226.0,337.401610559564
3023227.0,1.7340699292087352
3023228.0,0.5704729910013733
3023229.0,3.7309488349030517
3023230.0,0.09285372162593106
3023231.0,0.920169328960935
3023232.0,3217.994326217357
3023233.0,0.023577200277985346
3023234.0,483.3927564621855
3023235.0,6.909493604311294
3023236.0,784.7185489972944
3023237.0,527.6503076873066
3023238.0,184.78840930062302
3023239.0,173.78994016055128
3023240.0,46.276512955858514
3023241.0,3611.1343609140554
3023242.0,4.891361029579043
3023243.0,0.3854289357893603
3023244.0,27.374282289726942
3023245.0,8.648601868581615
3023246.0,0.10519432533807098
3023247.0,201.70490821439918
3023248.0,0.0564922919301857
3023249.0,15.767216921624492
3023250.0,3.0662370668407033
3023251.0,36.50274233392515
3023252.0,0.8196077467643235
3023253.0,204.8378729634735
3023254.0,203.98012620163968
3023255.0,2.0104968532254017
3023256.0,3.6212412340646667
3023257.0,113.65997080232496
3023258.0,38.08475132132192
3023259.0,1026.6405454386968
3023260.0,1.5666575236669689
3023261.0,0.9818694419783597
3023262.0,3.6070139179750558
3023263.0,0.1960285142841049
3023264.0,6.254807289882709
3023265.0,2923.7849992315278
3023266.0,0.13146429263409676
3023267.0,532.4193364454634
3023268.0,6.184730142938211
3023269.0,879.153290177594
3023270.0,855.7457150131409
3023271.0,156.7465723746934
3023272.0,123.61313171288268
3023273.0,103.36393746445934
3023274.0,3423.1139626871113
3023275.0,48.13343629299024
3023276.0,1.188549947523371
3023277.0,22.862842922338544
3023278.0,26.981728137549204
3023279.0,0.17254787424606102
3023280.0,236.02975226786847
3023281.0,21.604447278657567
3023282.0,20.169171628852148
3023283.0,3.4558720380578265
3023284.0,86.750038584105
3023285.0,8.248317179922964
3023286.0,202.38106326280206
3023287.0,258.11299796425396
3023288.0,10.119073786780781
3023289.0,12.528812916350518
3023290.0,227.15668811802047
3023291.0,59.58425460534626
3023292.0,1956.836006672795
3023293.0,6.156940904842721
3023294.0,9.40586117159042
3023295.0,5.222577819372567
3023296.0,0.055354373327418556
3023297.0,5.918335913125725
3023298.0,2098.405668932708
3023299.0,0.11708151263603135
3023300.0,462.0966377207151
3023301.0,10.370247943638631
3023302.0,901.0516489258395
3023303.0,655.9549562303217
3023304.0,141.48150129470076
3023305.0,82.60863611154448
3023306.0,83.26848261728384
3023307.0,3537.8886429567556
3023308.0,25.165833235233183
3023309.0,1.1996000082394602
3023310.0,40.778538257199926
3023311.0,43.02895124545408
3023312.0,0.12011889163282892
3023313.0,293.04467693096103
3023314.0,18.038931652242916
3023315.0,14.176380283131099
3023316.0,7.564790312414564
3023317.0,51.81831742316578
3023318.0,9.546605927841988
3023319.0,184.04521494455702
3023320.0,334.3142144961574
3023321.0,6.596202151404958
3023322.0,7.755351822875428
3023323.0,100.20191484939006
3023324.0,66.64970184183048
3023325.0,1780.112631080744
3023326.0,3.3265003376293656
3023327.0,14.670286349492187
3023328.0,6.77018258750776
3023329.0,0.2173992780920767
3023330.0,3.98787851217409
3023331.0,3401.0617964999356
3023332.0,0.04584718500354937
3023333.0,682.8722982661691
3023334.0,5.452932000205642
3023335.0,1767.5882740822385
3023336.0,603.081209947032
3023337.0,195.28737999020194
3023338.0,521.9169120572758
3023339.0,59.584123143590304
3023340.0,4996.909462846393
3023341.0,34.078380436109896
3023342.0,1.1541133258809266
3023343.0,18.26882876870771
3023344.0,17.907754499368565
3023345.0,0.14036162651543016
3023346.0,341.2003219178122
3023347.0,3.7793439292946203
3023348.0,11.872214415333259
3023349.0,6.421803307282361
3023350.0,36.01301792696934
3023351.0,2.796275549818297
3023352.0,158.73968036196214
3023353.0,290.918772869284
3023354.0,5.675322586595619
3023355.0,7.881170009288076
3023356.0,219.2495843861892
3023357.0,52.56877006407917
3023358.0,1557.6260787696265
3023359.0,15.781590219203313
3023360.0,13.77052681173137
3023361.0,3.3095388601734923
3023362.0,0.2143610451509541
3023363.0,4.7798651625422774
3023364.0,2210.2015208909825
3023365.0,0.11354093149989172
3023366.0,357.4112886400394
3023367.0,5.475877869552566
3023368.0,667.5392021322169
3023369.0,680.7680226695588
3023370.0,169.2275673205399
3023371.0,132.582117591187
3023372.0,72.5343587055551
3023373.0,2890.388366068767
3023374.0,19.576194339610545
3023375.0,1.0692769690169888
3023376.0,13.588278826035209
3023377.0,10.254801946188083
3023378.0,0.17159860392900417
3023379.0,198.62720952230904
3023380.0,13.546138041729556
3023381.0,15.820377337193062
3023382.0,1.5072968032017886
3023383.0,48.001716993269255
3023384.0,6.414591250209586
3023385.0,289.4436440762071
3023386.0,214.67088377365607
3023387.0,5.435056975279279
3023388.0,7.159496090000031
3023389.0,312.07875924299293
3023390.0,44.50482269040717
3023391.0,1896.3898051668332
3023392.0,3.388427047498831
3023393.0,21.985572292272156
3023394.0,2.906689763222639
3023395.0,0.13840613057016998
3023396.0,3.3079692392708075
3023397.0,3981.2371347931403
3023398.0,0.030726411455032788
3023399.0,464.85574656795495
3023400.0,6.300285440621479
3023401.0,1525.0580624430745
3023402.0,646.9970715376498
3023403.0,269.3690072620309
3023404.0,239.80438227785498
3023405.0,64.1043678770956
3023406.0,5493.153894954072
3023407.0,9.685225649929347
3023408.0,1.2364569033127224
3023409.0,29.485959762352675
3023410.0,21.925360364760436
3023411.0,0.1497989992106197
3023412.0,417.57300884278857
3023413.0,0.08075406135674165
3023414.0,2.16025543854382
3023415.0,6.300934301791212
3023416.0,23.23479805265815
3023417.0,1.3609806477034085
3023418.0,122.83383735845769
3023419.0,310.4111006491189
3023420.0,3.1186478683004393
3023421.0,8.117766250770126
3023422.0,172.1335733828488
3023423.0,56.47929224626678
3023424.0,1189.9664242000526
3023425.0,4.393703946738698
3023426.0,4.485147892083809
3023427.0,5.726657157889118
3023428.0,0.1123076330762414
3023429.0,6.953687202794421
3023430.0,2672.8882501247062
3023431.0,0.11880708716003416
3023432.0,461.1696217911594
3023433.0,8.373537250596932
3023434.0,907.0530141366291
3023435.0,672.7767641072921
3023436.0,206.042017130893
3023437.0,130.54859448261402
3023438.0,100.43196517981669
3023439.0,3516.4048070052995
3023440.0,32.09812623565737
3023441.0,1.0526386971103892
3023442.0,23.244011144373978
3023443.0,29.487082321175166
3023444.0,0.11773975958567673
3023445.0,239.9386766025081
3023446.0,12.182709364266245
3023447.0,13.89968730316697
3023448.0,5.919516026064473
3023449.0,55.87904836488825
3023450.0,10.052852520559552
3023451.0,190.14123771601385
3023452.0,303.1412133744791
3023453.0,11.369074420603338
3023454.0,8.577346403296918
3023455.0,191.62972655272367
3023456.0,51.64174165024395
3023457.0,2001.4733540334878
3023458.0,1.4741251406164841
3023459.0,5.364706489965991
3023460.0,2.562338045408069
3023461.0,0.17409395854626591
3023462.0,3.5458193202160553
3023463.0,2577.4881913301924
3023464.0,0.11286917885906719
3023465.0,524.4562975032889
3023466.0,6.63488463426731
3023467.0,698.3846606561551
3023468.0,796.1393874153803
3023469.0,164.71775414822312
3023470.0,126.01716523372738
3023471.0,102.07019871919631
3023472.0,2932.1322404948332
3023473.0,25.60940071466122
3023474.0,0.8107961632715569
3023475.0,17.83889657717865
3023476.0,14.260115584229311
3023477.0,0.10590952636531334
3023478.0,206.60186946364664
3023479.0,12.58001059825941
3023480.0,31.988013413992267
3023481.0,4.911954432888878
3023482.0,46.64167155617028
3023483.0,9.032319788926003
3023484.0,199.44870276818835
3023485.0,211.31157864917398
3023486.0,6.436437030090012
3023487.0,8.0311069382753
3023488.0,194.25834568635145
3023489.0,52.359882625930105
3023490.0,2106.206051251232
3023491.0,5.698127122550159
3023492.0,12.971935657729983
3023493.0,5.010507355611789
3023494.0,0.10101759662008993
3023495.0,2.584904129929802
3023496.0,5116.684610043612
3023497.0,0.023085268910236288
3023498.0,618.3262260338763
3023499.0,11.937783293172552
3023500.0,1206.7785633019676
3023501.0,689.0515899319649
3023502.0,281.7661280015092
3023503.0,379.0433371994619
3023504.0,56.26500054051286
3023505.0,4807.4720268249475
3023506.0,9.665615083101036
3023507.0,0.2629304910095366
3023508.0,13.741106336271095
3023509.0,17.582042787090373
3023510.0,0.0918976557732431
3023511.0,263.75909007192365
3023512.0,0.0502215104172039
3023513.0,4.800260750197905
3023514.0,1.2937571440840911
3023515.0,49.03615584142814
3023516.0,2.0108318328631456
3023517.0,222.42239074917643
3023518.0,292.20379397116767
3023519.0,2.7834079694238243
3023520.0,1.3131315620594826
3023521.0,180.60535585420513
3023522.0,131.4160734526899
3023523.0,1150.9523276665504
3023524.0,2.1074808667070206
3023525.0,0.5758546768056964
3023526.0,15.51801358145052
3023527.0,0.055344281667474564
3023528.0,15.574741955927326
3023529.0,8314.00120118282
3023530.0,0.13112240731479044
3023531.0,1520.2388941097624
3023532.0,20.01968429467317
3023533.0,2241.0400966979932
3023534.0,2063.714644496985
3023535.0,528.7915201592243
3023536.0,567.6432239014379
3023537.0,339.4244647718745
3023538.0,8314.00120118282
3023539.0,81.98908128714103
3023540.0,3.7598308603790396
3023541.0,76.93625015008134
3023542.0,94.88654025973443
3023543.0,0.2402728911973424
3023544.0,643.6799262983493
3023545.0,26.77049764139795
3023546.0,22.88725941037343
3023547.0,38.22791331042374
3023548.0,201.56334984091208
3023549.0,24.542753149528664
3023550.0,720.0512955033996
3023551.0,579.0008311491393
3023552.0,31.677522516474117
3023553.0,33.49205270074098
3023554.0,975.9829828323575
3023555.0,285.9346886734939
3023556.0,7691.175964162561
3023557.0,366.4338952142849
3023558.0,83.58063032209759
3023559.0,13.88776668743504
3023560.0,0.04763291398585206
3023561.0,11.228108113744499
3023562.0,8183.114418485768
3023563.0,0.12460308968783732
3023564.0,1138.7569059545663
3023565.0,19.76514199735828
3023566.0,2347.1675774246796
3023567.0,2043.4815135011193
3023568.0,617.7200514102076
3023569.0,361.1481965885613
3023570.0,252.37255012200268
3023571.0,8964.68327089656
3023572.0,98.70337202669401
3023573.0,1.4331381430863928
3023574.0,57.05160098203232
3023575.0,73.39666976595899
3023576.0,0.6489820246286108
3023577.0,662.4529964234392
3023578.0,20.790144528270915
3023579.0,26.79137821449982
3023580.0,30.501421525636122
3023581.0,145.10047844226787
3023582.0,15.00539200475044
3023583.0,941.0602150425891
3023584.0,745.2374966226851
3023585.0,19.14519027670599
3023586.0,25.31006906537533
3023587.0,1086.5565630432925
3023588.0,218.63143570120405
3023589.0,5403.427585306345
3023590.0,335.8752012874911
3023591.0,81.00177622712977
3023592.0,9.287256430214168
3023593.0,0.0452783942797656
3023594.0,15.287637260445528
3023595.0,5618.095979124609
3023596.0,0.14672114758248933
3023597.0,800.9334669383609
3023598.0,11.01278711940305
3023599.0,2063.5525804988492
3023600.0,1416.0962777955197
3023601.0,692.6980998193189
3023602.0,134.32581327933414
3023603.0,218.34749190759953
3023604.0,8520.556053424949
3023605.0,39.610992648179305
3023606.0,2.061080767376031
3023607.0,35.02518212675253
3023608.0,25.596265409037965
3023609.0,0.4244517687666733
3023610.0,585.4728554916205
3023611.0,26.252941769268915
3023612.0,20.634102085277327
3023613.0,9.595118793599223
3023614.0,82.79375302619462
3023615.0,7.63572839422099
3023616.0,885.3323930233018
3023617.0,687.1678795207017
3023618.0,16.984442260047267
3023619.0,37.83219980853941
3023620.0,693.7917299564058
3023621.0,137.50030964963784
3023622.0,2177.20575405254
3023623.0,195.35543387514068
3023624.0,38.34191358116786
3023625.0,12.597817086264605
3023626.0,0.04737075759260606
3023627.0,15.887501715735798
3023628.0,7976.674841568459
3023629.0,0.12516286125892764
3023630.0,1147.8300729227417
3023631.0,14.907421298237765
3023632.0,2269.774767204971
3023633.0,1852.8704755175986
3023634.0,623.5275875382562
3023635.0,322.48173199065457
3023636.0,215.97620737321208
3023637.0,8720.285656127942
3023638.0,48.12973405697173
3023639.0,1.4032805551115661
3023640.0,49.996787502185086
3023641.0,64.88167309210901
3023642.0,0.757473569086934
3023643.0,622.5367441788605
3023644.0,24.738778070908573
3023645.0,24.704770983959698
3023646.0,29.85723323954135
3023647.0,124.11524040602623
3023648.0,10.938501430500997
3023649.0,740.7303443178528
3023650.0,702.1339487626216
3023651.0,20.076026049097734
3023652.0,23.748255037017877
3023653.0,1081.3967931059474
3023654.0,213.37213583817663
3023655.0,4868.330539408037
3023656.0,442.56897219110965
3023657.0,67.29323092993783
3023658.0,10.877935783364492
3023659.0,0.0395222699187045
3023660.0,17.074511318721903
3023661.0,4293.099883544794
3023662.0,0.11586125377735618
3023663.0,768.5413014593031
3023664.0,13.806036543003879
3023665.0,2077.4351675377798
3023666.0,1158.3296111241216
3023667.0,612.7581251827933
3023668.0,102.07505124081862
3023669.0,144.34691370686403
3023670.0,7560.290633589745
3023671.0,36.74608648684793
3023672.0,0.47159921318709397
3023673.0,24.565856988133298
3023674.0,46.73408156465257
3023675.0,0.18445247846335172
3023676.0,603.1437403324044
3023677.0,23.613684293461745
3023678.0,10.822269502596342
3023679.0,20.273897173314694
3023680.0,82.43565736535027
3023681.0,5.017510796840877
3023682.0,782.7285329831439
3023683.0,715.3285734522083
3023684.0,16.131922051727344
3023685.0,26.577149668997265
3023686.0,719.4059574989889
3023687.0,88.85297204814496
3023688.0,1895.5903330386402
3023689.0,319.72841825897126
3023690.0,20.168645852182316
3023691.0,11.01627165219423
3023692.0,0.05219482997954255
3023693.0,9.912753942583768
3023694.0,6565.878483153784
3023695.0,0.13458263541464655
3023696.0,1183.947136380762
3023697.0,19.93581913081014
3023698.0,1860.9805006593829
3023699.0,2044.2837490539018
3023700.0,448.15130391206924
3023701.0,455.42975984876466
3023702.0,286.4371646779809
3023703.0,7726.003504910106
3023704.0,65.31184647643427
3023705.0,1.4079575271226046
3023706.0,42.63902480248203
3023707.0,50.99725598374506
3023708.0,0.4379614384896918
3023709.0,517.2595462829995
3023710.0,14.628763623421332
3023711.0,22.197768532036676
3023712.0,10.664396376303053
3023713.0,165.33173363535076
3023714.0,19.20088315848633
3023715.0,751.5034612007191
3023716.0,606.2424592104612
3023717.0,16.940020305884673
3023718.0,31.20974768378858
3023719.0,947.2362705156294
3023720.0,201.6183865911458
3023721.0,6832.417123425872
3023722.0,202.5179201419043
3023723.0,81.19944623784406
3023724.0,4.861573121331544
3023725.0,0.2769912200124689
3023726.0,5.970592107490973
3023727.0,1869.3379850699757
3023728.0,0.12400587607809493
3023729.0,337.9959155358001
3023730.0,18.429710124762714
3023731.0,942.9918928925136
3023732.0,570.2233757065188
3023733.0,208.0640442511529
3023734.0,80.96883891214951
3023735.0,78.97345295735204
3023736.0,2921.745874586971
3023737.0,46.8407517433689
3023738.0,1.0287299119863242
3023739.0,27.227927099666775
3023740.0,18.87631707433501
3023741.0,0.1912549632576983
3023742.0,238.85225417506388
3023743.0,9.455527238619997
3023744.0,7.316349425816398
3023745.0,10.510875171031897
3023746.0,40.35849625403735
3023747.0,5.1982939587932915
3023748.0,249.65785214498948
3023749.0,234.12891884177162
3023750.0,3.4491571153238505
3023751.0,6.189099701441845
3023752.0,199.19066759283413
3023753.0,57.779401929991266
3023754.0,1433.3919210130412
3023755.0,1.4927967985089403
3023756.0,9.229032019342938
3023757.0,8.48791992169557
3023758.0,0.04622575050382566
3023759.0,11.051067006672335
3023760.0,4053.6472501812696
3023761.0,0.12310193008298045
3023762.0,589.6229587008728
3023763.0,30.519912430344313
3023764.0,1725.0987413678558
3023765.0,1026.2325795053398
3023766.0,463.4313973035803
3023767.0,111.38698153332207
3023768.0,112.30321076435857
3023769.0,6418.445444825835
3023770.0,71.53331842926588
3023771.0,1.134179391880942
3023772.0,41.74440282828029
3023773.0,27.41699934718815
3023774.0,0.16236055763951254
3023775.0,393.264511954559
3023776.0,17.836125063352394
3023777.0,6.8986516246539455
3023778.0,3.326642274147956
3023779.0,97.09859699578965
3023780.0,7.64097146925404
3023781.0,519.0934144619873
3023782.0,552.0385260334854
3023783.0,10.35664994935184
3023784.0,19.42077624815885
3023785.0,373.3003338023739
3023786.0,75.76687168649663
3023787.0,1966.9581956468992
3023788.0,213.60521264655245
3023789.0,13.159146183713368
3023790.0,5.953605677024167
3023791.0,0.04956407281160718
3023792.0,4.960115286923143
3023793.0,4056.9799812120364
3023794.0,0.12669523879648562
3023795.0,851.6303345432224
3023796.0,7.2381541156977125
3023797.0,1360.45565520288
3023798.0,1538.7304562856684
3023799.0,238.44993093570957
3023800.0,315.73033163257844
3023801.0,202.77305616012063
3023802.0,4776.0699500457295
3023803.0,40.65703595762932
3023804.0,1.2151211885066286
3023805.0,36.86604163410687
3023806.0,33.94263541614036
3023807.0,0.35377328533577257
3023808.0,320.9669608733309
3023809.0,2.1933028477253442
3023810.0,35.81055762891572
3023811.0,4.582072667559802
3023812.0,91.38055446689835
3023813.0,11.415355763649918
3023814.0,547.488981473793
3023815.0,301.05703344968197
3023816.0,18.038125954551447
3023817.0,9.4073433215185
3023818.0,651.0569645606207
3023819.0,117.4857733238932
3023820.0,4495.359162115459
3023821.0,2.7338594214294583
3023822.0,40.49330176607612
3023823.0,10.093930890109117
3023824.0,0.024187079420257458
3023825.0,7.608123091873383
3023826.0,4195.105342391341
3023827.0,0.024187079420257458
3023828.0,811.0020904048561
3023829.0,10.059159275980992
3023830.0,1483.095343131115
3023831.0,1111.954038908733
3023832.0,313.5549168744043
3023833.0,212.69925071176692
3023834.0,239.39466055004306
3023835.0,5571.644504018186
3023836.0,57.405371408458294
3023837.0,2.5956170414755686
3023838.0,46.0295680120139
3023839.0,42.01309370984203
3023840.0,0.15360992034206303
3023841.0,322.933094581326
3023842.0,6.748502032108855
3023843.0,45.62259908193056
3023844.0,7.370590587762946
3023845.0,165.66752581527481
3023846.0,7.42767396554634
3023847.0,419.6470545371738
3023848.0,323.71877097229856
3023849.0,12.748826916121939
3023850.0,24.12845618334405
3023851.0,444.16796632873786
3023852.0,118.17300212816727
3023853.0,4020.754984012713
3023854.0,2.6625733205356834
3023855.0,7.660779006086241
3023856.0,7.1325249163652185
3023857.0,0.11762338556920988
3023858.0,3.7758198878167724
3023859.0,2207.419490116973
3023860.0,0.12301533981699155
3023861.0,448.4199958139409
3023862.0,6.297578071251982
3023863.0,917.4398592156055
3023864.0,481.1249923664729
3023865.0,204.58930451358935
3023866.0,89.57102397668004
3023867.0,94.64289668419002
3023868.0,3061.1481610636083
3023869.0,13.97847077881795
3023870.0,1.0798963128770733
3023871.0,29.517635173537407
3023872.0,20.426257428502524
3023873.0,0.1302848651586077
3023874.0,192.2893746863257
3023875.0,3.6766310007290897
3023876.0,8.925651393031625
3023877.0,5.219402563349904
3023878.0,44.88095790997036
3023879.0,3.3375405189139244
3023880.0,231.716864927657
3023881.0,215.2431958662957
3023882.0,4.020833273871249
3023883.0,4.912232708375413
3023884.0,166.25154749523526
3023885.0,53.49979592659558
3023886.0,1799.4507918613267
3023887.0,1.4085827400060944
3023888.0,3.0068192189303757
3023889.0,4.958254493874321
3023890.0,0.023085268910236288
3023891.0,0.980771068500826
3023892.0,3300.9693105039096
3023893.0,0.023085268910236288
3023894.0,261.4136495544185
3023895.0,3.1672965695168984
3023896.0,1157.4827182018785
3023897.0,262.50773377803876
3023898.0,220.55312303821992
3023899.0,73.78984702604359
3023900.0,25.845158668262076
3023901.0,3305.9649847901
3023902.0,5.684043148058058
3023903.0,0.7129846804648028
3023904.0,16.72432955218015
3023905.0,9.173823149864276
3023906.0,0.11034500114028525
3023907.0,229.71102984549344
3023908.0,0.04694914673898525
3023909.0,2.9634274339890907
3023910.0,3.077783493653152
3023911.0,15.915885390115713
3023912.0,0.7253895397707942
3023913.0,49.29760438216822
3023914.0,200.1019261444116
3023915.0,0.16113204338462456
3023916.0,1.6562725451467513
3023917.0,65.16091855033088
3023918.0,90.28611352556766
3023919.0,636.0747264777197
3023920.0,2.7602978515215293
3023921.0,1.4714145896428326
3023922.0,5.074166110032672
3023923.0,0.11828795489319531
3023924.0,6.2455259258957785
3023925.0,3275.129402840522
3023926.0,0.18919062197975633
3023927.0,544.9217193657607
3023928.0,12.153178026642749
3023929.0,1079.6092723033785
3023930.0,884.944967494791
3023931.0,301.07303283944714
3023932.0,160.81304305544643
3023933.0,120.21874126697715
3023934.0,4412.160665107628
3023935.0,31.915786378768903
3023936.0,0.8904059832947776
3023937.0,20.58057603221784
3023938.0,50.16328368012966
3023939.0,0.1201058423905151
3023940.0,321.7185095664545
3023941.0,15.514237426734372
3023942.0,13.624529825774562
3023943.0,11.802468950261044
3023944.0,48.591220520009664
3023945.0,5.393483798404485
3023946.0,402.55110315420427
3023947.0,334.6128813067885
3023948.0,7.344964939966578
3023949.0,11.636278766948145
3023950.0,502.22814798355336
3023951.0,75.37205037622269
3023952.0,2381.1676084498713
3023953.0,4.642428927913084
3023954.0,32.47807869178381
3023955.0,4.889109889754764
3023956.0,0.13009369075061197
3023957.0,4.15277443440549
3023958.0,3719.0665186045835
3023959.0,0.17754899093759458
3023960.0,649.2187483134794
3023961.0,14.389232582081998
3023962.0,1084.6511386095067
3023963.0,1189.0460420827508
3023964.0,178.96678326534257
3023965.0,279.6254350866078
3023966.0,178.171477038717
3023967.0,3902.8805092916027
3023968.0,27.497102666880117
3023969.0,2.6049733694109465
3023970.0,32.747935694272186
3023971.0,23.092019939085297
3023972.0,0.6406575451824397
3023973.0,252.8224411565901
3023974.0,11.612496467870269
3023975.0,35.4374879267981
3023976.0,7.594028160643454
3023977.0,98.30103961932903
3023978.0,10.532692444549898
3023979.0,444.3340483113717
3023980.0,287.64763841083425
3023981.0,6.6805776239361325
3023982.0,12.17654944005527
3023983.0,603.3691516764336
3023984.0,125.98012622281017
3023985.0,4396.103493014703
3023986.0,2.2608125935627528
3023987.0,39.45792850609662
3023988.0,4.151487759346046
3023989.0,0.3228099216142648
3023990.0,9.604089620737227
3023991.0,4087.0194615392984
3023992.0,0.13112240731479044
3023993.0,780.2867550244657
3023994.0,15.397989422419071
3023995.0,1116.945321736078
3023996.0,1227.1518297585974
3023997.0,256.3929861383793
3023998.0,283.39438740141213
3023999.0,146.7427236280285
3024000.0,4275.707803988113
3024001.0,35.25129734425201
3024002.0,2.4383287802223697
3024003.0,36.61957409444642
3024004.0,45.79128696393414
3024005.0,0.1438935807246547
3024006.0,314.2945494626904
3024007.0,20.707421211573568
3024008.0,27.131148793198797
3024009.0,21.55707102542066
3024010.0,105.14161095003314
3024011.0,16.83301554597734
3024012.0,401.38962015810415
3024013.0,295.35856839753774
3024014.0,17.574043115061734
3024015.0,16.60526745046463
3024016.0,553.9732913033599
3024017.0,136.31037631399064
3024018.0,3872.3023679623675
3024019.0,1.9351580286059835
3024020.0,35.30427829906047
3024021.0,9.439449959768265
3024022.0,0.27316344688087724
3024023.0,7.110120362144549
3024024.0,3432.91789396885
3024025.0,0.042027314809846394
3024026.0,537.2826511244858
3024027.0,11.132934593124846
3024028.0,1717.1905939642224
3024029.0,777.256972563504
3024030.0,526.5896791322606
3024031.0,253.25548587152798
3024032.0,79.69278841403667
3024033.0,6271.3502774007675
3024034.0,11.218771274976934
3024035.0,1.00537852253022
3024036.0,47.200611611118944
3024037.0,35.99890897235057
3024038.0,0.12226563502552898
3024039.0,398.9417749926575
3024040.0,9.02524767724676
3024041.0,3.861677871061101
3024042.0,6.985047715586667
3024043.0,38.33837246577221
3024044.0,2.334317169212417
3024045.0,302.5725792476419
3024046.0,442.2759115409481
3024047.0,6.4722438409821414
3024048.0,5.5186225716795665
3024049.0,395.592105879919
3024050.0,94.68829608834858
3024051.0,1509.525367976968
3024052.0,80.6729889860924
3024053.0,13.813348140163558
3024054.0,3.828375582012973
3024055.0,0.04314278685260535
3024056.0,4.252555341535452
3024057.0,2292.3257138194494
3024058.0,0.121194520806337
3024059.0,312.95507701284646
3024060.0,9.688359928542177
3024061.0,672.1309750090071
3024062.0,624.8552812207713
3024063.0,124.98158079962039
3024064.0,121.56782900953749
3024065.0,118.0636773887206
3024066.0,2596.0877999964628
3024067.0,18.94546732547219
3024068.0,1.3338078339893276
3024069.0,20.725606280428913
3024070.0,24.361755315469253
3024071.0,0.22468567202422893
3024072.0,177.21554175657985
3024073.0,11.47297433930154
3024074.0,15.476656149505715
3024075.0,4.95388754732538
3024076.0,72.78374575196409
3024077.0,5.1674142319335425
3024078.0,247.78998882571634
3024079.0,152.88577146141873
3024080.0,3.947340737426034
3024081.0,6.808243527756096
3024082.0,282.9394362335465
3024083.0,57.62844858727108
3024084.0,2039.8141383499099
3024085.0,2.8846896122799204
3024086.0,25.787086415080257
3024087.0,1.0896427681715048
3024088.0,0.023085268910236288
3024089.0,1.4103924326009454
3024090.0,1342.978426338696
3024091.0,0.023085268910236288
3024092.0,101.25449667433733
3024093.0,3.13544750579554
3024094.0,675.5159669567628
3024095.0,262.0360544507665
3024096.0,238.9629395472478
3024097.0,36.91431466106152
3024098.0,25.451587382291336
3024099.0,2511.2255166332707
3024100.0,4.149001151262665
3024101.0,0.23115438424122234
3024102.0,7.164848156109931
3024103.0,5.752670892675486
3024104.0,0.1029339533240087
3024105.0,145.38353682216473
3024106.0,2.3703303379097695
3024107.0,2.7982879498562476
3024108.0,1.1413631489741844
3024109.0,8.154823952721076
3024110.0,0.3242837496617481
3024111.0,167.94568635146052
3024112.0,145.47347596673816
3024113.0,0.6182389292277893
3024114.0,3.1228290419574747
3024115.0,133.3362265895144
3024116.0,20.505111431887215
3024117.0,335.35840980422086
3024118.0,16.922214765687386
3024119.0,0.8565006760977356
3024120.0,6.095679671908489
3024121.0,0.14884867827720788
3024122.0,4.031816826327624
3024123.0,4061.5003382523405
3024124.0,0.03694985978912278
3024125.0,618.8125773209435
3024126.0,10.661063898355355
3024127.0,1805.100196888702
3024128.0,644.3502968595608
3024129.0,533.374172311857
3024130.0,298.6498007748081
3024131.0,72.37802365389095
3024132.0,6969.081517870609
3024133.0,21.243610255212985
3024134.0,0.5652333912424606
3024135.0,19.840816455201164
3024136.0,15.645343736679482
3024137.0,0.12547208165700396
3024138.0,473.6621372815643
3024139.0,6.936343964618798
3024140.0,1.9624737759885724
3024141.0,7.7631945561532625
3024142.0,25.872706803587935
3024143.0,1.628001746557814
3024144.0,616.7995894146359
3024145.0,379.58956238904716
3024146.0,1.8459794065792952
3024147.0,11.581590097122543
3024148.0,451.64607953995164
3024149.0,105.44393101120967
3024150.0,1915.2845050613287
3024151.0,42.297231795568024
3024152.0,7.8215149517012215
3024153.0,5.012211208388287
3024154.0,0.10790967834750541
3024155.0,0.8408162785590756
3024156.0,1446.3028540453981
3024157.0,0.03084997523438158
3024158.0,137.0734431128216
3024159.0,7.44801843712837
3024160.0,852.9210005983571
3024161.0,318.5726872187338
3024162.0,189.52573639332107
3024163.0,44.86552618598099
3024164.0,33.395043795669324
3024165.0,2574.212950024862
3024166.0,6.320573554359049
3024167.0,0.4950831647387228
3024168.0,11.3795461292802
3024169.0,16.39527513197867
3024170.0,0.14575585976805894
3024171.0,162.68440028677492
3024172.0,5.118534212602691
3024173.0,4.420897711368912
3024174.0,7.640812788302763
3024175.0,24.869693474342064
3024176.0,1.1234392992426983
3024177.0,149.5692131417287
3024178.0,163.34321508706967
3024179.0,1.261566968325173
3024180.0,5.365339946881427
3024181.0,133.55268229803178
3024182.0,23.70668155168439
3024183.0,408.317614870612
3024184.0,13.247712278938323
3024185.0,2.653960241030185
3024186.0,3.8531321020758003
3024187.0,0.023085268910236288
3024188.0,2.87080487911434
3024189.0,1382.2419156939131
3024190.0,0.023085268910236288
3024191.0,116.32440479930123
3024192.0,5.011286218436492
3024193.0,806.9144710536339
3024194.0,249.02079387827808
3024195.0,165.21479015640824
3024196.0,33.2195695507914
3024197.0,23.323866410012112
3024198.0,2422.7576189731785
3024199.0,11.163841147529972
3024200.0,0.22442988924089663
3024201.0,12.501758851780547
3024202.0,6.831131880265894
3024203.0,0.08690848250993172
3024204.0,133.24338717772758
3024205.0,1.226086577467197
3024206.0,2.9915906286454628
3024207.0,1.7414243999272865
3024208.0,28.301488283109194
3024209.0,0.7207386658153341
3024210.0,172.51379951698533
3024211.0,179.55893343001463
3024212.0,0.39293557138984414
3024213.0,4.180783914793519
3024214.0,97.33720095519266
3024215.0,18.15831067607543
3024216.0,214.06900256758627
3024217.0,10.351310649961219
3024218.0,1.2997818840397273
3024219.0,2.942280094864405
3024220.0,0.02288514698285841
3024221.0,2.7371778384790204
3024222.0,1219.534640026748
3024223.0,0.02288514698285841
3024224.0,145.467331278329
3024225.0,6.574836238444937
3024226.0,1004.1730932561109
3024227.0,291.0904735481465
3024228.0,194.9859425934646
3024229.0,30.02700631168377
3024230.0,30.654428702245855
3024231.0,2644.142279675606
3024232.0,4.526238225723726
3024233.0,0.25949455421160755
3024234.0,7.6911261092807
3024235.0,13.702818731999285
3024236.0,0.10701647515729232
3024237.0,165.15202371711973
3024238.0,0.6867231499233527
3024239.0,4.055250004732491
3024240.0,2.014620181557515
3024241.0,11.468690690711515
3024242.0,1.380549390015445
3024243.0,133.82273421532236
3024244.0,225.10645310613327
3024245.0,0.8285197113756378
3024246.0,4.062013561010828
3024247.0,57.72400987318816
3024248.0,56.93475990149025
3024249.0,445.87953468845734
3024250.0,2.9746574729255153
3024251.0,3.247617599689823
3024252.0,3.4167295048346205
3024253.0,0.7406444842439229
3024254.0,2.871250157393284
3024255.0,1648.4286308752778
3024256.0,0.025873931843745826
3024257.0,153.27741659927437
3024258.0,2.11975830736408
3024259.0,907.095746549306
3024260.0,331.06595100214355
3024261.0,235.8501183104172
3024262.0,84.97858083809828
3024263.0,61.0107721156718
3024264.0,2649.2365317988288
3024265.0,5.199316611674392
3024266.0,0.888270467513747
3024267.0,14.257243808304418
3024268.0,17.553649708155326
3024269.0,0.15270589089992448
3024270.0,213.76959955223322
3024271.0,6.950181967563614
3024272.0,3.2801630005198907
3024273.0,2.6094323398164407
3024274.0,16.331155565450352
3024275.0,1.3748485425712482
3024276.0,119.90099175176601
3024277.0,177.6603410069099
3024278.0,0.7950275218200854
3024279.0,4.217773505864572
3024280.0,104.52438423078357
3024281.0,41.285560196895815
3024282.0,857.9478184137713
3024283.0,7.882604780801645
3024284.0,4.044582490922806
3024285.0,3.5408337631816407
3024286.0,0.18221358853244768
3024287.0,0.8973293962302232
3024288.0,1266.687867226392
3024289.0,0.023085268910236288
3024290.0,151.2394151488708
3024291.0,4.210635964322727
3024292.0,689.0506583634879
3024293.0,226.64326199162463
3024294.0,153.85618561375952
3024295.0,108.33841197232087
3024296.0,27.088569473783444
3024297.0,1851.4288044144607
3024298.0,4.03591440257574
3024299.0,0.2366312378135036
3024300.0,9.30378185975469
3024301.0,10.419811479698003
3024302.0,0.12412812678460255
3024303.0,146.6233517504519
3024304.0,0.044281298718193245
3024305.0,3.007219028063125
3024306.0,1.64467073022849
3024307.0,16.645799335399346
3024308.0,0.8946477671418596
3024309.0,47.29038128683355
3024310.0,123.13514486336376
3024311.0,0.6660433335529736
3024312.0,2.586135069261541
3024313.0,62.25593575143587
3024314.0,32.661724893491645
3024315.0,820.7688730090035
3024316.0,3.0063578349250912
3024317.0,0.6351260409487309
3024318.0,5.260169241276982
3024319.0,0.3631856817004733
3024320.0,3.3627802655568626
3024321.0,2890.1502421136383
3024322.0,0.02551460538753701
3024323.0,296.6683123311339
3024324.0,4.670840018218773
3024325.0,1107.5444511240696
3024326.0,642.490530878534
3024327.0,475.8299127916272
3024328.0,179.95882018070424
3024329.0,84.04020824375792
3024330.0,4365.551100233863
3024331.0,14.539407928662605
3024332.0,0.8761573899815407
3024333.0,20.769019205721804
3024334.0,20.205114353308456
3024335.0,0.12100828434681285
3024336.0,275.58983285679943
3024337.0,0.3293833657210964
3024338.0,3.15350275207183
3024339.0,6.684731607457339
3024340.0,29.44437108223112
3024341.0,2.9548791713950324
3024342.0,265.4451668536499
3024343.0,246.69774810399895
3024344.0,1.9482956685887245
3024345.0,6.658073984736292
3024346.0,333.53834021751834
3024347.0,50.95535864057435
3024348.0,1791.3983775815443
3024349.0,28.12660953586767
3024350.0,11.05512316749608
3024351.0,3.3375705020881266
3024352.0,0.0906209933731055
3024353.0,3.96481868726653
3024354.0,1942.022408827695
3024355.0,0.022828176838620217
3024356.0,449.9178348993238
3024357.0,5.646972453060279
3024358.0,604.7364783166737
3024359.0,495.8492163407973
3024360.0,183.69575488759665
3024361.0,118.74318022016591
3024362.0,28.94761499657732
3024363.0,2714.3562336528407
3024364.0,7.447216684279572
3024365.0,0.7027013876738593
3024366.0,8.742675690372637
3024367.0,13.114513336089178
3024368.0,0.0973261730020567
3024369.0,167.36941143983165
3024370.0,6.51844765919598
3024371.0,5.467534439107169
3024372.0,4.0564844722087425
3024373.0,31.794179050342503
3024374.0,1.5478775052475646
3024375.0,43.97807160605468
3024376.0,138.10427835451114
3024377.0,3.4160629164952057
3024378.0,4.720660185018693
3024379.0,124.81894369217767
3024380.0,24.256593684342832
3024381.0,2706.830560543011
3024382.0,36.88410288774779
3024383.0,10.202531981314827
3024384.0,4.297766735085585
3024385.0,0.38125088659176426
3024386.0,3.2081391721907004
3024387.0,2376.8505709768056
3024388.0,0.027065662305717636
3024389.0,173.8733375035325
3024390.0,5.234752329050645
3024391.0,822.3678695061072
3024392.0,294.8860130942918
3024393.0,293.9590941344186
3024394.0,55.19351179299647
3024395.0,35.802479957466836
3024396.0,2989.585897769527
3024397.0,13.601843985326209
3024398.0,0.930148055295216
3024399.0,13.038227054835467
3024400.0,12.565040183505836
3024401.0,0.11481773114552346
3024402.0,164.61846559896054
3024403.0,5.073330841538262
3024404.0,3.2073262645408382
3024405.0,2.520688840123313
3024406.0,41.97951019648583
3024407.0,1.7236398959887163
3024408.0,143.0273236322222
3024409.0,163.14867166185826
3024410.0,1.003328953078278
3024411.0,4.533094631127833
3024412.0,110.16277340262852
3024413.0,24.124456037000492
3024414.0,556.0885510086875
3024415.0,11.051347723302621
3024416.0,3.3171590728257456
3024417.0,5.2253133827329545
3024418.0,0.12523630853555606
3024419.0,5.309412034147842
3024420.0,2630.0040920241636
3024421.0,0.18655245075867927
3024422.0,565.076459555822
3024423.0,11.420751036251566
3024424.0,801.2443372249868
3024425.0,736.0787698052962
3024426.0,171.13738874935856
3024427.0,147.1771876173292
3024428.0,86.00449456825947
3024429.0,3407.1607043180657
3024430.0,29.526799380379472
3024431.0,1.102072600653413
3024432.0,14.309601797202916
3024433.0,26.781891804041184
3024434.0,0.13518820052156116
3024435.0,231.94303414468664
3024436.0,16.10475268910782
3024437.0,10.171997839947952
3024438.0,4.500915165553572
3024439.0,53.0544893721424
3024440.0,6.652316802075298
3024441.0,407.64001092844063
3024442.0,239.78328373471936
3024443.0,8.184594162889045
3024444.0,7.223751689176458
3024445.0,388.08820966149824
3024446.0,89.23549134155348
3024447.0,1890.5157576030626
3024448.0,4.110063920917687
3024449.0,26.517410781787163
3024450.0,5.092002375401226
3024451.0,0.09701074904385046
3024452.0,3.9139665722579324
3024453.0,3377.987280106395
3024454.0,0.028381485584904036
3024455.0,450.8049247861072
3024456.0,5.058396360486052
3024457.0,1455.7197531197776
3024458.0,645.0529035521379
3024459.0,595.4822141882581
3024460.0,96.64316389057775
3024461.0,65.58353029841285
3024462.0,4921.718479645802
3024463.0,10.21197963339369
3024464.0,0.936466234091568
3024465.0,17.006845870588712
3024466.0,12.7213777527895
3024467.0,0.0988199765830574
3024468.0,286.49958390684424
3024469.0,1.2917318018565946
3024470.0,7.539959402055962
3024471.0,4.050192951303149
3024472.0,34.2942745954425
3024473.0,1.0106103935071808
3024474.0,258.12858519616304
3024475.0,318.47514011658217
3024476.0,3.515939642153521
3024477.0,4.609856210735819
3024478.0,264.2918959928668
3024479.0,55.310182090762616
3024480.0,1201.0887268821434
3024481.0,51.40798831275007
3024482.0,11.407351295364318
3024483.0,7.603845070409155
3024484.0,0.3432174346889302
3024485.0,3.4979227920623783
3024486.0,2948.690854467176
3024487.0,0.03008594428336326
3024488.0,423.0104800519657
3024489.0,5.1566931876265425
3024490.0,1408.3817229458914
3024491.0,575.3374843698944
3024492.0,311.3057499142952
3024493.0,233.74669433008722
3024494.0,74.77828511188795
3024495.0,4115.327075983813
3024496.0,14.686554081938933
3024497.0,0.5157865312948511
3024498.0,30.183392615923726
3024499.0,24.78728551310418
3024500.0,0.15998689207973646
3024501.0,283.96809198522254
3024502.0,2.538872010552171
3024503.0,4.736175014644251
3024504.0,7.654624831260948
3024505.0,51.90556215418293
3024506.0,1.484037737238533
3024507.0,119.15409593668525
3024508.0,242.0007118783277
3024509.0,2.1097099674443704
3024510.0,4.798535017209593
3024511.0,175.3209584565707
3024512.0,139.81781017685614
3024513.0,1833.571092308533
3024514.0,2.75822692548402
3024515.0,5.449620377220731
3024516.0,3.9172137836250647
3024517.0,0.13710157838799825
3024518.0,2.2248633543527285
3024519.0,1637.4601929366745
3024520.0,0.024543051243553906
3024521.0,122.40141418151111
3024522.0,5.46851303373008
3024523.0,573.0697844707283
3024524.0,279.2010676873355
3024525.0,144.4689548224195
3024526.0,37.714390206375924
3024527.0,40.499857724777186
3024528.0,2361.3680364558722
3024529.0,7.082339916902589
3024530.0,0.6368057460370875
3024531.0,22.086818847134047
3024532.0,17.874351942848797
3024533.0,0.09253984365457035
3024534.0,159.2390122911974
3024535.0,0.6085185430506085
3024536.0,3.349359135206809
3024537.0,3.6230002901034832
3024538.0,38.019996912795136
3024539.0,1.8804528234393756
3024540.0,85.83973642894779
3024541.0,139.61723954338137
3024542.0,1.0104695974357816
3024543.0,4.807609232516732
3024544.0,125.25115688711108
3024545.0,24.642145603831842
3024546.0,578.1190233341597
3024547.0,23.70524112771288
3024548.0,1.163308913675453
3024549.0,1.602597879895591
3024550.0,0.026644686144262342
3024551.0,2.854230198253762
3024552.0,1375.4432451479292
3024553.0,0.13576222576429858
3024554.0,250.5615036816062
3024555.0,8.913566621868899
3024556.0,498.62119451300333
3024557.0,466.9191448052008
3024558.0,110.89243499636369
3024559.0,45.035064821786804
3024560.0,54.81125243409542
3024561.0,2007.0431805858643
3024562.0,19.661605024127695
3024563.0,0.3503620153075645
3024564.0,11.02800730112043
3024565.0,9.057555352832573
3024566.0,0.2001936128579054
3024567.0,111.92888407741438
3024568.0,11.258823345599343
3024569.0,1.7532906250722458
3024570.0,7.3520584817695465
3024571.0,36.59303506480207
3024572.0,3.7519988713755095
3024573.0,482.4966883100835
3024574.0,139.47455711190554
3024575.0,2.7727249938835428
3024576.0,4.352366207578237
3024577.0,310.43686838462395
3024578.0,29.28034426750206
3024579.0,1070.7736771468556
3024580.0,2.865476229893098
3024581.0,7.460808306977181
3024582.0,2.453871634348494
3024583.0,0.12588637380944082
3024584.0,3.367665180318985
3024585.0,3186.7116964723746
3024586.0,0.12056637241588422
3024587.0,648.2760755150146
3024588.0,13.685736332555063
3024589.0,1011.6554088789576
3024590.0,1118.7539157976391
3024591.0,240.9637441962562
3024592.0,206.56635260645015
3024593.0,148.05463296432177
3024594.0,3766.9515575175733
3024595.0,26.938533644021927
3024596.0,0.6760847669773379
3024597.0,17.21035182726061
3024598.0,27.96025458652148
3024599.0,0.13194819911875585
3024600.0,226.34276006507906
3024601.0,12.547067401632525
3024602.0,31.076748967198665
3024603.0,6.640620111345723
3024604.0,64.61122051070788
3024605.0,9.563817956897953
3024606.0,350.4482342460951
3024607.0,261.2476120595249
3024608.0,14.261968228599414
3024609.0,7.686015810264975
3024610.0,472.6945382016283
3024611.0,100.94248037462916
3024612.0,2985.6700637880977
3024613.0,10.076862902708118
3024614.0,18.545504205984237
3024615.0,2.49840147454568
3024616.0,0.08731106500963665
3024617.0,2.458433505605809
3024618.0,1598.1505214490408
3024619.0,0.09497385145353275
3024620.0,301.0370487813939
3024621.0,5.000167686117905
3024622.0,401.2824338349294
3024623.0,454.36111662645055
3024624.0,118.82164562102285
3024625.0,41.26059741474347
3024626.0,67.55106316427417
3024627.0,1700.6462800195623
3024628.0,12.158787480202465
3024629.0,0.9286124731998391
3024630.0,10.14134251270734
3024631.0,12.588970681984229
3024632.0,0.09010163890038739
3024633.0,70.12518785125253
3024634.0,0.07767711199365464
3024635.0,11.192370466235342
3024636.0,2.9705325030292222
3024637.0,127.50633971421128
3024638.0,6.595874611109661
3024639.0,52.64589127789249
3024640.0,99.0528996083425
3024641.0,3.9208461946007502
3024642.0,4.825045291902232
3024643.0,53.72003398883301
3024644.0,17.067781790269436
3024645.0,235.95694983039485
3024646.0,1.4796323803347962
3024647.0,4.264638474518761
3024648.0,2.7827408808765144
3024649.0,0.023085268910236288
3024650.0,0.6188726788640431
3024651.0,1034.6037343428627
3024652.0,0.15148050695652898
3024653.0,198.44135962097786
3024654.0,4.112779708764283
3024655.0,302.58353469342956
3024656.0,213.9679166036347
3024657.0,65.16122683704162
3024658.0,28.220067458852284
3024659.0,26.645350890535607
3024660.0,1374.675682061636
3024661.0,2.832465367582578
3024662.0,0.49873294022970904
3024663.0,10.710816836389888
3024664.0,7.1464840897459005
3024665.0,0.17794626011840287
3024666.0,69.12926921545824
3024667.0,0.1715752775015582
3024668.0,4.255979395436391
3024669.0,0.9974118288942311
3024670.0,10.27136427274602
3024671.0,0.2482790054322288
3024672.0,235.62082733449006
3024673.0,115.49157845856324
3024674.0,1.64569926118786
3024675.0,1.233347013666804
3024676.0,114.09920312404894
3024677.0,23.026215500563236
3024678.0,426.75204378038836
3024679.0,1.4428014207465922
3024680.0,1.2836999653113914
3024681.0,5.055974351336809
3024682.0,0.1880730154597331
3024683.0,2.902018481927859
3024684.0,2656.776347650314
3024685.0,0.17430311467867582
3024686.0,555.3847845635783
3024687.0,11.551577191035989
3024688.0,805.9292649845634
3024689.0,866.8619772683644
3024690.0,264.76748252642307
3024691.0,203.80159603341298
3024692.0,92.25227204474432
3024693.0,3486.150556404152
3024694.0,23.692571310078517
3024695.0,2.1733711307186843
3024696.0,18.3035589468674
3024697.0,22.077400155008448
3024698.0,0.1568158063169509
3024699.0,226.49065208778552
3024700.0,4.668526933084591
3024701.0,32.41782671571021
3024702.0,7.990137153210833
3024703.0,87.0270872138916
3024704.0,3.149881628877003
3024705.0,259.8556076514826
3024706.0,231.52748169882955
3024707.0,7.797536302997769
3024708.0,7.15194907347888
3024709.0,351.32058838796627
3024710.0,62.175527272480984
3024711.0,1956.2859718138268
3024712.0,1.5131344864428498
3024713.0,11.390389423388305
3024714.0,5.2641884805376495
3024715.0,0.0947121618170716
3024716.0,3.316569234411057
3024717.0,3298.05518166393
3024718.0,0.027806497888954156
3024719.0,635.6016255163645
3024720.0,11.327468814802607
3024721.0,1182.229442518355
3024722.0,856.3313920795968
3024723.0,346.19700718238596
3024724.0,283.39152593648396
3024725.0,63.294609698442656
3024726.0,4774.279918781087
3024727.0,12.741650469804608
3024728.0,0.5843724285270742
3024729.0,24.708292100412763
3024730.0,14.754668007302282
3024731.0,0.6040779000994206
3024732.0,272.4573587487938
3024733.0,0.09749407017489198
3024734.0,5.421674004200064
3024735.0,4.216102770566226
3024736.0,35.21038666917333
3024737.0,0.8930616030229672
3024738.0,204.38820300052166
3024739.0,292.5666658378666
3024740.0,3.8942063610849673
3024741.0,3.9081972455674983
3024742.0,225.49846417498503
3024743.0,82.7374951047538
3024744.0,2434.2037861582385
3024745.0,2.016784201204308
3024746.0,2.605594076154888
3024747.0,4.931104540556138
3024748.0,0.26913375816411633
3024749.0,2.1780785883620015
3024750.0,3066.5846384844444
3024751.0,0.03180644590938489
3024752.0,622.3362302189187
3024753.0,10.117366935865348
3024754.0,984.8972460689473
3024755.0,695.8862549782359
3024756.0,255.70659684688675
3024757.0,197.94804240813892
3024758.0,52.948124687889866
3024759.0,3895.8152790685617
3024760.0,14.71885403255831
3024761.0,0.9816599520537783
3024762.0,22.419616939089263
3024763.0,17.142431760076867
3024764.0,0.10066179651644286
3024765.0,254.76920537596988
3024766.0,0.08291464463039572
3024767.0,7.64431693796967
3024768.0,4.62777034836742
3024769.0,53.88611343920296
3024770.0,1.0802517755528036
3024771.0,121.0282446425791
3024772.0,226.80245554600654
3024773.0,4.353492925798763
3024774.0,3.9854116229977827
3024775.0,203.21703178545891
3024776.0,58.31809654087533
3024777.0,1848.4805797799613
3024778.0,1.5444830026288723
3024779.0,4.993750842884557
3024780.0,9.906112384430916
3024781.0,0.5592492582381532
3024782.0,13.190201605391199
3024783.0,6926.504673462765
3024784.0,0.13421682680849878
3024785.0,1031.6966842099064
3024786.0,23.467013545738286
3024787.0,1863.9976508869538
3024788.0,1788.2699368746066
3024789.0,304.814920685877
3024790.0,411.2251392230654
3024791.0,270.2333693870306
3024792.0,6624.842359176831
3024793.0,63.532170622294885
3024794.0,2.2897261764792605
3024795.0,43.57201901533345
3024796.0,54.15871186575724
3024797.0,0.21408677426422187
3024798.0,476.65877219301984
3024799.0,29.242576434214754
3024800.0,46.06180699981704
3024801.0,19.41576995199855
3024802.0,152.48756187561222
3024803.0,22.083590693177477
3024804.0,581.1741826420255
3024805.0,479.9260350161894
3024806.0,17.25245033804912
3024807.0,19.6122127052437
3024808.0,884.7247573747262
3024809.0,214.13799300651036
3024810.0,5888.848936612879
3024811.0,1.95036459925977
3024812.0,72.34355984460467
3024813.0,2.319821069916536
3024814.0,0.25063424440464455
3024815.0,0.7664174182607801
3024816.0,1380.3217402713472
3024817.0,0.023513340762336545
3024818.0,171.78831691353656
3024819.0,3.1485802781672074
3024820.0,671.5150570156068
3024821.0,269.48483409840287
3024822.0,109.75565137460269
3024823.0,120.85986905170984
3024824.0,44.96662037696688
3024825.0,2059.8065033894472
3024826.0,4.07894439098575
3024827.0,0.31812504839410083
3024828.0,11.894600005826586
3024829.0,7.1792592026221405
3024830.0,0.11932150364770482
3024831.0,172.56216340592073
3024832.0,0.6879791546381069
3024833.0,3.0380800158229455
3024834.0,2.3801840898572806
3024835.0,28.002717657259733
3024836.0,0.6168088224646957
3024837.0,62.25615600406426
3024838.0,83.08779871471506
3024839.0,1.4171055214718051
3024840.0,3.7018758999643904
3024841.0,99.36068033565942
3024842.0,20.981718265112494
3024843.0,1024.5828898115474
3024844.0,1.4912661174865458
3024845.0,2.9978632550658846
3024846.0,6.244733698806169
3024847.0,0.14153345686617738
3024848.0,2.0178908334077352
3024849.0,3740.721885909539
3024850.0,0.03542972046399322
3024851.0,577.8412501295863
3024852.0,8.61232168510589
3024853.0,1110.1154760221307
3024854.0,646.0380070300256
3024855.0,227.8299260027481
3024856.0,312.9700052321457
3024857.0,79.90743768610793
3024858.0,4619.533389430964
3024859.0,11.76175484732265
3024860.0,0.3702806614873685
3024861.0,16.83313738865718
3024862.0,18.430037843736088
3024863.0,0.10863687986923858
3024864.0,268.29586612668254
3024865.0,1.0278987847540657
3024866.0,4.7936220494961495
3024867.0,9.678156789441068
3024868.0,15.626124536826326
3024869.0,1.4004021260034032
3024870.0,324.7607530727128
3024871.0,249.32397002545386
3024872.0,3.466891017291112
3024873.0,5.777458588718657
3024874.0,149.0923672761789
3024875.0,55.547464355155796
3024876.0,2050.020290828991
3024877.0,1.684231718868519
3024878.0,4.816139595628619
3024879.0,1.2909039821362072
3024880.0,0.0382988064334388
3024881.0,0.7461621322722295
3024882.0,1099.4792118859568
3024883.0,0.023085268910236288
3024884.0,104.5134482295926
3024885.0,3.2679083442223194
3024886.0,542.1203305311797
3024887.0,146.93983901421535
3024888.0,85.74918644208894
3024889.0,130.3867953435631
3024890.0,17.290220235221803
3024891.0,1800.6672206143928
3024892.0,1.4076409704549608
3024893.0,0.25980120746418667
3024894.0,7.264457423203823
3024895.0,3.0180917493995687
3024896.0,0.11329790094766976
3024897.0,82.6003708021078
3024898.0,0.0409715482543797
3024899.0,2.761532507236924
3024900.0,0.8595312535418136
3024901.0,15.456716359275074
3024902.0,0.2464629636646316
3024903.0,61.148460932196244
3024904.0,68.52883845293451
3024905.0,0.532514933335518
3024906.0,1.0499350175338449
3024907.0,52.64394936163021
3024908.0,8.72661478467034
3024909.0,321.79935170656324
3024910.0,2.7203114713872365
3024911.0,1.143284479500825
3024912.0,6.283530492328996
3024913.0,0.05754237834072068
3024914.0,1.8469334819120382
3024915.0,2191.4594390753887
3024916.0,0.02322490355903991
3024917.0,239.30859325438612
3024918.0,5.72373132256949
3024919.0,1022.7139246421864
3024920.0,363.1856814738148
3024921.0,173.4031044017255
3024922.0,104.44252125383564
3024923.0,45.06226558179023
3024924.0,3012.4482845494776
3024925.0,3.409197753556813
3024926.0,0.37404617715725014
3024927.0,24.700220312901536
3024928.0,14.867703525212189
3024929.0,0.14398290774621259
3024930.0,207.91059016873297
3024931.0,0.0483347385750323
3024932.0,3.3881020599624696
3024933.0,10.66023310093303
3024934.0,28.145537018919306
3024935.0,1.138063494455386
3024936.0,193.64798075504575
3024937.0,197.36574764593513
3024938.0,1.3433365363871697
3024939.0,3.4865667696010028
3024940.0,225.70941991156033
3024941.0,29.785520778422466
3024942.0,1833.7392415252673
3024943.0,3.1676744465056355
3024944.0,0.8293421984785814
3024945.0,2.6717977157097503
3024946.0,0.257406833678566
3024947.0,1.4011004182985525
3024948.0,2076.9827104147953
3024949.0,0.044027523013370456
3024950.0,601.924862194488
3024951.0,6.062272613836305
3024952.0,749.9960945012875
3024953.0,528.8565892135557
3024954.0,216.949842185455
3024955.0,117.08923816705708
3024956.0,54.26780709568962
3024957.0,3514.5228931408164
3024958.0,5.898608882175516
3024959.0,2.6511396520387236
3024960.0,21.979285203932893
3024961.0,31.337876489815564
3024962.0,0.13559109001669242
3024963.0,189.4864655522788
3024964.0,1.7750785005788003
3024965.0,5.200266126990885
3024966.0,2.7615204372192066
3024967.0,18.595558861283944
3024968.0,1.488384763129741
3024969.0,156.5191166259274
3024970.0,250.36795126316633
3024971.0,2.496611814502737
3024972.0,4.6121629646074584
3024973.0,131.59945440585386
3024974.0,27.974525775318316
3024975.0,940.2156351616433
3024976.0,2.746474945012145
3024977.0,1.5543773551801623
3024978.0,3.270173448248983
3024979.0,0.08111799557813087
3024980.0,0.6252500907727495
3024981.0,1171.6586325813887
3024982.0,0.023085268910236288
3024983.0,119.64240135048766
3024984.0,2.100337663114009
3024985.0,388.4110367901964
3024986.0,144.45311807660804
3024987.0,83.65105758207116
3024988.0,99.26969257786271
3024989.0,38.035176868438086
3024990.0,1871.6294597849876
3024991.0,3.7512814686556974
3024992.0,0.4258921645437176
3024993.0,7.284791426150209
3024994.0,5.371749477624327
3024995.0,0.08111799557813087
3024996.0,89.18874546303067
3024997.0,0.0409715482543797
3024998.0,3.049807153042283
3024999.0,0.8428646974927405
3025000.0,20.45387444850801
3025001.0,0.614191696247974
3025002.0,183.65499541584722
3025003.0,81.59806601663628
3025004.0,0.6854285328320575
3025005.0,2.026537537950121
3025006.0,44.95869917331201
3025007.0,14.920753712009873
3025008.0,534.5173379765937
3025009.0,1.702421166090128
3025010.0,0.6535978782057308
3025011.0,3.722841602798463
3025012.0,0.09010076934827069
3025013.0,0.8783411202769482
3025014.0,3351.9263749325855
3025015.0,0.023513340762336545
3025016.0,518.6381688712383
3025017.0,6.860765461723154
3025018.0,880.6352191921849
3025019.0,625.8462156071593
3025020.0,210.37408290573705
3025021.0,138.0679442004513
3025022.0,70.99459258697419
3025023.0,4060.4409827750005
3025024.0,6.452780414028971
3025025.0,0.3371444279899448
3025026.0,23.560809731468957
3025027.0,8.722506728874645
3025028.0,0.10107410211390792
3025029.0,211.86685796999626
3025030.0,0.051734260822700405
3025031.0,23.71238303730474
3025032.0,2.671000419896779
3025033.0,37.990487861337044
3025034.0,0.876929104693756
3025035.0,241.45328095848248
3025036.0,203.48440172008713
3025037.0,2.1138602583026884
3025038.0,3.179788687234318
3025039.0,123.78199696564599
3025040.0,39.94510985695983
3025041.0,2055.2840376982986
3025042.0,1.473581887222771
3025043.0,0.9780434756586658
3025044.0,3.955286330851169
3025045.0,0.19478860356232602
3025046.0,5.500968991695775
3025047.0,2607.281432361435
3025048.0,0.12894947208818497
3025049.0,521.211398124032
3025050.0,6.985565602040332
3025051.0,936.104511760454
3025052.0,773.5357626482265
3025053.0,143.13044008975348
3025054.0,115.04976783337428
3025055.0,121.35677887921413
3025056.0,3486.1571127076413
3025057.0,41.340982633283474
3025058.0,1.249792051421092
3025059.0,24.492293338050413
3025060.0,24.0542974179385
3025061.0,0.17260896287310834
3025062.0,229.36270386037666
3025063.0,17.887922734902766
3025064.0,19.285092487356835
3025065.0,1.8719515058330183
3025066.0,82.58345197018377
3025067.0,8.322749723866213
3025068.0,216.6963181270537
3025069.0,255.99227316574212
3025070.0,9.151024874747296
3025071.0,10.949427097163836
3025072.0,230.13484144372921
3025073.0,61.29729366417084
3025074.0,2029.4142378958827
3025075.0,6.157156673656808
3025076.0,8.95593724575258
3025077.0,4.603430169798741
3025078.0,0.037069072751803926
3025079.0,5.027530735561876
3025080.0,2681.142657619123
3025081.0,0.11022432608016892
3025082.0,390.2335595306615
3025083.0,10.748978147923665
3025084.0,831.7855666623722
3025085.0,675.2362807147822
3025086.0,137.1902086545113
3025087.0,78.37357033561014
3025088.0,84.684682384791
3025089.0,3246.049247368609
3025090.0,29.746446017876615
3025091.0,0.9816182399651656
3025092.0,35.46167955714484
3025093.0,30.38971869147032
3025094.0,0.11241037193563959
3025095.0,274.54252199977157
3025096.0,17.119026764819484
3025097.0,14.767903326230426
3025098.0,7.70756897391504
3025099.0,60.35621759476275
3025100.0,9.71427163617282
3025101.0,123.84303201526745
3025102.0,287.85844969072673
3025103.0,6.693141601915887
3025104.0,8.659979898012544
3025105.0,102.27335712061426
3025106.0,61.394743804719596
3025107.0,1582.12646478132
3025108.0,2.5870454677457144
3025109.0,11.281512550671698
3025110.0,7.0319665191337695
3025111.0,0.1951055328610813
3025112.0,3.885527472352602
3025113.0,3848.5697479900946
3025114.0,0.04218537644574097
3025115.0,638.963398740035
3025116.0,5.059474850739845
3025117.0,1555.853636078654
3025118.0,628.220595191788
3025119.0,196.5253241174679
3025120.0,280.49624922784386
3025121.0,63.45564656114401
3025122.0,4840.244922620821
3025123.0,26.523218023935506
3025124.0,1.1372133709871124
3025125.0,20.884766381302214
3025126.0,14.845639847908197
3025127.0,0.12360643754765979
3025128.0,398.56404980967596
3025129.0,4.270113309575713
3025130.0,14.719155475671734
3025131.0,5.8774921709109575
3025132.0,35.989166357126734
3025133.0,2.952570377816775
3025134.0,151.37168733749849
3025135.0,292.98925860297186
3025136.0,6.024631281991667
3025137.0,8.90020731563843
3025138.0,198.7089038379649
3025139.0,50.60549320880827
3025140.0,2482.2993439922966
3025141.0,7.1410638751201185
3025142.0,13.532370784182639
3025143.0,3.251364313641693
3025144.0,0.17366966473438591
3025145.0,4.851853601220631
3025146.0,2213.0304088678276
3025147.0,0.10672243208377882
3025148.0,314.6810567613028
3025149.0,5.520800055551537
3025150.0,757.1479625115853
3025151.0,617.8640472435526
3025152.0,166.7390381063437
3025153.0,122.8301736877457
3025154.0,67.14115691701456
3025155.0,3092.8618730302087
3025156.0,21.02788591543166
3025157.0,1.0153750719933128
3025158.0,15.345404472094202
3025159.0,11.447162742406734
3025160.0,0.1558674396230207
3025161.0,207.79902860093276
3025162.0,15.451699252427156
3025163.0,17.277144552362333
3025164.0,1.3924308246770993
3025165.0,44.27957428782381
3025166.0,6.381551051130407
3025167.0,309.56432154406684
3025168.0,224.3222397081003
3025169.0,4.54541348994011
3025170.0,6.6715971661331945
3025171.0,309.8012868589484
3025172.0,52.12683372731707
3025173.0,1819.5822108275693
3025174.0,1.6288163465788985
3025175.0,21.850341595900694
3025176.0,2.655662586212256
3025177.0,0.13090861504077583
3025178.0,3.141317773259797
3025179.0,3813.572866863313
3025180.0,0.028674844727573357
3025181.0,478.8389893379956
3025182.0,6.178452656382758
3025183.0,1808.403713877503
3025184.0,609.9335253728718
3025185.0,274.79283212540963
3025186.0,182.11508917194232
3025187.0,72.25838002155557
3025188.0,5270.8974731888975
3025189.0,9.753682162605287
3025190.0,1.2457358995402363
3025191.0,30.23989702453104
3025192.0,25.24098218989445
3025193.0,0.14679466061832883
3025194.0,427.023816968803
3025195.0,0.0739684358928219
3025196.0,2.204708269953051
3025197.0,6.804587388184872
3025198.0,28.74466410388144
3025199.0,1.5505199331321273
3025200.0,131.2164086629865
3025201.0,288.5964828483493
3025202.0,2.554219805609358
3025203.0,9.64515905653926
3025204.0,175.9340485831964
3025205.0,51.71273587013878
3025206.0,1745.8600160833385
3025207.0,4.389997372298695
3025208.0,3.6438836351539527
3025209.0,5.634366158696984
3025210.0,0.10550128183179179
3025211.0,6.278643371308386
3025212.0,2113.6680465235836
3025213.0,0.1119686350890827
3025214.0,408.1011720222953
3025215.0,8.998813869087083
3025216.0,912.2664914778086
3025217.0,591.7146421245866
3025218.0,200.10086831940416
3025219.0,107.34256118516066
3025220.0,101.21334235900571
3025221.0,3450.991316304587
3025222.0,29.387130032387688
3025223.0,1.096449619722384
3025224.0,21.563575068918798
3025225.0,39.278450356367266
3025226.0,0.10918251072507912
3025227.0,246.5879470065206
3025228.0,14.428426711822434
3025229.0,14.532020856284642
3025230.0,6.06676844507127
3025231.0,64.3060592171262
3025232.0,8.617344715686153
3025233.0,163.12237542354512
3025234.0,335.67644217875545
3025235.0,10.53499169465941
3025236.0,7.397666156882144
3025237.0,172.47863690549985
3025238.0,49.08319095688107
3025239.0,1711.7376724263513
3025240.0,1.5490581286145386
3025241.0,5.801773858165308
3025242.0,2.7575822014550937
3025243.0,0.16534446607981618
3025244.0,4.970011440163401
3025245.0,2705.508056681311
3025246.0,0.10880341192848705
3025247.0,427.21615590427035
3025248.0,6.18923513543738
3025249.0,699.7356785834448
3025250.0,743.6211543927207
3025251.0,142.31523814558184
3025252.0,113.62259274878792
3025253.0,106.31969661073724
3025254.0,2925.244446223893
3025255.0,20.710445343633758
3025256.0,0.7973112680422173
3025257.0,21.858778084108373
3025258.0,13.386674564803522
3025259.0,0.10014384986690025
3025260.0,184.7533374458147
3025261.0,12.787452880722684
3025262.0,28.58025149243904
3025263.0,3.398946653966161
3025264.0,43.768895369770235
3025265.0,7.270894175332754
3025266.0,196.96933150226963
3025267.0,208.67057676518627
3025268.0,6.832980867109787
3025269.0,7.061697259114172
3025270.0,180.2207102584207
3025271.0,47.37840050948593
3025272.0,1995.4409274871673
3025273.0,5.590181873126875
3025274.0,11.733838113881205
3025275.0,5.27655128100421
3025276.0,0.08856759642370621
3025277.0,3.9275382274652144
3025278.0,4502.592908714374
3025279.0,0.023085268910236288
3025280.0,540.5963471217822
3025281.0,13.140649730024633
3025282.0,1142.876881855953
3025283.0,653.783640086837
3025284.0,258.14404002009474
3025285.0,200.65020454938247
3025286.0,53.46988568245247
3025287.0,4553.82434721923
3025288.0,8.425104043641785
3025289.0,0.23727889642634853
3025290.0,15.080421656278128
3025291.0,18.244246987548223
3025292.0,0.13848319749904972
3025293.0,226.87363299779173
3025294.0,0.044920114986042974
3025295.0,9.7479906269996
3025296.0,1.4305726562779149
3025297.0,45.925529229185244
3025298.0,1.9955025261020753
3025299.0,205.68393343932826
3025300.0,258.9590343667934
3025301.0,2.8387146686171563
3025302.0,1.092357906169166
3025303.0,254.1181576415571
3025304.0,154.0194449008132
3025305.0,1774.1848162475044
3025306.0,1.9136293167515936
3025307.0,0.6097958748840621
3025308.0,11.755484253162281
3025309.0,0.053142918223146256
3025310.0,13.32984473306794
3025311.0,7496.34008293702
3025312.0,0.12735561355711336
3025313.0,1396.7410114365698
3025314.0,21.161883582904892
3025315.0,2184.8774679485296
3025316.0,1971.7622167369275
3025317.0,479.5222739196369
3025318.0,491.1969472325119
3025319.0,365.5843061571288
3025320.0,7937.969496880865
3025321.0,84.58434001480788
3025322.0,3.5534637235363724
3025323.0,108.6017543069033
3025324.0,98.03681668639395
3025325.0,0.24102653245404776
3025326.0,605.3204428466497
3025327.0,28.726465603960364
3025328.0,22.45478337713086
3025329.0,44.52101303277837
3025330.0,233.02301862218712
3025331.0,20.666725997533554
3025332.0,678.8423726965527
3025333.0,544.361154405206
3025334.0,32.753646455937144
3025335.0,29.156596258499846
3025336.0,876.6769222145978
3025337.0,261.47391548640036
3025338.0,6245.768829223098
3025339.0,180.47598112688695
3025340.0,84.66051758780512
3025341.0,13.621639183469389
3025342.0,0.043585635671023186
3025343.0,11.154565931456137
3025344.0,7271.779897347673
3025345.0,0.1176114536798131
3025346.0,1001.1119848666697
3025347.0,19.5657232365988
3025348.0,2171.6400477775987
3025349.0,1761.427948850026
3025350.0,559.8015364812255
3025351.0,307.3772215429981
3025352.0,237.81304009112932
3025353.0,8362.150339788026
3025354.0,115.26021372274565
3025355.0,1.5477931130297775
3025356.0,59.81853592407238
3025357.0,73.57867705975983
3025358.0,0.6439515714235021
3025359.0,581.6519389381824
3025360.0,24.32870979959404
3025361.0,24.759235133863
3025362.0,19.14190475580625
3025363.0,148.8400310676813
3025364.0,17.00680239170523
3025365.0,857.6245015148975
3025366.0,636.4395617162322
3025367.0,21.557431887880306
3025368.0,22.117731276014172
3025369.0,1009.9642685127985
3025370.0,195.0248894226384
3025371.0,4733.987154268875
3025372.0,313.1591003481964
3025373.0,74.41085608437794
3025374.0,8.843772711842984
3025375.0,0.04124081848351907
3025376.0,14.55416476197788
3025377.0,4933.2042126624
3025378.0,0.13170266393742197
3025379.0,763.0058411816881
3025380.0,10.912938127003914
3025381.0,1955.4010364312699
3025382.0,1265.2837883820516
3025383.0,670.2040842204656
3025384.0,124.98328347367348
3025385.0,199.23471491861315
3025386.0,7555.32914352096
3025387.0,45.5424194751299
3025388.0,2.2998608603439545
3025389.0,39.04222286872163
3025390.0,21.840124396272834
3025391.0,0.35888183187588635
3025392.0,525.1200193466693
3025393.0,29.88270773407065
3025394.0,20.05369779682207
3025395.0,10.02676225491712
3025396.0,82.99679085587698
3025397.0,8.719822880092202
3025398.0,816.2115015471254
3025399.0,627.7632081795794
3025400.0,17.634068915024997
3025401.0,35.91512691656766
3025402.0,614.2523596246199
3025403.0,115.82833182237374
3025404.0,2145.8874909426486
3025405.0,141.9905406564789
3025406.0,36.28161764943452
3025407.0,13.69526003185682
3025408.0,0.04331677468656253
3025409.0,16.70545426509891
3025410.0,6489.048654352355
3025411.0,0.11814937269801265
3025412.0,1011.3254187396437
3025413.0,15.75146731106297
3025414.0,2074.3183113040295
3025415.0,1796.8383227972645
3025416.0,542.8611937858341
3025417.0,287.45998112490093
3025418.0,205.53592340695883
3025419.0,8022.834177649449
3025420.0,45.12489800530979
3025421.0,1.4068231415943324
3025422.0,50.97568276381118
3025423.0,69.70059636801703
3025424.0,0.7082913430396987
3025425.0,562.422235006902
3025426.0,26.771061163770263
3025427.0,20.167972944080397
3025428.0,21.37410221916366
3025429.0,146.25879744699836
3025430.0,10.800394957669333
3025431.0,733.8623833678703
3025432.0,643.7560410443293
3025433.0,17.047694156363406
3025434.0,24.44117857634903
3025435.0,943.5823261522721
3025436.0,182.24180553444154
3025437.0,4414.745551449332
3025438.0,320.83484765588685
3025439.0,59.5881409736507
3025440.0,10.854861549681658
3025441.0,0.03501095268049287
3025442.0,16.991340505988223
3025443.0,4203.249522390196
3025444.0,0.1083991806598616
3025445.0,644.6788721643317
3025446.0,12.497602844707401
3025447.0,1953.4299270043734
3025448.0,1022.118056051603
3025449.0,484.02404159758595
3025450.0,94.9685773374633
3025451.0,152.4176580928849
3025452.0,6753.641659045211
3025453.0,42.27843446924233
3025454.0,0.4895803727396525
3025455.0,26.20295047415069
3025456.0,36.1610173286106
3025457.0,0.16142036941007226
3025458.0,522.5721059943801
3025459.0,23.208734607653682
3025460.0,8.732419142685158
3025461.0,11.171118985946345
3025462.0,84.02470777477566
3025463.0,5.015262304377595
3025464.0,746.5209294410093
3025465.0,711.1755723180896
3025466.0,15.072974756724818
3025467.0,23.223946698386264
3025468.0,668.0784441963307
3025469.0,78.96016159528745
3025470.0,1511.5687453827236
3025471.0,312.16743851145634
3025472.0,18.033178843068583
3025473.0,10.371365067503833
3025474.0,0.05000669690370923
3025475.0,10.723656858433952
3025476.0,5639.065628196127
3025477.0,0.13083848397140352
3025478.0,1048.582219504633
3025479.0,22.682891141679306
3025480.0,1664.1995250608747
3025481.0,1888.7973135851062
3025482.0,391.23431539416833
3025483.0,422.21907013585434
3025484.0,257.6242140799689
3025485.0,6948.4697620324005
3025486.0,68.35332161363812
3025487.0,1.234996977089117
3025488.0,42.61550152403723
3025489.0,46.25880348621989
3025490.0,0.37493868961408533
3025491.0,481.0129320478046
3025492.0,15.391290323097625
3025493.0,21.21630037295676
3025494.0,12.67195459924216
3025495.0,165.52176979145278
3025496.0,16.096646196661254
3025497.0,632.9141420543554
3025498.0,484.59755253553857
3025499.0,16.02096590528064
3025500.0,24.129132648657652
3025501.0,833.6455076602119
3025502.0,180.25673916491561
3025503.0,5801.161194012853
3025504.0,188.27363404645192
3025505.0,71.8384723502258
3025506.0,5.3407461287922775
3025507.0,0.23063507775541195
3025508.0,5.49918753082907
3025509.0,1645.7836403643337
3025510.0,0.11872194294520805
3025511.0,313.0362194741523
3025512.0,18.84436159623602
3025513.0,752.8745769825191
3025514.0,484.4679017056357
3025515.0,200.5426714967383
3025516.0,79.87787499092367
3025517.0,75.63911998338307
3025518.0,2574.487051282593
3025519.0,39.402176198756635
3025520.0,1.008494367221075
3025521.0,23.48673675439658
3025522.0,18.71138528063465
3025523.0,0.18032709507226655
3025524.0,195.7379504627363
3025525.0,10.075972840265102
3025526.0,6.7971071512304295
3025527.0,9.20267090590156
3025528.0,42.894890004131895
3025529.0,5.448608901637012
3025530.0,220.10901187000712
3025531.0,242.67283940035458
3025532.0,3.2614643658858893
3025533.0,5.5797011908588505
3025534.0,197.20455476879673
3025535.0,50.277856459917594
3025536.0,1394.2026520402778
3025537.0,1.2945752947924258
3025538.0,9.262509537669418
3025539.0,9.304018837097296
3025540.0,0.041664992144095414
3025541.0,11.210525659768754
3025542.0,4027.4113430422904
3025543.0,0.11555807939285404
3025544.0,473.84730372683566
3025545.0,24.34307389193247
3025546.0,1535.944577298596
3025547.0,976.2413825031824
3025548.0,392.8282533215148
3025549.0,93.61927664289044
3025550.0,111.18432122514899
3025551.0,5931.1818520766965
3025552.0,87.52603314228449
3025553.0,1.104492932105524
3025554.0,48.609163658661764
3025555.0,26.99564135158021
3025556.0,0.13546328191540885
3025557.0,369.39021865095845
3025558.0,16.37965880526313
3025559.0,6.300836303548766
3025560.0,3.486872204061692
3025561.0,96.79000624517737
3025562.0,7.477551069323155
3025563.0,516.9167961826147
3025564.0,457.767935176606
3025565.0,10.413188179842477
3025566.0,20.836833415180628
3025567.0,338.96741616776615
3025568.0,71.67030577445101
3025569.0,1792.5017221515545
3025570.0,247.9845258322567
3025571.0,16.273683064969806
3025572.0,5.909814862534245
3025573.0,0.04584792903215056
3025574.0,5.833456129689069
3025575.0,3803.9843733444604
3025576.0,0.12129465937377329
3025577.0,724.4057184805304
3025578.0,7.817740730340237
3025579.0,1181.2788063765954
3025580.0,1295.7447432600875
3025581.0,213.00372390015505
3025582.0,283.64358333563746
3025583.0,214.36763187409525
3025584.0,4492.05335499443
3025585.0,38.07996564971607
3025586.0,1.4043158098234625
3025587.0,32.255048777198226
3025588.0,38.84354634872737
3025589.0,0.3239697484680518
3025590.0,303.7923678093778
3025591.0,2.4990605782656554
3025592.0,35.96778306333741
3025593.0,4.633327325103959
3025594.0,96.13250135572025
3025595.0,9.248956872297383
3025596.0,491.8470031649187
3025597.0,273.9850545800416
3025598.0,17.255017917273683
3025599.0,9.350167317795375
3025600.0,583.1613157699791
3025601.0,105.1696182435281
3025602.0,4130.231783277093
3025603.0,2.6757422984942085
3025604.0,37.86991860899193
3025605.0,8.005794709410484
3025606.0,0.024187079420257458
3025607.0,7.655504408753487
3025608.0,3940.8953590886777
3025609.0,0.024187079420257458
3025610.0,667.3504621892707
3025611.0,9.861223592913909
3025612.0,1315.925970500714
3025613.0,944.2317492942319
3025614.0,292.5416254203718
3025615.0,176.8668295773887
3025616.0,249.73570108747185
3025617.0,4966.42380094645
3025618.0,38.13146923093538
3025619.0,2.249561807539925
3025620.0,45.79606110913693
3025621.0,48.936611330089896
3025622.0,0.12917485760800282
3025623.0,304.64723495893554
3025624.0,5.869277307328771
3025625.0,45.60766558728304
3025626.0,7.848259892040009
3025627.0,168.15205152111906
3025628.0,7.310503432695693
3025629.0,380.4929308915971
3025630.0,299.56295045930636
3025631.0,12.858825163601466
3025632.0,22.498566566297708
3025633.0,376.044182046974
3025634.0,113.26139798953542
3025635.0,3394.5180312864927
3025636.0,2.7156393855987138
3025637.0,8.268478112412986
3025638.0,6.419985922334155
3025639.0,0.11319253273879988
3025640.0,2.7342866570794824
3025641.0,2008.6663152108385
3025642.0,0.11783733531374142
3025643.0,412.7715800030883
3025644.0,5.829467572718697
3025645.0,853.289481398736
3025646.0,466.04201406192044
3025647.0,187.00701064140213
3025648.0,84.80864544599562
3025649.0,99.23355737440279
3025650.0,2721.607958444223
3025651.0,14.224212240626255
3025652.0,1.0585324237125033
3025653.0,25.788284348496575
3025654.0,20.541193556014015
3025655.0,0.12713998626451706
3025656.0,200.75094673983182
3025657.0,4.0739735778946065
3025658.0,10.124114041451342
3025659.0,4.985617595772512
3025660.0,47.231523988845986
3025661.0,3.2565847773310455
3025662.0,233.1025244452451
3025663.0,199.5744433789732
3025664.0,3.581025587717328
3025665.0,5.116961300816274
3025666.0,160.1858935468832
3025667.0,55.28062614497154
3025668.0,1530.5770757530106
3025669.0,1.3135800244113007
3025670.0,4.202877859585859
3025671.0,4.909829674939079
3025672.0,0.023085268910236288
3025673.0,1.8180438142530748
3025674.0,2993.733393576913
3025675.0,0.023085268910236288
3025676.0,242.83458870490733
3025677.0,3.113719845372301
3025678.0,1033.119673277046
3025679.0,237.17807670776727
3025680.0,221.8308988308031
3025681.0,60.75530842530208
3025682.0,26.464294912526874
3025683.0,3132.5311136233677
3025684.0,6.951639203014382
3025685.0,0.7065257423430071
3025686.0,16.50964666266664
3025687.0,9.704989874606639
3025688.0,0.10287716499869895
3025689.0,234.77230284881352
3025690.0,0.04225927819941349
3025691.0,2.9496102428651283
3025692.0,3.348691041828964
3025693.0,15.221803080317097
3025694.0,0.8162445142963418
3025695.0,48.32342998796775
3025696.0,163.6832215262894
3025697.0,0.1502015499106179
3025698.0,1.7023879368788366
3025699.0,63.164865494585406
3025700.0,80.91090999928167
3025701.0,808.8211797723201
3025702.0,2.7560622262545005
3025703.0,1.5584693216197845
3025704.0,5.166165438399588
3025705.0,0.11100962054380147
3025706.0,6.293470563344086
3025707.0,2983.0190690160207
3025708.0,0.17826023281387804
3025709.0,487.2025063682121
3025710.0,10.220474191522051
3025711.0,1096.3405334378438
3025712.0,815.1310468041028
3025713.0,300.2175495037529
3025714.0,144.3404292505797
3025715.0,125.93500789940009
3025716.0,4177.884677175432
3025717.0,30.904848228054718
3025718.0,0.844440640921279
3025719.0,18.427388437800012
3025720.0,51.421902776772484
3025721.0,0.11284417498991657
3025722.0,285.53423623362664
3025723.0,16.842092256176027
3025724.0,12.14447856341635
3025725.0,12.89765942229508
3025726.0,55.47489987254551
3025727.0,5.379293830082528
3025728.0,405.9125999593314
3025729.0,315.20112089192213
3025730.0,7.883911515981106
3025731.0,10.993058531220889
3025732.0,456.02428981179446
3025733.0,75.62075979539486
3025734.0,1922.2475306964934
3025735.0,4.619278245463743
3025736.0,29.20475377829402
3025737.0,4.846676233627145
3025738.0,0.12775301262499208
3025739.0,4.656643817716922
3025740.0,3502.878250089986
3025741.0,0.16668220281520654
3025742.0,609.5244124127988
3025743.0,15.467134010841118
3025744.0,1049.3393691270408
3025745.0,1120.2278888225233
3025746.0,178.5793547592049
3025747.0,237.24742077607132
3025748.0,183.3339562386372
3025749.0,3710.688752148272
3025750.0,34.99443851544166
3025751.0,2.5396905504837948
3025752.0,27.778410784480776
3025753.0,24.978750321616516
3025754.0,0.5478597945161587
3025755.0,240.4838653474937
3025756.0,10.764056182928968
3025757.0,37.75438426261756
3025758.0,8.424380436754053
3025759.0,100.7718223310876
3025760.0,11.202969007850083
3025761.0,426.1661173097264
3025762.0,269.04414085472376
3025763.0,6.300147840267162
3025764.0,11.764793403748918
3025765.0,588.6363817474403
3025766.0,104.94586122416445
3025767.0,4057.8382949871198
3025768.0,2.2582717667652674
3025769.0,38.368904577355366
3025770.0,3.3821306495979955
3025771.0,0.31852024663138967
3025772.0,7.375844887315742
3025773.0,3230.1311893701695
3025774.0,0.12735561355711336
3025775.0,673.7029934040593
3025776.0,16.84551412952724
3025777.0,950.5664893493961
3025778.0,1033.3537760432769
3025779.0,235.9693536842923
3025780.0,251.04882472825244
3025781.0,130.16556399268921
3025782.0,3345.036778298359
3025783.0,33.06320322579018
3025784.0,2.5313107823996965
3025785.0,36.35679547713555
3025786.0,38.3170012904772
3025787.0,0.13917612641042282
3025788.0,283.75662971450527
3025789.0,21.141498893471425
3025790.0,27.911815656193525
3025791.0,16.003152868165117
3025792.0,96.17748002538713
3025793.0,14.582424399036862
3025794.0,354.53720097236203
3025795.0,267.5254641486217
3025796.0,15.2228204396527
3025797.0,16.41524806319736
3025798.0,472.86409544466153
3025799.0,107.93850132589738
3025800.0,3218.716891320611
3025801.0,2.12158002014718
3025802.0,27.62051490280058
3025803.0,11.011717049221463
3025804.0,0.2400712119765357
3025805.0,6.9940367744938925
3025806.0,3175.545433439437
3025807.0,0.0383470921420927
3025808.0,495.38299947364453
3025809.0,13.015457269137945
3025810.0,1633.600227486174
3025811.0,717.1365135147637
3025812.0,494.19578305054137
3025813.0,197.97655406392357
3025814.0,85.62541262603578
3025815.0,5958.352977113004
3025816.0,10.399582655510269
3025817.0,1.0378777507780326
3025818.0,49.496752711626925
3025819.0,35.860718852143904
3025820.0,0.11502035145166309
3025821.0,399.30541102243853
3025822.0,9.025351521743364
3025823.0,5.225971897380419
3025824.0,7.457546962935879
3025825.0,39.643102827822574
3025826.0,2.366461338132119
3025827.0,311.4561845693171
3025828.0,489.56223041097377
3025829.0,5.3504143274184734
3025830.0,5.588364449565806
3025831.0,372.24813769792917
3025832.0,82.85340483077333
3025833.0,2003.5988500168635
3025834.0,81.47091578302002
3025835.0,13.982183725760281
3025836.0,3.1917485286110745
3025837.0,0.04314278685260535
3025838.0,2.7972844017318357
3025839.0,2251.5290302157136
3025840.0,0.11800564995911181
3025841.0,364.6830171677758
3025842.0,9.079746029559026
3025843.0,713.3560431934578
3025844.0,748.4552324537477
3025845.0,124.52334005781924
3025846.0,125.8003207474155
3025847.0,143.86980773183814
3025848.0,2669.213291272462
3025849.0,17.95492111323248
3025850.0,1.119539254861095
3025851.0,23.1142798839008
3025852.0,21.297990097409084
3025853.0,0.2211878255996493
3025854.0,178.58247354053583
3025855.0,13.130943064121361
3025856.0,20.568673773361915
3025857.0,4.885654219035839
3025858.0,81.47325488745521
3025859.0,4.923883213869247
3025860.0,251.61687703450414
3025861.0,156.9139342695575
3025862.0,3.937335192610128
3025863.0,7.428382295353254
3025864.0,281.2334820859991
3025865.0,55.05504873548517
3025866.0,3538.0182787007807
3025867.0,0.1344076328330199
3025868.0,22.21317177232524
3025869.0,3.013520187864662
3025870.0,0.023085268910236288
3025871.0,2.453737488878122
3025872.0,1118.9976184548714
3025873.0,0.023085268910236288
3025874.0,89.16531745456024
3025875.0,4.347059443097801
3025876.0,657.5064440353736
3025877.0,353.4926417285345
3025878.0,221.2762292662502
3025879.0,41.19691859153504
3025880.0,32.71045733319356
3025881.0,2323.4388673636395
3025882.0,4.670521369134416
3025883.0,0.24365336048494218
3025884.0,11.994026015941136
3025885.0,9.457967250552898
3025886.0,0.09435298273195047
3025887.0,151.84249004593076
3025888.0,4.624433493401639
3025889.0,0.023085268910236288
3025890.0,1.910739946094736
3025891.0,16.70294383757097
3025892.0,1.497147640703361
3025893.0,184.695174634857
3025894.0,151.4654113385565
3025895.0,2.0062610585528544
3025896.0,4.07288700027592
3025897.0,141.52733897240253
3025898.0,23.644571645131343
3025899.0,241.26086763777167
3025900.0,2.5732384153872756
3025901.0,1.9116320835002922
3025902.0,5.167308413018773
3025903.0,0.17154659399488048
3025904.0,4.0311304904126715
3025905.0,3847.913460747596
3025906.0,0.03694985978912278
3025907.0,542.1037206178632
3025908.0,11.567221137300955
3025909.0,1795.431149310089
3025910.0,637.3616430467808
3025911.0,449.648899993383
3025912.0,189.18674638127845
3025913.0,71.75441968489625
3025914.0,6675.30476586467
3025915.0,19.516742601762555
3025916.0,0.5183754615461021
3025917.0,22.857922073156107
3025918.0,15.766725743013723
3025919.0,0.12547208165700396
3025920.0,485.21018380623605
3025921.0,9.247348759241124
3025922.0,1.5419829608083675
3025923.0,8.023884927551897
3025924.0,30.283089585770245
3025925.0,1.7557942305463945
3025926.0,620.3784896570849
3025927.0,357.4117733467237
3025928.0,2.0572533139859956
3025929.0,11.301928860956615
3025930.0,385.33006665351184
3025931.0,103.21583106065998
3025932.0,1135.34663958989
3025933.0,34.06972387069803
3025934.0,7.89189930524849
3025935.0,4.877951875964488
3025936.0,0.10790967834750541
3025937.0,0.8474744887006118
3025938.0,1423.9687449287162
3025939.0,0.03084997523438158
3025940.0,163.66746996578578
3025941.0,6.7212604641887115
3025942.0,848.6566607199646
3025943.0,418.7940509887469
3025944.0,175.5724310225772
3025945.0,52.00097145236077
3025946.0,31.44191296153544
3025947.0,2666.1564660319277
3025948.0,6.745373482845497
3025949.0,0.4119870253077161
3025950.0,11.479553025489752
3025951.0,14.990098577818515
3025952.0,0.13510282812011934
3025953.0,161.5147085318315
3025954.0,5.626715543782582
3025955.0,0.03724607628957401
3025956.0,5.769427907391199
3025957.0,24.565846189060053
3025958.0,1.1472058856266198
3025959.0,119.0545442424723
3025960.0,168.1623166770189
3025961.0,1.2136503794748468
3025962.0,4.934783207723398
3025963.0,123.00451287218516
3025964.0,25.141710568497757
3025965.0,285.5692068330492
3025966.0,7.274249533057006
3025967.0,2.5451655221163416
3025968.0,3.577673743453964
3025969.0,0.023085268910236288
3025970.0,2.7149825153822835
3025971.0,1346.9776855427808
3025972.0,0.023085268910236288
3025973.0,100.42339605816693
3025974.0,4.704666212030641
3025975.0,599.1233525473687
3025976.0,270.41934268993055
3025977.0,139.75727606476886
3025978.0,46.539904668141915
3025979.0,25.43472421994193
3025980.0,2580.471539917836
3025981.0,11.401048198659451
3025982.0,0.22442988924089663
3025983.0,9.611405066119868
3025984.0,7.556019562098035
3025985.0,0.08690848250993172
3025986.0,122.54126770864151
3025987.0,1.172511540684873
3025988.0,0.023085268910236288
3025989.0,1.704992743992945
3025990.0,35.758370856125005
3025991.0,0.6820638555813432
3025992.0,113.33490082865896
3025993.0,168.40862698428376
3025994.0,0.4139687757713698
3025995.0,4.3098587114902465
3025996.0,65.23360938741952
3025997.0,18.077903278147996
3025998.0,155.15089140895287
3025999.0,2.9214845789723367
3026000.0,1.1107398457691546
3026001.0,2.9464425954781976
3026002.0,0.02288514698285841
3026003.0,2.51037880533623
3026004.0,1425.6251614385778
3026005.0,0.02288514698285841
3026006.0,139.82153613049158
3026007.0,6.19530001403194
3026008.0,900.6264653770525
3026009.0,384.054308834017
3026010.0,211.44982196840817
3026011.0,27.566700156518188
3026012.0,27.776525988515267
3026013.0,2662.3485004420836
3026014.0,3.5837996549206683
3026015.0,0.24991988474060042
3026016.0,11.357546822238223
3026017.0,16.906461998539775
3026018.0,0.10157467419788732
3026019.0,158.3464485395208
3026020.0,0.8694401025732196
3026021.0,0.022927397478965546
3026022.0,1.9086589416445905
3026023.0,14.073405477890294
3026024.0,1.547561274644058
3026025.0,98.8248627467375
3026026.0,232.30251180927002
3026027.0,0.7326840047655621
3026028.0,3.917767499091326
3026029.0,55.55758738736973
3026030.0,52.265828013325276
3026031.0,294.5262706950708
3026032.0,8.680621403499266
3026033.0,3.6008696284233297
3026034.0,3.3254099948352804
3026035.0,0.7444161578892475
3026036.0,2.8831533992240894
3026037.0,1538.4244093254208
3026038.0,0.025873931843745826
3026039.0,132.4343204770551
3026040.0,3.2719345646697535
3026041.0,793.0680222186679
3026042.0,340.23099193857337
3026043.0,215.50801815184317
3026044.0,92.51138568235142
3026045.0,55.88807512602588
3026046.0,2470.049911195331
3026047.0,5.491021937351564
3026048.0,0.9037500469516625
3026049.0,12.331994910237052
3026050.0,17.9357658941152
3026051.0,0.13806478809505718
3026052.0,191.31447627412905
3026053.0,6.530615330003296
3026054.0,0.02502775150225483
3026055.0,2.8319609970688195
3026056.0,21.40378300840953
3026057.0,1.451344139354149
3026058.0,116.6309235510681
3026059.0,178.07726836815414
3026060.0,0.7257804443438826
3026061.0,4.4242596568786166
3026062.0,99.27968639358465
3026063.0,41.330338767480555
3026064.0,532.1130860002647
3026065.0,7.451398038369984
3026066.0,3.6608804515061557
3026067.0,6.1357751761998
3026068.0,0.15758274561801597
3026069.0,0.9064050623450709
3026070.0,1218.0863361336214
3026071.0,0.023085268910236288
3026072.0,140.58530108242888
3026073.0,5.21778812720315
3026074.0,702.3864667761981
3026075.0,255.06855630036418
3026076.0,143.2827290357102
3026077.0,132.32875285432203
3026078.0,31.44787547451248
3026079.0,2057.1354192021518
3026080.0,6.458217226712553
3026081.0,0.22590011475882937
3026082.0,15.414462849570622
3026083.0,15.77428837421766
3026084.0,0.1210377752388836
3026085.0,144.12868644402005
3026086.0,0.044281298718193245
3026087.0,0.023085268910236288
3026088.0,1.5409907029311307
3026089.0,27.962409494049364
3026090.0,1.7537424648700048
3026091.0,54.59696334031892
3026092.0,126.9318977968167
3026093.0,0.7742635830708632
3026094.0,4.608500819891189
3026095.0,69.86973881871725
3026096.0,32.50280951597023
3026097.0,458.7447012845739
3026098.0,0.09043568287780118
3026099.0,1.8683313020770058
3026100.0,5.357367066740593
3026101.0,0.3518592374746882
3026102.0,2.2582540339463204
3026103.0,2360.4412532579436
3026104.0,0.02551460538753701
3026105.0,271.14764306212396
3026106.0,3.7334829966527865
3026107.0,1032.4918399188327
3026108.0,953.0875588284171
3026109.0,419.5794756758695
3026110.0,137.521013475378
3026111.0,75.96939722107582
3026112.0,3803.2167590126583
3026113.0,11.389573603432062
3026114.0,0.761248371923646
3026115.0,21.48828817688672
3026116.0,20.281369329072035
3026117.0,0.11605301122521747
3026118.0,247.33706167493347
3026119.0,0.3181081946314962
3026120.0,0.025406978549356474
3026121.0,4.497836922996854
3026122.0,25.618435676989613
3026123.0,3.0882310678565874
3026124.0,222.05071298709075
3026125.0,234.87615295720957
3026126.0,1.7220704791553132
3026127.0,6.088561833254715
3026128.0,275.0181841635675
3026129.0,49.24276271772343
3026130.0,1040.6125506094982
3026131.0,19.95780084715602
3026132.0,9.253263944076984
3026133.0,3.319684785961442
3026134.0,0.08709640681476352
3026135.0,3.5990874497797267
3026136.0,1792.7087095613645
3026137.0,0.022828176838620217
3026138.0,396.565593071437
3026139.0,5.619158751886973
3026140.0,474.7064059229074
3026141.0,647.874875105724
3026142.0,161.44757824367588
3026143.0,117.7662037281473
3026144.0,23.655219073530297
3026145.0,2239.5348600980014
3026146.0,7.145459459703343
3026147.0,0.7365742593825899
3026148.0,14.376123086383668
3026149.0,18.39372527929661
3026150.0,0.0973261730020567
3026151.0,143.60033541081816
3026152.0,6.806144257456559
3026153.0,1.9001896785737713
3026154.0,4.041067584898973
3026155.0,20.572806343272774
3026156.0,1.928089691726059
3026157.0,33.86236599153159
3026158.0,137.5514746048819
3026159.0,3.202007644475214
3026160.0,4.7053878669750295
3026161.0,114.76620001030521
3026162.0,25.365171485019314
3026163.0,1072.898310125852
3026164.0,23.847668347708517
3026165.0,8.51492046914813
3026166.0,4.510484548765415
3026167.0,0.2943408197784366
3026168.0,3.168059607910312
3026169.0,2116.547476365757
3026170.0,0.027065662305717636
3026171.0,143.8277495355914
3026172.0,4.462962505252866
3026173.0,727.3292880349526
3026174.0,317.8909532841992
3026175.0,239.08096543424844
3026176.0,44.56284866486428
3026177.0,33.4366605746381
3026178.0,2871.702020648496
3026179.0,11.822619126158749
3026180.0,0.8127132346615713
3026181.0,11.195683520181529
3026182.0,12.18332877477016
3026183.0,0.15476786007935708
3026184.0,147.97468908391093
3026185.0,4.916245680000392
3026186.0,0.031159908790239308
3026187.0,2.991724802533023
3026188.0,29.787669516691906
3026189.0,1.709122408407437
3026190.0,117.55987294285845
3026191.0,136.19642917370157
3026192.0,0.9688913111962174
3026193.0,4.5639317492407425
3026194.0,91.02723422987016
3026195.0,20.622235482668977
3026196.0,350.7577600733836
3026197.0,12.812105732331123
3026198.0,3.1707672629727206
3026199.0,5.401507835314325
3026200.0,0.12230646766334963
3026201.0,5.651461183089057
3026202.0,2645.4422218381633
3026203.0,0.18655245075867927
3026204.0,588.8412646577558
3026205.0,10.39991625093669
3026206.0,823.3461257508005
3026207.0,734.036711768831
3026208.0,193.56532803732995
3026209.0,148.25497789116002
3026210.0,108.7012429912721
3026211.0,3570.7654284785604
3026212.0,28.630595164510563
3026213.0,1.1483168516203275
3026214.0,17.750187658291644
3026215.0,35.80015666897086
3026216.0,0.12662219722876217
3026217.0,238.04644180849152
3026218.0,15.853356063917722
3026219.0,16.95466309250842
3026220.0,4.634423942527844
3026221.0,62.52991950383218
3026222.0,7.347969273822429
3026223.0,375.6545555266469
3026224.0,242.46581267309097
3026225.0,7.940678985220651
3026226.0,6.943909226350262
3026227.0,412.2737207293045
3026228.0,112.65762470267254
3026229.0,2941.2691285310293
3026230.0,0.1383078971479738
3026231.0,30.10991459923244
3026232.0,5.426532915793391
3026233.0,0.13495963920028425
3026234.0,4.463233411369681
3026235.0,3018.2313980687977
3026236.0,0.028381485584904036
3026237.0,401.5837180790812
3026238.0,5.618777633037849
3026239.0,1219.5595183109635
3026240.0,758.7502606020792
3026241.0,493.55269775370573
3026242.0,66.90363414691325
3026243.0,55.83083589458002
3026244.0,4504.670873593171
3026245.0,10.598198695057775
3026246.0,0.9013205944831916
3026247.0,16.973098109704658
3026248.0,11.506823724011205
3026249.0,0.0988199765830574
3026250.0,265.5622948719967
3026251.0,1.422042170874052
3026252.0,4.894152626151001
3026253.0,4.426875042508116
3026254.0,38.898142782461804
3026255.0,1.3334932558951125
3026256.0,248.34652151182053
3026257.0,298.15948584611533
3026258.0,3.648346327988235
3026259.0,4.711139368764272
3026260.0,214.12814308288432
3026261.0,51.74117527346439
3026262.0,738.8862589689118
3026263.0,50.25973837662754
3026264.0,10.789005386048721
3026265.0,7.397382129778603
3026266.0,0.32483842993066914
3026267.0,3.370833554477404
3026268.0,2529.4914872393856
3026269.0,0.03008594428336326
3026270.0,371.9092350535503
3026271.0,4.937863812488393
3026272.0,1071.8364423173084
3026273.0,635.7335689797858
3026274.0,256.3715866636439
3026275.0,219.4603863149139
3026276.0,71.90145753320925
3026277.0,3558.8254808018055
3026278.0,14.3096205916193
3026279.0,0.48793147758463606
3026280.0,30.632138164847927
3026281.0,24.078120620593065
3026282.0,0.14467819235215806
3026283.0,248.74144175504608
3026284.0,2.608372902312536
3026285.0,2.128585863630552
3026286.0,7.065474946747834
3026287.0,64.23340073776592
3026288.0,1.5667207505927614
3026289.0,109.52427678348832
3026290.0,216.13651476328494
3026291.0,1.9213028331100852
3026292.0,4.454500131381544
3026293.0,145.71932092543562
3026294.0,127.87240282995208
3026295.0,1024.6262329506685
3026296.0,0.20213211743662712
3026297.0,4.346327919061181
3026298.0,3.814861754495578
3026299.0,0.12089899657077198
3026300.0,1.5958404080144806
3026301.0,1478.1136318490371
3026302.0,0.024543051243553906
3026303.0,116.76531367168387
3026304.0,5.4146770674991895
3026305.0,693.9209148607711
3026306.0,302.4235372157696
3026307.0,144.61787504565223
3026308.0,37.39901212302854
3026309.0,42.24897779474742
3026310.0,2395.0691460887874
3026311.0,6.852942281395039
3026312.0,0.5621765541938433
3026313.0,19.04684782685478
3026314.0,17.863988274924125
3026315.0,0.09253984365457035
3026316.0,160.1969831763222
3026317.0,0.5512036947083956
3026318.0,0.02374126695511255
3026319.0,3.8258459081267433
3026320.0,48.657540195353846
3026321.0,2.0172271004619233
3026322.0,102.12154440863998
3026323.0,147.30392308532578
3026324.0,1.0008944688804837
3026325.0,5.2752791802733405
3026326.0,121.93657731392118
3026327.0,24.49052673992351
3026328.0,382.03684222472356
3026329.0,16.127758187430302
3026330.0,1.2368596180551732
3026331.0,1.6416022096437062
3026332.0,0.026644686144262342
3026333.0,1.4821840310113494
3026334.0,1407.112439919023
3026335.0,0.13279925552083255
3026336.0,275.58149590926405
3026337.0,7.889746072118061
3026338.0,537.6141110597928
3026339.0,448.4448197436949
3026340.0,121.83550929300854
3026341.0,41.4103380557993
3026342.0,55.2906085233751
3026343.0,2178.604348631567
3026344.0,24.374491068725348
3026345.0,0.3784056159973225
3026346.0,11.89204170979821
3026347.0,10.666186967763565
3026348.0,0.19859088121279814
3026349.0,124.33649229418384
3026350.0,11.389362469517504
3026351.0,2.3985590815271385
3026352.0,3.3925388040398055
3026353.0,40.45044396594066
3026354.0,3.759189995822268
3026355.0,683.1620196348922
3026356.0,148.9233752752384
3026357.0,2.988410467305701
3026358.0,4.967670015592551
3026359.0,286.9712279601133
3026360.0,29.780929293392134
3026361.0,1393.9534942096607
3026362.0,0.09956943487883926
3026363.0,7.223778261829856
3026364.0,2.6108794024944384
3026365.0,0.12588637380944082
3026366.0,3.309389037325765
3026367.0,3290.4877410722647
3026368.0,0.12056637241588422
3026369.0,697.9410966275026
3026370.0,11.48750296218783
3026371.0,1085.0608032731216
3026372.0,1203.443946809366
3026373.0,267.36643503101993
3026374.0,216.92539786183764
3026375.0,157.27413937872137
3026376.0,4072.171192618296
3026377.0,29.36307924760967
3026378.0,0.8285441594506081
3026379.0,18.118918880226058
3026380.0,26.824922560826625
3026381.0,0.13194819911875585
3026382.0,268.9179491777128
3026383.0,9.65696428708938
3026384.0,43.48624203980414
3026385.0,7.359623481719335
3026386.0,72.55781045086968
3026387.0,10.408612260867038
3026388.0,394.6319362820619
3026389.0,271.2804262193918
3026390.0,13.436814044211522
3026391.0,8.443596125316358
3026392.0,514.6514354390852
3026393.0,102.58930146317103
3026394.0,5082.698901990209
3026395.0,0.14142014612998527
3026396.0,19.022954300697336
3026397.0,2.1833579954604625
3026398.0,0.08731106500963665
3026399.0,3.721927631169837
3026400.0,1817.8054463383328
3026401.0,0.09497385145353275
3026402.0,370.14201549209525
3026403.0,5.222516625727066
3026404.0,408.04271391440886
3026405.0,522.9567918769233
3026406.0,136.54947371137013
3026407.0,45.40811203466939
3026408.0,40.90477803477648
3026409.0,1889.2124025450962
3026410.0,9.14374856867438
3026411.0,0.899729925904516
3026412.0,10.001781116078849
3026413.0,16.806044661602908
3026414.0,0.09010163890038739
3026415.0,78.75832416269105
3026416.0,0.07767711199365464
3026417.0,30.304746252139456
3026418.0,2.8395369958131433
3026419.0,122.76600453993262
3026420.0,5.260502070547037
3026421.0,86.00036453119449
3026422.0,97.48609848931852
3026423.0,4.061855002361199
3026424.0,4.431888675424373
3026425.0,71.80733804417146
3026426.0,17.913616580578065
3026427.0,2474.7546047599635
3026428.0,0.5852591341772503
3026429.0,4.814787535171682
3026430.0,3.171911368596523
3026431.0,0.023085268910236288
3026432.0,0.6074220022242394
3026433.0,916.8981336413415
3026434.0,0.15148050695652898
3026435.0,192.1543011960989
3026436.0,4.336605763502671
3026437.0,288.9063668545876
3026438.0,227.10777608610937
3026439.0,67.25412378488645
3026440.0,26.489577596073147
3026441.0,25.163806550152177
3026442.0,1300.182333961996
3026443.0,4.299762668542487
3026444.0,0.4414691024300757
3026445.0,8.419341647696033
3026446.0,8.37824106943208
3026447.0,0.13749380472666112
3026448.0,58.3124339016872
3026449.0,0.15878432194572312
3026450.0,7.064405029785581
3026451.0,0.7141000456055715
3026452.0,15.86748524471649
3026453.0,0.2325217344412017
3026454.0,219.5919931528943
3026455.0,93.96320206073406
3026456.0,1.8246871578083805
3026457.0,1.266778048951336
3026458.0,117.36189374070685
3026459.0,19.59106492892257
3026460.0,841.3169124788437
3026461.0,0.42168467763871964
3026462.0,1.3510594220752217
3026463.0,5.023941201047695
3026464.0,0.18520445916221315
3026465.0,2.9090578618104574
3026466.0,2644.248855970259
3026467.0,0.16425884117265643
3026468.0,601.9028906355504
3026469.0,10.814313626200732
3026470.0,824.1818757348367
3026471.0,867.3370562299465
3026472.0,262.84088976394355
3026473.0,226.5033067273094
3026474.0,104.724237091956
3026475.0,3464.3226509531296
3026476.0,23.954143211023005
3026477.0,1.8294304568655249
3026478.0,19.735305322941073
3026479.0,23.662639191730094
3026480.0,0.15162636875732677
3026481.0,213.00223080971534
3026482.0,4.641775703975421
3026483.0,37.147542461352195
3026484.0,7.540055429296428
3026485.0,99.2784086197646
3026486.0,3.6481933915106453
3026487.0,258.28484141499484
3026488.0,219.26225913236567
3026489.0,8.212089142641146
3026490.0,7.926735524743292
3026491.0,344.161459379712
3026492.0,73.58162096702617
3026493.0,3605.8322954118803
3026494.0,1.0645751256116183
3026495.0,14.836257995472353
3026496.0,4.9597653224799885
3026497.0,0.0947121618170716
3026498.0,3.3107399291042716
3026499.0,2604.8379092708237
3026500.0,0.027806497888954156
3026501.0,497.70091143799266
3026502.0,14.1898893358558
3026503.0,780.1464703317334
3026504.0,784.7013644287443
3026505.0,278.45363148297236
3026506.0,192.2121282633259
3026507.0,52.96483893041692
3026508.0,3767.3273512144224
3026509.0,11.578065381437211
3026510.0,0.5632475382686972
3026511.0,22.740682134518565
3026512.0,14.382243691717983
3026513.0,0.4599845193360136
3026514.0,212.57716641061563
3026515.0,0.09749407017489198
3026516.0,4.9604273723284615
3026517.0,3.917509433042722
3026518.0,33.48476918645118
3026519.0,0.9024850160320662
3026520.0,172.90958360981824
3026521.0,248.6489289279814
3026522.0,4.063744153491188
3026523.0,3.6789618442560146
3026524.0,156.17751437198734
3026525.0,65.537720381871
3026526.0,1092.892040947319
3026527.0,1.7739882686961077
3026528.0,2.4592609868936663
3026529.0,4.563661415555293
3026530.0,0.254747824664476
3026531.0,2.0479515521291596
3026532.0,2542.645233167748
3026533.0,0.03180644590938489
3026534.0,490.42603195639924
3026535.0,9.445102701814976
3026536.0,739.4951230624116
3026537.0,697.5395395527491
3026538.0,212.5730991182839
3026539.0,140.00683250204472
3026540.0,53.86654762915277
3026541.0,3237.883665650712
3026542.0,11.741978597448398
3026543.0,0.9976237605370268
3026544.0,18.477739946810193
3026545.0,18.99296581513363
3026546.0,0.10066179651644286
3026547.0,192.60557195774678
3026548.0,0.08291464463039572
3026549.0,4.758993645745851
3026550.0,4.792914034253116
3026551.0,68.46365782540752
3026552.0,1.052784311883181
3026553.0,103.150391810342
3026554.0,180.482298909233
3026555.0,3.816011447112772
3026556.0,4.032945215172218
3026557.0,148.10378090037923
3026558.0,55.44352678623199
3026559.0,841.1273049212742
3026560.0,1.1576000042433192
3026561.0,4.967182254519443
3026562.0,8.416767589104682
3026563.0,0.18087794616607103
3026564.0,13.08442278923064
3026565.0,7110.341099244015
3026566.0,0.13421682680849878
3026567.0,1132.9813562683084
3026568.0,24.76119684207798
3026569.0,1899.678609276356
3026570.0,1912.6194862172374
3026571.0,287.09955960916955
3026572.0,443.31581097723347
3026573.0,289.28395985359026
3026574.0,7588.238247694258
3026575.0,78.40343952883028
3026576.0,2.3391025495534263
3026577.0,53.69042349827648
3026578.0,46.703167349184135
3026579.0,0.17611423912330393
3026580.0,485.8573081689789
3026581.0,31.297809784651008
3026582.0,67.28951661421306
3026583.0,21.987981522746217
3026584.0,168.85677445323233
3026585.0,21.519888851476672
3026586.0,610.3595607197467
3026587.0,503.2634321883686
3026588.0,15.164525747255546
3026589.0,19.81127692960161
3026590.0,910.3535584690987
3026591.0,206.84749674339093
3026592.0,9030.34770569574
3026593.0,0.6541653587682664
3026594.0,71.52930186416035
3026595.0,2.3061637727646476
3026596.0,0.2269655401599619
3026597.0,0.53190260552531
3026598.0,1378.705487802204
3026599.0,0.023513340762336545
3026600.0,137.90503018909237
3026601.0,3.65703014409923
3026602.0,515.208098990603
3026603.0,300.33801521592545
3026604.0,109.20727313554974
3026605.0,94.50915847170926
3026606.0,40.118264605088946
3026607.0,2087.2187128832265
3026608.0,4.611873581926551
3026609.0,0.2810296871200639
3026610.0,10.624689540705905
3026611.0,7.061452859549667
3026612.0,0.1006563480598384
3026613.0,128.0971527849701
3026614.0,0.6296958682839672
3026615.0,0.024226991992401636
3026616.0,2.4107336635372243
3026617.0,29.447105815711453
3026618.0,0.5551537714861282
3026619.0,55.03009492701056
3026620.0,74.08122555184613
3026621.0,1.427340003981137
3026622.0,3.510360141077459
3026623.0,89.54741840769424
3026624.0,16.16464037908468
3026625.0,420.5494670549541
3026626.0,0.09950820937645385
3026627.0,2.9408897408952317
3026628.0,6.248879286585174
3026629.0,0.14153345686617738
3026630.0,1.7606106922489093
3026631.0,2659.213479399859
3026632.0,0.03542972046399322
3026633.0,434.16878005097055
3026634.0,8.065022541415953
3026635.0,1007.5066371432358
3026636.0,693.7229215832704
3026637.0,196.91606789802358
3026638.0,208.59510055214346
3026639.0,63.53645859081664
3026640.0,3924.2592933853457
3026641.0,10.432196708121579
3026642.0,0.35572530915168743
3026643.0,17.688643634946054
3026644.0,18.79612317517421
3026645.0,0.10863687986923858
3026646.0,221.50958387461804
3026647.0,1.063955906011223
3026648.0,4.643980739286126
3026649.0,5.96431119524598
3026650.0,12.908324894688139
3026651.0,1.400749430914678
3026652.0,280.9463515402283
3026653.0,216.25706015590103
3026654.0,3.6737639635944745
3026655.0,4.857079025427122
3026656.0,101.60904034427494
3026657.0,61.88931452084487
3026658.0,944.2646132486469
3026659.0,0.8510646199064145
3026660.0,5.5177893666715505
3026661.0,1.3154977173159275
3026662.0,0.0382988064334388
3026663.0,0.6854701160167593
3026664.0,774.6687393692107
3026665.0,0.023085268910236288
3026666.0,105.10653905225512
3026667.0,2.8083857268375105
3026668.0,605.0200966828363
3026669.0,173.89546192423467
3026670.0,83.7623326493481
3026671.0,148.99969343145915
3026672.0,16.86648454542059
3026673.0,1461.1441368030637
3026674.0,1.4364170559636014
3026675.0,0.25936817226931286
3026676.0,11.093009096041964
3026677.0,3.6700197827707326
3026678.0,0.11036438220909653
3026679.0,83.24950018158287
3026680.0,0.0409715482543797
3026681.0,0.023085268910236288
3026682.0,0.6228349887288045
3026683.0,12.303133471891327
3026684.0,0.29869922177291386
3026685.0,60.57449346179122
3026686.0,69.01032706806825
3026687.0,0.4647741604631547
3026688.0,1.08768316719303
3026689.0,44.13265853774941
3026690.0,9.449529049974892
3026691.0,145.8273661276578
3026692.0,0.08027241242237965
3026693.0,1.1485610985601697
3026694.0,5.623280217757776
3026695.0,0.0382988064334388
3026696.0,1.8076714163898002
3026697.0,1864.7625191577786
3026698.0,0.02322490355903991
3026699.0,185.03071887841128
3026700.0,5.629483708565681
3026701.0,754.9382147016433
3026702.0,466.09562725636306
3026703.0,152.88079928061177
3026704.0,112.61946331534843
3026705.0,44.632661472186484
3026706.0,2451.072525279603
3026707.0,3.284568631866206
3026708.0,0.3579744772412695
3026709.0,28.837700880305903
3026710.0,11.956827434867442
3026711.0,0.14095436739434902
3026712.0,182.3075957491111
3026713.0,0.0483347385750323
3026714.0,0.023085268910236288
3026715.0,10.23124490525193
3026716.0,38.210117218559816
3026717.0,1.088918820374737
3026718.0,248.51544021340797
3026719.0,172.17982839256032
3026720.0,1.3975903138036956
3026721.0,3.455296945131368
3026722.0,212.5955457254833
3026723.0,25.292600204386794
3026724.0,940.0308264440569
3026725.0,0.09671804969003034
3026726.0,0.7882900687227045
3026727.0,2.6810502385459287
3026728.0,0.22745739593447625
3026729.0,1.3703185635342574
3026730.0,1993.8487532041277
3026731.0,0.044027523013370456
3026732.0,555.5943048514835
3026733.0,6.694870994517617
3026734.0,702.9841416219092
3026735.0,636.512194449743
3026736.0,196.20851393525356
3026737.0,102.79504530694054
3026738.0,57.01691004752973
3026739.0,3230.448905151357
3026740.0,5.522174128706791
3026741.0,2.6802323620895647
3026742.0,25.471606920474542
3026743.0,27.585572551613126
3026744.0,0.1285714086268414
3026745.0,168.54176373091488
3026746.0,1.8245890214353395
3026747.0,3.846110849591487
3026748.0,3.178376072989467
3026749.0,21.555173154578313
3026750.0,1.67543286070408
3026751.0,161.45591095413405
3026752.0,232.020165877153
3026753.0,2.8357927150118636
3026754.0,4.798210723691211
3026755.0,143.65615590595542
3026756.0,20.58453558405062
3026757.0,545.2239854532842
3026758.0,2.4251196511456126
3026759.0,2.231725022612861
3026760.0,3.260724246233647
3026761.0,0.08111799557813087
3026762.0,0.5530724743839387
3026763.0,1206.5718283753617
3026764.0,0.023085268910236288
3026765.0,88.7451602149138
3026766.0,2.112140135413252
3026767.0,405.76208882335493
3026768.0,182.77177286654052
3026769.0,75.06321587523114
3026770.0,113.58604638572925
3026771.0,37.80938626259426
3026772.0,1615.5536315447075
3026773.0,3.4720922530606577
3026774.0,0.4042774080091187
3026775.0,7.319765277676687
3026776.0,5.216055624641307
3026777.0,0.08284239706703106
3026778.0,79.04802898334987
3026779.0,0.0409715482543797
3026780.0,0.023085268910236288
3026781.0,0.37810976344281866
3026782.0,23.65730509378443
3026783.0,0.6485280773395713
3026784.0,148.87848543251962
3026785.0,69.15789825468283
3026786.0,0.5956746939392886
3026787.0,1.1908872880005856
3026788.0,37.83041007661818
3026789.0,14.680612898721076
3026790.0,307.3277693151266
3026791.0,0.08375003424592892
3026792.0,0.735565038496925
3026793.0,5.688503741842655
3026794.0,0.09010076934827069
3026795.0,1.7109877971528193
3026796.0,3393.379451901482
3026797.0,0.023513340762336545
3026798.0,413.6118555861244
3026799.0,11.022873856860912
3026800.0,798.5431496045517
3026801.0,588.166144550132
3026802.0,193.82990839781954
3026803.0,102.75497550029752
3026804.0,79.33776852325896
3026805.0,3547.0822019841726
3026806.0,7.996707345353876
3026807.0,0.3382746767808759
3026808.0,25.488864834633382
3026809.0,11.573478393614112
3026810.0,0.09085756092682934
3026811.0,182.13091505468878
3026812.0,0.051734260822700405
3026813.0,27.339711885703203
3026814.0,5.643398830202313
3026815.0,51.10934747210438
3026816.0,2.6588475419412196
3026817.0,222.33662893895536
3026818.0,191.3566630877363
3026819.0,4.319558149048137
3026820.0,5.790140080594162
3026821.0,105.97912419852528
3026822.0,47.78590806306961
3026823.0,1019.1107306413868
3026824.0,0.39829836692418724
3026825.0,0.8812208978897897
3026826.0,3.296597878491715
3026827.0,0.19478860356232602
3026828.0,6.560102919625063
3026829.0,2830.5573351134
3026830.0,0.12894947208818497
3026831.0,526.7989605562724
3026832.0,6.16565817999534
3026833.0,928.5019152215539
3026834.0,804.8249226363313
3026835.0,146.89454593602295
3026836.0,118.68765921863044
3026837.0,117.5613735893311
3026838.0,3626.1840198288533
3026839.0,51.6007066348714
3026840.0,1.274592113212835
3026841.0,25.40257980559915
3026842.0,24.207845068025755
3026843.0,0.1496416814141307
3026844.0,232.19361007244936
3026845.0,17.486202930290155
3026846.0,24.61404417750301
3026847.0,1.667522049498051
3026848.0,102.44179212986072
3026849.0,7.493998451708775
3026850.0,200.14351425971344
3026851.0,243.7668814878444
3026852.0,11.668474830336123
3026853.0,14.208724188153873
3026854.0,233.6257161857202
3026855.0,69.08262663918275
3026856.0,3212.7371366938787
3026857.0,0.13476135496786906
3026858.0,10.718640536573906
3026859.0,4.512939522403941
3026860.0,0.037069072751803926
3026861.0,5.821529308568829
3026862.0,2617.8314810283864
3026863.0,0.11705544147094514
3026864.0,470.643596376441
3026865.0,9.555961314743827
3026866.0,1023.9855218222036
3026867.0,732.1206831777927
3026868.0,126.94589788846902
3026869.0,86.5623502390041
3026870.0,128.1440274350565
3026871.0,3547.5656150362443
3026872.0,33.746195239651385
3026873.0,0.9134805336575059
3026874.0,39.7051772211759
3026875.0,31.757681348407793
3026876.0,0.11241037193563959
3026877.0,282.67859707314824
3026878.0,16.216294798374896
3026879.0,19.586048362997527
3026880.0,7.063104563062382
3026881.0,74.41442635188352
3026882.0,9.963795488085154
3026883.0,160.3295213751507
3026884.0,366.188688766047
3026885.0,6.745596450161919
3026886.0,8.15804461984245
3026887.0,121.49584851760127
3026888.0,65.38628744010336
3026889.0,2758.1870642622634
3026890.0,0.8968390630698858
3026891.0,13.878508053641706
3026892.0,6.695532683509766
3026893.0,0.1840150683176302
3026894.0,3.556969764397905
3026895.0,3024.9952230870795
3026896.0,0.04218537644574097
3026897.0,586.8944084084255
3026898.0,5.3319060122760344
3026899.0,1399.0486814762348
3026900.0,609.6728288771008
3026901.0,181.9012415277923
3026902.0,217.11756033570032
3026903.0,54.3006184276091
3026904.0,4312.098011648812
3026905.0,21.791269421689307
3026906.0,0.9578632422495028
3026907.0,18.362077643704005
3026908.0,15.365775494455425
3026909.0,0.119931237502551
3026910.0,267.40581474387534
3026911.0,3.880296762437199
3026912.0,11.409117769895152
3026913.0,5.131513231316058
3026914.0,42.246767185056584
3026915.0,3.420555560209025
3026916.0,143.58735611007188
3026917.0,238.4989935582356
3026918.0,5.588068954994698
3026919.0,7.620491179021173
3026920.0,185.9846827851449
3026921.0,51.25775020445737
3026922.0,1368.3638888433593
3026923.0,10.9430210889374
3026924.0,11.532097308896898
3026925.0,3.391648645196108
3026926.0,0.17657572691924467
3026927.0,3.781646762759052
3026928.0,2165.7990931494624
3026929.0,0.10672243208377882
3026930.0,330.60616317024284
3026931.0,5.53329996987581
3026932.0,721.4164649938041
3026933.0,643.5530316925062
3026934.0,165.39915599506023
3026935.0,116.04714219739205
3026936.0,77.14328263458836
3026937.0,2939.453859829753
3026938.0,22.00204519288306
3026939.0,0.9386864327120902
3026940.0,12.317998342671174
3026941.0,11.216099535463222
3026942.0,0.13836092453533552
3026943.0,182.7377031011858
3026944.0,14.335581060078113
3026945.0,26.032223225361342
3026946.0,1.317018537355442
3026947.0,59.16077437722738
3026948.0,5.852911210271547
3026949.0,285.60094063374584
3026950.0,214.4153028118888
3026951.0,4.819649154293793
3026952.0,7.1851633930393035
3026953.0,301.8220466048801
3026954.0,47.51566226973372
3026955.0,2724.6224926245286
3026956.0,0.14173164130041827
3026957.0,20.018840362428868
3026958.0,2.409445809611425
3026959.0,0.11248071542384977
3026960.0,3.103359325393409
3026961.0,4324.662717332806
3026962.0,0.028674844727573357
3026963.0,400.7767886177496
3026964.0,7.767389646058868
3026965.0,1447.8616296378568
3026966.0,809.5028143673089
3026967.0,239.1591904605583
3026968.0,163.99010472211424
3026969.0,52.91958158818184
3026970.0,4998.486720650497
3026971.0,10.43663956944873
3026972.0,1.4305662194963376
3026973.0,23.747045515987658
3026974.0,19.912274599760465
3026975.0,0.13933253590999628
3026976.0,334.7937734294177
3026977.0,0.0739684358928219
3026978.0,0.16589841814012826
3026979.0,6.863298860288859
3026980.0,23.151200777491567
3026981.0,1.663389826725417
3026982.0,132.03626236775574
3026983.0,270.57118613232956
3026984.0,2.5846912372586917
3026985.0,7.428685749912682
3026986.0,146.1903764435176
3026987.0,53.36583813451621
3026988.0,926.690352500731
3026989.0,0.10982750502490773
3026990.0,3.898150370794833
3026991.0,5.632388828059097
3026992.0,0.10550128183179179
3026993.0,6.961528404446889
3026994.0,2588.8096039710294
3026995.0,0.1119686350890827
3026996.0,450.17953500807363
3026997.0,9.392136962707202
3026998.0,1038.8769439392597
3026999.0,668.5095707697337
3027000.0,194.58421217083972
3027001.0,115.67915916983719
3027002.0,106.8764842171819
3027003.0,4011.841912584254
3027004.0,24.979472716617792
3027005.0,1.1062347725725667
3027006.0,21.61946338944515
3027007.0,38.62707989738025
3027008.0,0.10918251072507912
3027009.0,239.28669825683545
3027010.0,12.64673185483009
3027011.0,19.167876583846713
3027012.0,6.545017689295545
3027013.0,63.3126491521028
3027014.0,9.165189020330669
3027015.0,201.30208222441792
3027016.0,339.97129581646806
3027017.0,12.349406961353697
3027018.0,7.064899614542769
3027019.0,179.65355650458983
3027020.0,66.22797930988574
3027021.0,2641.331617781718
3027022.0,0.3942698872909366
3027023.0,5.462240719032495
3027024.0,2.802696412497704
3027025.0,0.16534446607981618
3027026.0,5.207183886587654
3027027.0,2600.3312736515045
3027028.0,0.10880341192848705
3027029.0,428.9368425100571
3027030.0,7.4031820831315835
3027031.0,702.0780132014038
3027032.0,731.810211524654
3027033.0,140.7634023984009
3027034.0,116.1067085227431
3027035.0,114.51814638990612
3027036.0,2906.4174625217047
3027037.0,25.214925286318767
3027038.0,0.8185090692153395
3027039.0,21.139364019845765
3027040.0,14.860684222563023
3027041.0,0.10014384986690025
3027042.0,201.40422855357465
3027043.0,11.328942053089829
3027044.0,35.904699125152554
3027045.0,4.662812874066174
3027046.0,59.14576020875326
3027047.0,7.4626655916173465
3027048.0,216.65980762999644
3027049.0,217.3167329976769
3027050.0,7.659633446386093
3027051.0,6.9135426072744
3027052.0,206.66596231686262
3027053.0,46.218444145427725
3027054.0,2865.9974997450267
3027055.0,0.19304095930079346
3027056.0,12.250334786867993
3027057.0,5.260729755658703
3027058.0,0.08856759642370621
3027059.0,3.919671900486867
3027060.0,4132.140943470582
3027061.0,0.023085268910236288
3027062.0,488.61470189676976
3027063.0,11.41267427887562
3027064.0,1036.3925145938147
3027065.0,659.3166176614743
3027066.0,255.79907139638345
3027067.0,179.92405857357892
3027068.0,46.57161273864824
3027069.0,4066.2598323774573
3027070.0,9.711186854127837
3027071.0,0.23937341854491695
3027072.0,12.036728540710321
3027073.0,18.595012515520068
3027074.0,0.11551124460251552
3027075.0,228.15089161883833
3027076.0,0.044920114986042974
3027077.0,6.453111224911273
3027078.0,1.3739659008546934
3027079.0,47.408982038649675
3027080.0,2.1249248517018207
3027081.0,189.09178690772052
3027082.0,242.9151968520036
3027083.0,2.699527539061129
3027084.0,1.0307676448682797
3027085.0,233.37582210480429
3027086.0,101.57758989816001
3027087.0,967.1941796182191
3027088.0,2.00334274147104
3027089.0,0.6337857757319478
3027090.0,12.543964873691024
3027091.0,0.053142918223146256
3027092.0,13.610905739720192
3027093.0,7907.367721332741
3027094.0,0.12735561355711336
3027095.0,1480.2866301209049
3027096.0,23.809604224586963
3027097.0,2322.8312815839167
3027098.0,2177.037620377936
3027099.0,459.7885456021902
3027100.0,525.9015847599026
3027101.0,377.6837224118392
3027102.0,8394.303428672432
3027103.0,99.53900644077362
3027104.0,3.526953525936175
3027105.0,94.83464948822339
3027106.0,119.70487288733244
3027107.0,0.24331546804924736
3027108.0,614.0539140508276
3027109.0,32.9686136671981
3027110.0,28.655832913579264
3027111.0,47.85715379435469
3027112.0,255.96392378144208
3027113.0,21.040323125529433
3027114.0,728.7030850989415
3027115.0,511.44349109366226
3027116.0,33.220310040570745
3027117.0,30.923198213365886
3027118.0,1011.4585591440123
3027119.0,274.61494375513246
3027120.0,9398.72598436551
3027121.0,168.28833787444876
3027122.0,74.85451293034426
3027123.0,13.626926276578391
3027124.0,0.043585635671023186
3027125.0,11.30457453749597
3027126.0,7845.186828956075
3027127.0,0.1176114536798131
3027128.0,1072.3560240911047
3027129.0,21.21887436473702
3027130.0,2311.105522455111
3027131.0,1910.848428643893
3027132.0,568.063516560947
3027133.0,307.4897503555785
3027134.0,270.20098490434657
3027135.0,8980.047780806162
3027136.0,123.64288275454985
3027137.0,1.5186277194187308
3027138.0,62.71094343980766
3027139.0,72.35474358137284
3027140.0,0.6631969052873862
3027141.0,583.0999202349429
3027142.0,18.303084237404512
3027143.0,34.09317479827649
3027144.0,24.70561918967254
3027145.0,195.32037832596123
3027146.0,15.776871254285755
3027147.0,851.8572713108234
3027148.0,670.1018780835702
3027149.0,18.844873996171415
3027150.0,26.375699782138813
3027151.0,966.1672010924977
3027152.0,231.13676548721256
3027153.0,7733.989492389599
3027154.0,326.87541798896456
3027155.0,70.45005796335344
3027156.0,9.419908567479684
3027157.0,0.04124081848351907
3027158.0,16.189364505044306
3027159.0,4913.528593202636
3027160.0,0.13170266393742197
3027161.0,816.8558933400905
3027162.0,11.164689613253463
3027163.0,1851.9499083217693
3027164.0,1223.8281153525302
3027165.0,634.9282547530235
3027166.0,110.10910362401476
3027167.0,193.3542365312233
3027168.0,7588.979374946239
3027169.0,35.12706213304567
3027170.0,2.314311340668266
3027171.0,36.65763035732375
3027172.0,22.5660820882647
3027173.0,0.3728326260221624
3027174.0,514.4665855023386
3027175.0,29.473876051389993
3027176.0,25.82026286655279
3027177.0,9.18894777895802
3027178.0,95.88948645914692
3027179.0,8.736583615435936
3027180.0,855.5960537246987
3027181.0,612.0286545754168
3027182.0,18.223942546764057
3027183.0,37.64545240234749
3027184.0,608.531713977691
3027185.0,122.22470806135459
3027186.0,3063.9043492045366
3027187.0,149.4216707741751
3027188.0,35.89634409134692
3027189.0,12.587746682408579
3027190.0,0.04331677468656253
3027191.0,17.98202737074763
3027192.0,7305.685308871403
3027193.0,0.11814937269801265
3027194.0,984.0684425798249
3027195.0,15.582388233466006
3027196.0,2026.2865959458074
3027197.0,1859.7037065152308
3027198.0,521.9127990048562
3027199.0,283.738566119279
3027200.0,227.9272199884702
3027201.0,8450.025208505927
3027202.0,43.66002539591446
3027203.0,1.300366588236464
3027204.0,71.4653416349212
3027205.0,64.761183361519
3027206.0,0.6923536976324415
3027207.0,534.3600358855429
3027208.0,26.548367178852114
3027209.0,30.43924021038571
3027210.0,19.55069900469427
3027211.0,171.1155842885717
3027212.0,11.088319994012656
3027213.0,713.5069660952097
3027214.0,592.6118452065232
3027215.0,18.903832237312866
3027216.0,25.170902697998716
3027217.0,832.339696468829
3027218.0,185.41684181639607
3027219.0,6192.604685364453
3027220.0,249.42606980339636
3027221.0,59.075573536559325
3027222.0,9.732257393596015
3027223.0,0.03501095268049287
3027224.0,16.36350935461265
3027225.0,3781.154609250685
3027226.0,0.11523162550203561
3027227.0,659.8373577171589
3027228.0,14.85076885152561
3027229.0,1768.5641285595811
3027230.0,948.9338683467702
3027231.0,495.8162662031711
3027232.0,91.49179418123758
3027233.0,147.7150201627261
3027234.0,6614.1186480611705
3027235.0,34.26398580720264
3027236.0,0.48544624854660257
3027237.0,24.673551450262543
3027238.0,33.50383444621857
3027239.0,0.14828734871454846
3027240.0,515.6955966322873
3027241.0,25.22891702873289
3027242.0,13.747624631055071
3027243.0,10.394608758566765
3027244.0,91.34021537938642
3027245.0,4.512892912861451
3027246.0,658.5377663396808
3027247.0,800.5729403853022
3027248.0,13.842318132881434
3027249.0,20.79077363588295
3027250.0,633.8302973552097
3027251.0,79.21029990417387
3027252.0,2211.457439714178
3027253.0,342.5172008368986
3027254.0,18.87739256554679
3027255.0,8.664826834187178
3027256.0,0.05000669690370923
3027257.0,10.996047151007486
3027258.0,5938.241423187434
3027259.0,0.13083848397140352
3027260.0,1116.3026379078765
3027261.0,21.185573955130135
3027262.0,1830.159779607075
3027263.0,1933.602160769241
3027264.0,373.6266488582676
3027265.0,423.5780417875045
3027266.0,294.2139679923815
3027267.0,7678.89965166117
3027268.0,62.854226893166626
3027269.0,1.234996977089117
3027270.0,45.2141743052417
3027271.0,46.78200666618629
3027272.0,0.34432264826982095
3027273.0,448.8734372287681
3027274.0,15.88047819145962
3027275.0,35.128328154007626
3027276.0,12.1993663339182
3027277.0,200.37349235347233
3027278.0,15.637235699534521
3027279.0,626.7853664795837
3027280.0,478.6441244848867
3027281.0,15.707868642905678
3027282.0,27.19289294349636
3027283.0,799.9168592736057
3027284.0,202.12104363900488
3027285.0,8899.789240840213
3027286.0,158.40447065113668
3027287.0,75.47975934068748
3027288.0,4.824533460273
3027289.0,0.20618643199128886
3027290.0,5.596097252194998
3027291.0,1919.679731789981
3027292.0,0.11872194294520805
3027293.0,314.9560975986454
3027294.0,18.56903675551944
3027295.0,823.3397482001866
3027296.0,539.5176186100668
3027297.0,211.11538808633463
3027298.0,79.93273112731629
3027299.0,75.87402808694164
3027300.0,2866.9250446378637
3027301.0,29.631943621648745
3027302.0,1.0167198360408107
3027303.0,31.238214469844536
3027304.0,20.20720586383279
3027305.0,0.18143215856090616
3027306.0,187.24271061786493
3027307.0,9.246218660031273
3027308.0,10.374773314100121
3027309.0,9.3000624400377
3027310.0,48.80087485718838
3027311.0,5.987162595600301
3027312.0,213.2821508195371
3027313.0,241.08850720107017
3027314.0,2.5753434440452314
3027315.0,5.826252690519542
3027316.0,210.29131231434363
3027317.0,50.50926802426872
3027318.0,1891.2498026803269
3027319.0,0.6425564338898138
3027320.0,10.222502230986436
3027321.0,9.208772746884659
3027322.0,0.041664992144095414
3027323.0,11.54285311559845
3027324.0,3773.1400224568974
3027325.0,0.11555807939285404
3027326.0,544.9352599853571
3027327.0,26.2042870505265
3027328.0,1503.4083271867416
3027329.0,952.7696052419069
3027330.0,414.5243270455558
3027331.0,93.82263531809775
3027332.0,136.71301013051524
3027333.0,5934.728752148216
3027334.0,87.62314713380334
3027335.0,1.1888539940027552
3027336.0,46.555706992326144
3027337.0,32.271592080928144
3027338.0,0.13546328191540885
3027339.0,363.48929998165323
3027340.0,12.056366531330301
3027341.0,11.020041790265392
3027342.0,3.095103259414588
3027343.0,114.47074086652691
3027344.0,7.451249238804217
3027345.0,524.7716272451039
3027346.0,467.4691044866708
3027347.0,9.814083907372412
3027348.0,19.097379717339678
3027349.0,344.96767794586793
3027350.0,81.69798424888978
3027351.0,2498.502240594721
3027352.0,245.94544757097273
3027353.0,16.15179876810558
3027354.0,5.737532821231628
3027355.0,0.04584792903215056
3027356.0,5.543340321834053
3027357.0,4277.476929744536
3027358.0,0.12129465937377329
3027359.0,851.6478355773538
3027360.0,8.449307231078594
3027361.0,1411.0516311944803
3027362.0,1601.5114717820743
3027363.0,226.89961591540347
3027364.0,330.94101397818457
3027365.0,238.66091327673504
3027366.0,5027.423205985491
3027367.0,42.70584759310756
3027368.0,1.2625606798012345
3027369.0,30.61780584071155
3027370.0,40.83685607421857
3027371.0,0.2500560647305504
3027372.0,315.86116764535586
3027373.0,2.102476896814225
3027374.0,51.337312981033804
3027375.0,4.555492734534008
3027376.0,118.8583945632908
3027377.0,10.137227101476801
3027378.0,556.5276278049756
3027379.0,278.41591850332213
3027380.0,17.241772818922826
3027381.0,8.156627454874673
3027382.0,671.4947235616519
3027383.0,123.51301150130118
3027384.0,7466.100095517706
3027385.0,1.6254131353359604
3027386.0,41.222718266763664
3027387.0,10.374604507988625
3027388.0,0.024187079420257458
3027389.0,6.673506348732589
3027390.0,4197.836676029555
3027391.0,0.024187079420257458
3027392.0,792.4522524561148
3027393.0,10.44337879466924
3027394.0,1623.4974446900274
3027395.0,1110.7836098022117
3027396.0,303.99504742961216
3027397.0,213.34125803758894
3027398.0,281.14701544226307
3027399.0,5869.897335425651
3027400.0,37.772181028317206
3027401.0,2.604793023166949
3027402.0,41.58880935629542
3027403.0,42.7221007608202
3027404.0,0.13097900079838673
3027405.0,309.2219187973046
3027406.0,5.575023264980296
3027407.0,55.557553094890885
3027408.0,8.051063763354051
3027409.0,231.1652451949004
3027410.0,8.356363393586147
3027411.0,421.79514110499434
3027412.0,320.79128967337374
3027413.0,12.06840123636142
3027414.0,26.840217313868987
3027415.0,451.88493933230745
3027416.0,123.1925644309934
3027417.0,6810.6576243664
3027418.0,2.3679878203234166
3027419.0,7.83751369269
3027420.0,6.638213503796335
3027421.0,0.11319253273879988
3027422.0,3.721015779949846
3027423.0,2253.0128427217987
3027424.0,0.11783733531374142
3027425.0,445.78810880438516
3027426.0,5.3230639538911735
3027427.0,976.1466243387581
3027428.0,520.2570899965083
3027429.0,206.9896705719097
3027430.0,89.03223989492446
3027431.0,97.49140623711948
3027432.0,2954.413183541553
3027433.0,12.202701948618856
3027434.0,1.1222961394928463
3027435.0,26.02558863285764
3027436.0,20.09140473391775
3027437.0,0.12509241770487045
3027438.0,193.79315774881576
3027439.0,4.552361139336295
3027440.0,15.37557171957924
3027441.0,5.070050904327761
3027442.0,53.288848953840166
3027443.0,3.149857804953692
3027444.0,252.11142169410076
3027445.0,230.14503518528164
3027446.0,4.11770718088545
3027447.0,5.300070229931435
3027448.0,157.4664041785224
3027449.0,85.50394211391534
3027450.0,2701.605536650714
3027451.0,0.23350133573548038
3027452.0,4.350628145677309
3027453.0,4.928278582994997
3027454.0,0.023085268910236288
3027455.0,0.8199039583096331
3027456.0,2476.022263812319
3027457.0,0.023085268910236288
3027458.0,195.7709303901859
3027459.0,2.8698952428444375
3027460.0,779.040650779707
3027461.0,237.30400979637358
3027462.0,171.6650349073657
3027463.0,47.81169683600386
3027464.0,23.087960306985774
3027465.0,2704.8818888731407
3027466.0,7.353736694051459
3027467.0,0.7212479581226305
3027468.0,13.29875347690692
3027469.0,7.6954245836796895
3027470.0,0.09150281111871575
3027471.0,163.42198925634813
3027472.0,0.04225927819941349
3027473.0,0.023085268910236288
3027474.0,3.111980114802069
3027475.0,17.16788109231368
3027476.0,0.8097498689085285
3027477.0,46.265425042877965
3027478.0,147.1744140390262
3027479.0,0.14746369775623208
3027480.0,1.6265199012850644
3027481.0,47.190805133509656
3027482.0,73.86193202567841
3027483.0,507.02147619429064
3027484.0,0.08833920125653577
3027485.0,1.3524658332479427
3027486.0,5.4203712677180285
3027487.0,0.11100962054380147
3027488.0,5.628167583833932
3027489.0,3026.9401073108265
3027490.0,0.17826023281387804
3027491.0,509.51228516962544
3027492.0,10.247355976858028
3027493.0,1068.4136852959577
3027494.0,841.4631322792807
3027495.0,286.55304920039555
3027496.0,157.78611503236988
3027497.0,131.90573164746723
3027498.0,4259.9600650750035
3027499.0,28.24534293681343
3027500.0,0.76825161363347
3027501.0,20.786954612028865
3027502.0,44.34927611812824
3027503.0,0.11284417498991657
3027504.0,271.66674339699387
3027505.0,17.035095512757604
3027506.0,19.11860532155875
3027507.0,9.806757128151748
3027508.0,67.47337577470554
3027509.0,5.455911973318495
3027510.0,411.4054201433172
3027511.0,298.7575913222553
3027512.0,7.805068656864838
3027513.0,11.951764852386617
3027514.0,426.873789858285
3027515.0,82.15758535911088
3027516.0,3149.707602328694
3027517.0,0.04786644442915494
3027518.0,30.676639623797747
3027519.0,4.5124760840820795
3027520.0,0.12775301262499208
3027521.0,4.756374741209555
3027522.0,3913.8907608600666
3027523.0,0.15554884369834943
3027524.0,607.9619459776325
3027525.0,14.924890310535288
3027526.0,1031.0108791394264
3027527.0,1270.1261212074476
3027528.0,180.7197003188942
3027529.0,259.08885510272273
3027530.0,197.81888428781127
3027531.0,3981.7279237929506
3027532.0,39.67089625390236
3027533.0,2.5056712251139834
3027534.0,30.766311729107063
3027535.0,28.289766269526567
3027536.0,0.4764599292227991
3027537.0,255.2491263748352
3027538.0,12.001265768526967
3027539.0,42.639353242076254
3027540.0,7.1923461952314565
3027541.0,130.1407211554051
3027542.0,11.477041724930666
3027543.0,441.1908112753095
3027544.0,254.88327510932746
3027545.0,6.163809382026991
3027546.0,11.962703766235219
3027547.0,600.1648649712563
3027548.0,124.04429752576354
3027549.0,6012.067540384967
3027550.0,0.21424665578672691
3027551.0,40.88169269625136
3027552.0,4.069342078025296
3027553.0,0.5597990360521967
3027554.0,8.930941529738831
3027555.0,4149.433916279347
3027556.0,0.12735561355711336
3027557.0,771.6722459209901
3027558.0,16.58527211009421
3027559.0,1175.9171134212327
3027560.0,1289.5395301730332
3027561.0,247.6570732851281
3027562.0,277.89569467130343
3027563.0,151.5561529799715
3027564.0,4389.183265278083
3027565.0,34.73078912964105
3027566.0,2.903111700461798
3027567.0,35.53206033203416
3027568.0,60.782197858327734
3027569.0,0.13917612641042282
3027570.0,318.08247316378106
3027571.0,23.228086755486316
3027572.0,40.332649758110776
3027573.0,14.924628815011198
3027574.0,113.96021080417285
3027575.0,15.85752408962796
3027576.0,365.30755079799275
3027577.0,277.1442874596818
3027578.0,15.50207610680984
3027579.0,16.71118612645681
3027580.0,485.9863392774833
3027581.0,141.87167105803175
3027582.0,5756.850171312718
3027583.0,0.5034023932648534
3027584.0,34.524906257865396
3027585.0,9.633723898522625
3027586.0,0.23564195025931542
3027587.0,6.826139891578183
3027588.0,2832.373300172556
3027589.0,0.0383470921420927
3027590.0,421.1276166465483
3027591.0,11.596755133419975
3027592.0,1423.9962400262766
3027593.0,705.2077110545047
3027594.0,449.17255666120946
3027595.0,163.07325782534775
3027596.0,92.81533177139184
3027597.0,5596.556374327547
3027598.0,8.18505661696894
3027599.0,1.004043925750411
3027600.0,40.18113937578159
3027601.0,34.87645426337342
3027602.0,0.11502035145166309
3027603.0,334.8269741068266
3027604.0,7.5868270188897595
3027605.0,4.303147577286312
3027606.0,7.886825022706553
3027607.0,45.12501629787525
3027608.0,2.881392975184554
3027609.0,286.2203471705885
3027610.0,392.61772056050654
3027611.0,5.56518783447568
3027612.0,6.0094141544133235
3027613.0,322.8999963813244
3027614.0,83.66102898693345
3027615.0,1181.4366990279425
3027616.0,55.593198151191004
3027617.0,14.166261605973116
3027618.0,3.4031299356251847
3027619.0,0.04372973521012784
3027620.0,4.082676254484895
3027621.0,1999.8156990394373
3027622.0,0.11863946712520182
3027623.0,294.8773560234531
3027624.0,10.801330203336976
3027625.0,638.8923241915295
3027626.0,620.2622536589924
3027627.0,118.0504130652518
3027628.0,115.75533537792782
3027629.0,125.40127385573815
3027630.0,2287.3740099271536
3027631.0,18.19132009847951
3027632.0,1.3148502214768918
3027633.0,25.70162089525276
3027634.0,25.644169787143838
3027635.0,0.21991336869038852
3027636.0,149.21339350106507
3027637.0,10.86597286786927
3027638.0,14.96923830662081
3027639.0,4.48065360982934
3027640.0,89.18981564327825
3027641.0,4.77304060812366
3027642.0,236.20271502885436
3027643.0,155.54225559194646
3027644.0,3.8835856291142816
3027645.0,6.175445838257491
3027646.0,257.55960457332856
3027647.0,56.9011660421035
3027648.0,1980.0838935545287
3027649.0,0.134913601761357
3027650.0,20.30781248844548
3027651.0,1.241656603213213
3027652.0,0.023085268910236288
3027653.0,1.7681637569015234
3027654.0,1345.0804530349922
3027655.0,0.023085268910236288
3027656.0,83.6161560749421
3027657.0,3.120954623230399
3027658.0,753.0943868785669
3027659.0,246.3127154713961
3027660.0,202.40634779670415
3027661.0,27.647317943116974
3027662.0,28.666360341730815
3027663.0,2283.0505796281436
3027664.0,3.646819806108107
3027665.0,0.26285586586417153
3027666.0,9.962202735249182
3027667.0,7.242443612832481
3027668.0,0.09419620345508431
3027669.0,130.17877408496403
3027670.0,2.5498481848204397
3027671.0,0.023085268910236288
3027672.0,1.1153586766988766
3027673.0,8.830593620445057
3027674.0,0.5736898862404293
3027675.0,234.50826165384422
3027676.0,158.60114912083532
3027677.0,0.802336986826351
3027678.0,2.6806295539222553
3027679.0,117.44485088350947
3027680.0,23.145430107395207
3027681.0,216.3735265103769
3027682.0,6.449155651519287
3027683.0,1.1646566913693976
3027684.0,5.5916044171845485
3027685.0,0.16984286501651807
3027686.0,4.557810119771286
3027687.0,3919.064002774834
3027688.0,0.03919228803973361
3027689.0,654.1028499911677
3027690.0,10.990084353831994
3027691.0,1564.8110868809156
3027692.0,567.6596257857752
3027693.0,447.23391765427897
3027694.0,171.08092627203166
3027695.0,65.17325319740286
3027696.0,6078.105254713867
3027697.0,29.013197063602632
3027698.0,0.5471817073397202
3027699.0,21.200530142796268
3027700.0,15.687587222556266
3027701.0,0.12793294509823283
3027702.0,447.8735928307906
3027703.0,8.782843491303648
3027704.0,1.9755559545225334
3027705.0,6.836951575885317
3027706.0,33.441263166123555
3027707.0,1.8492604596384077
3027708.0,798.329353311972
3027709.0,339.6589705598217
3027710.0,1.8692200098245206
3027711.0,12.168236257250445
3027712.0,329.68778470333706
3027713.0,109.30854473468477
3027714.0,1263.9906510150504
3027715.0,37.65433677655141
3027716.0,6.335026725768742
3027717.0,4.780770773251133
3027718.0,0.11067681280533202
3027719.0,0.9278434728405405
3027720.0,1428.1380069287584
3027721.0,0.03342972060527625
3027722.0,145.54607326492857
3027723.0,7.052838686963378
3027724.0,817.8576719820812
3027725.0,340.7318209203171
3027726.0,173.39284038796737
3027727.0,66.30545058706568
3027728.0,29.5558058875366
3027729.0,2577.5387194611594
3027730.0,6.450096105880076
3027731.0,0.3965404463512839
3027732.0,12.054012058292964
3027733.0,16.0783712237372
3027734.0,0.13795370337856508
3027735.0,144.97379967679473
3027736.0,4.933947266273725
3027737.0,0.03984848632664452
3027738.0,5.817418720966953
3027739.0,32.32790383456894
3027740.0,1.2331243612490972
3027741.0,199.20428359258585
3027742.0,163.66713161998283
3027743.0,1.322069560131314
3027744.0,5.4661667250010755
3027745.0,126.83436464642942
3027746.0,30.94769785848942
3027747.0,314.04968423768423
3027748.0,2.609202891167913
3027749.0,2.2822052534654436
3027750.0,3.751253730668768
3027751.0,0.023085268910236288
3027752.0,2.5772333373364065
3027753.0,1351.7306872117126
3027754.0,0.023085268910236288
3027755.0,96.5391397851627
3027756.0,5.54735384087951
3027757.0,713.3377929182977
3027758.0,220.25683533658497
3027759.0,117.88508107133545
3027760.0,33.30167381509753
3027761.0,26.379087885480295
3027762.0,2384.278957398529
3027763.0,8.725322285682818
3027764.0,0.22745250038210146
3027765.0,11.394391310839215
3027766.0,7.2541557925017015
3027767.0,0.08963882972606102
3027768.0,113.56294334290246
3027769.0,1.1395280147644493
3027770.0,0.023085268910236288
3027771.0,1.754604476050584
3027772.0,27.746093634220095
3027773.0,0.6663952116984517
3027774.0,188.4746770473576
3027775.0,161.38890061347212
3027776.0,0.37784433098380776
3027777.0,4.088703957701057
3027778.0,90.04971101283094
3027779.0,18.716705204355407
3027780.0,162.53901444449835
3027781.0,12.036458216373946
3027782.0,1.1653442553603481
3027783.0,3.076973018445785
3027784.0,0.02288514698285841
3027785.0,2.4778853535276717
3027786.0,1304.0436080440877
3027787.0,0.02288514698285841
3027788.0,132.03486557480377
3027789.0,6.581830232449143
3027790.0,1171.911524229832
3027791.0,303.9501633424965
3027792.0,177.29407372316246
3027793.0,25.4318343263326
3027794.0,28.72748763740894
3027795.0,2448.1559383181443
3027796.0,3.60331536874612
3027797.0,0.26021177405048357
3027798.0,11.914196554568278
3027799.0,17.83274896761363
3027800.0,0.09587017099467385
3027801.0,180.8194435956082
3027802.0,0.7941185656979038
3027803.0,0.022927397478965546
3027804.0,2.304038447378157
3027805.0,10.65278260485655
3027806.0,1.8411864884462978
3027807.0,325.1910745314733
3027808.0,217.1694426582447
3027809.0,0.7847358777125824
3027810.0,4.261746130440885
3027811.0,54.86760541471573
3027812.0,64.64111751226545
3027813.0,319.7205782305685
3027814.0,8.756463194253492
3027815.0,3.3729776437254833
3027816.0,3.4895283073428494
3027817.0,0.750635050810097
3027818.0,4.04965585718894
3027819.0,1591.4077523915375
3027820.0,0.028443628418683378
3027821.0,166.46740535867696
3027822.0,3.148532108846332
3027823.0,936.9001686824251
3027824.0,304.030353052596
3027825.0,257.4828192873893
3027826.0,90.31247909833988
3027827.0,65.45303455265328
3027828.0,2652.5961852930814
3027829.0,5.2465276169585735
3027830.0,0.8130157107014577
3027831.0,13.256898692353316
3027832.0,17.141980145494415
3027833.0,0.11716317342520025
3027834.0,190.44817058468306
3027835.0,6.329215438727191
3027836.0,0.027141317770490274
3027837.0,3.8516980325572483
3027838.0,22.01674000866408
3027839.0,1.3587926731521796
3027840.0,160.41449968945793
3027841.0,177.4109277568432
3027842.0,0.7610386356761388
3027843.0,4.247587395777838
3027844.0,117.02122078653292
3027845.0,42.91352089690098
3027846.0,555.2768494100831
3027847.0,12.98310010861604
3027848.0,3.9017403168694904
3027849.0,3.570599021407762
3027850.0,0.14638067117608317
3027851.0,1.8271332850113913
3027852.0,1101.0856316885408
3027853.0,0.023085268910236288
3027854.0,115.43953759467674
3027855.0,3.8785395823233704
3027856.0,752.204566715383
3027857.0,203.1515590846721
3027858.0,133.79636629796343
3027859.0,117.61689057302925
3027860.0,27.261628464408417
3027861.0,1584.8515211603217
3027862.0,4.227092726594613
3027863.0,0.23327009497485568
3027864.0,9.013823340625986
3027865.0,12.427259532045456
3027866.0,0.1213700599576355
3027867.0,127.60840609823947
3027868.0,0.046898812479117584
3027869.0,0.023085268910236288
3027870.0,1.8492795787399596
3027871.0,22.597045808964634
3027872.0,0.9121629622016535
3027873.0,50.724623023939984
3027874.0,107.90415072129788
3027875.0,0.7420828907192609
3027876.0,2.5318148722714566
3027877.0,57.14605894260213
3027878.0,26.515243617492107
3027879.0,396.51102169668536
3027880.0,0.09314958666255307
3027881.0,0.7357535691064043
3027882.0,5.485198406016041
3027883.0,0.3235925507644989
3027884.0,3.5695244131198596
3027885.0,2575.6128041423926
3027886.0,0.025579384460536963
3027887.0,255.76238448894787
3027888.0,4.373238867034328
3027889.0,861.9190749615991
3027890.0,539.8434703439509
3027891.0,400.52588571201943
3027892.0,160.24962574387803
3027893.0,73.31827959363147
3027894.0,3658.4231130685666
3027895.0,13.625959395127607
3027896.0,0.7951675020065098
3027897.0,18.29828534616822
3027898.0,22.56302544198543
3027899.0,0.10259795644881604
3027900.0,226.68741988793695
3027901.0,0.3070424396674426
3027902.0,0.025406978549356474
3027903.0,6.627678552179153
3027904.0,32.21975521780707
3027905.0,2.8816739948251158
3027906.0,293.40709791106934
3027907.0,222.60586542754234
3027908.0,1.6488301899862519
3027909.0,6.232984543130906
3027910.0,288.30655985742976
3027911.0,51.53295647545208
3027912.0,1002.7149130104533
3027913.0,24.23083106779938
3027914.0,9.586005758910972
3027915.0,3.047190866105766
3027916.0,0.21244959933587926
3027917.0,3.794932576141824
3027918.0,1614.4244116595314
3027919.0,0.022828176838620217
3027920.0,416.2548710488167
3027921.0,5.6815638726290265
3027922.0,499.9777931343999
3027923.0,406.6381355317966
3027924.0,149.14646087976212
3027925.0,104.76891267548565
3027926.0,34.785702380164565
3027927.0,2219.622639871399
3027928.0,8.032874088673978
3027929.0,0.7487553030074678
3027930.0,10.538093255940105
3027931.0,13.094584818860474
3027932.0,0.09124847019260207
3027933.0,135.51301698005798
3027934.0,6.641636022727554
3027935.0,1.5843800622810704
3027936.0,4.057798367777426
3027937.0,38.05547600366976
3027938.0,1.809691089112057
3027939.0,158.41171512406487
3027940.0,130.34189303479837
3027941.0,2.978541986018432
3027942.0,5.31286806749033
3027943.0,95.95061228288856
3027944.0,25.20931091814289
3027945.0,1069.4321032659304
3027946.0,32.76312262784421
3027947.0,8.307143652487241
3027948.0,4.709764547318815
3027949.0,0.3263073048553146
3027950.0,2.595003168376808
3027951.0,2017.3883892825343
3027952.0,0.029478616651063133
3027953.0,130.28906494656422
3027954.0,4.885154697322836
3027955.0,732.8974444075191
3027956.0,267.96517729161917
3027957.0,212.27313501956365
3027958.0,49.6514897963681
3027959.0,36.46409696727793
3027960.0,2771.2787223531204
3027961.0,10.850849012197548
3027962.0,0.9300383119358074
3027963.0,12.60298726936687
3027964.0,9.728893052251074
3027965.0,0.1477630910289702
3027966.0,139.52309391384318
3027967.0,4.99988694683633
3027968.0,0.03373277680958173
3027969.0,3.2950694223923094
3027970.0,34.1024547120425
3027971.0,2.1978869957870675
3027972.0,141.56868621457266
3027973.0,148.92657627862596
3027974.0,1.0312611201315007
3027975.0,4.787902775902808
3027976.0,158.45837584012565
3027977.0,20.801471084190148
3027978.0,415.5231452048474
3027979.0,7.258987923514546
3027980.0,3.565370709146078
3027981.0,5.307113136494701
3027982.0,0.12405026115089846
3027983.0,6.460266964585223
3027984.0,2493.463025877063
3027985.0,0.18853741954015052
3027986.0,527.1345021134211
3027987.0,9.670564985197215
3027988.0,764.5049121006552
3027989.0,655.5687457425779
3027990.0,168.32281253144845
3027991.0,133.76104163703906
3027992.0,83.27667946503159
3027993.0,3171.9120301273133
3027994.0,30.78143194510958
3027995.0,1.1646625797342784
3027996.0,16.4456445940937
3027997.0,29.008007836211977
3027998.0,0.12838349585542347
3027999.0,209.05272152147933
3028000.0,15.781643674481186
3028001.0,13.126721915677724
3028002.0,7.036583081276004
3028003.0,75.98899433000038
3028004.0,7.051558387630017
3028005.0,423.16187012174515
3028006.0,211.59268345189162
3028007.0,6.709582974025171
3028008.0,6.40194299257662
3028009.0,356.5686828310445
3028010.0,89.8915894848171
3028011.0,1764.7639430495665
3028012.0,0.13995405822738055
3028013.0,24.33902412635806
3028014.0,5.444999005273159
3028015.0,0.12717286397132507
3028016.0,4.860807103385529
3028017.0,3715.845045967325
3028018.0,0.03039166852809914
3028019.0,393.87939489087586
3028020.0,5.175841512956012
3028021.0,1238.668396838581
3028022.0,584.6907008935151
3028023.0,489.1748134301589
3028024.0,73.526499703865
3028025.0,68.33899156414247
3028026.0,4914.389687834186
3028027.0,11.179889545835312
3028028.0,0.9317539787995388
3028029.0,14.57877802350825
3028030.0,10.58770350242229
3028031.0,0.10118792010837173
3028032.0,275.4708624813161
3028033.0,1.1465555485026466
3028034.0,4.4090635648244465
3028035.0,4.322962300714529
3028036.0,42.00684781752683
3028037.0,1.192006119034169
3028038.0,513.2804325399478
3028039.0,323.42589138034293
3028040.0,2.8763817176526723
3028041.0,4.70990758209321
3028042.0,229.35169558598108
3028043.0,52.47585622244632
3028044.0,780.7969109993487
3028045.0,55.23438870615429
3028046.0,9.73088436014951
3028047.0,8.227519314346559
3028048.0,0.25388347948781176
3028049.0,4.270042125141904
3028050.0,2205.329372322365
3028051.0,0.032309310689178146
3028052.0,334.46836577053307
3028053.0,5.519587894705433
3028054.0,1131.220782372705
3028055.0,423.94817888904475
3028056.0,225.84136763347834
3028057.0,174.47330376290512
3028058.0,71.25675188246313
3028059.0,3273.323694672112
3028060.0,11.308450431335473
3028061.0,0.4894818007143078
3028062.0,31.88235749118556
3028063.0,21.530937949627543
3028064.0,0.13929896649771428
3028065.0,241.44798345957528
3028066.0,2.741424168820096
3028067.0,2.175995701641316
3028068.0,7.185061798002568
3028069.0,73.95177546551274
3028070.0,1.7738252578673332
3028071.0,104.55718439174518
3028072.0,212.6103018977075
3028073.0,1.953326128415537
3028074.0,4.5512125822588505
3028075.0,129.3087535768233
3028076.0,139.04018824503635
3028077.0,849.1219351179855
3028078.0,0.2045774501426017
3028079.0,4.2340430610786886
3028080.0,3.4209772215130707
3028081.0,0.12343866852826481
3028082.0,2.012312198179586
3028083.0,1765.8445442375328
3028084.0,0.027040456057320385
3028085.0,110.14813345478092
3028086.0,5.57868023907413
3028087.0,687.0959724758427
3028088.0,284.3587501707117
3028089.0,132.8184653210438
3028090.0,41.340462247224174
3028091.0,44.72176172641443
3028092.0,2612.5579057486525
3028093.0,6.388703331390619
3028094.0,0.5478259157471268
3028095.0,20.445044322584163
3028096.0,21.023919495984913
3028097.0,0.09521463934176899
3028098.0,134.7816260965268
3028099.0,0.6212686130788169
3028100.0,0.02374126695511255
3028101.0,3.5628565231658893
3028102.0,63.45919845608861
3028103.0,2.028531478971445
3028104.0,109.47386920165482
3028105.0,133.45130859640136
3028106.0,0.8615691002594766
3028107.0,5.272368593267677
3028108.0,117.35427277385728
3028109.0,25.346804525991807
3028110.0,373.90769513464363
3028111.0,15.98313967587742
3028112.0,1.2250435225201393
3028113.0,1.5808430018157513
3028114.0,0.026644686144262342
3028115.0,1.4624702112719543
3028116.0,1278.3905948061733
3028117.0,0.126557632443895
3028118.0,245.04160742417565
3028119.0,9.615020312461505
3028120.0,502.1812698342224
3028121.0,435.81535021175034
3028122.0,105.07589960638113
3028123.0,42.25897787810213
3028124.0,69.25141992766345
3028125.0,1918.0720984668221
3028126.0,22.765919721978733
3028127.0,0.3517473065643155
3028128.0,10.69788656915048
3028129.0,10.636973472661637
3028130.0,0.16775833392849676
3028131.0,110.90751125504002
3028132.0,8.86347195231398
3028133.0,1.381942748465536
3028134.0,7.487575328548457
3028135.0,47.489227611795215
3028136.0,3.67608791617032
3028137.0,655.7545947491421
3028138.0,134.00001856983528
3028139.0,3.222050093413151
3028140.0,4.802120501011288
3028141.0,260.10311315283275
3028142.0,26.083120111760042
3028143.0,884.6676335906485
3028144.0,0.1112691933488977
3028145.0,5.436867705702202
3028146.0,2.538231381869601
3028147.0,0.12119922100649663
3028148.0,4.365492332615171
3028149.0,2958.877726517302
3028150.0,0.12119922100649663
3028151.0,631.4901312641623
3028152.0,13.560305636649876
3028153.0,1019.8263757815675
3028154.0,1045.026643332591
3028155.0,231.07391025427083
3028156.0,185.03418477407666
3028157.0,158.16491041006245
3028158.0,3529.559188442922
3028159.0,33.84329954660832
3028160.0,0.872174365624494
3028161.0,18.658849086706393
3028162.0,29.08685020590267
3028163.0,0.13258880748905996
3028164.0,226.31920375623196
3028165.0,8.877943394456455
3028166.0,32.148122542656935
3028167.0,7.181226862208495
3028168.0,74.42054463356686
3028169.0,11.63705252790915
3028170.0,319.14011706527725
3028171.0,238.420516032277
3028172.0,13.843160255322054
3028173.0,7.8339751438165806
3028174.0,450.2776815324422
3028175.0,99.55297535522593
3028176.0,2929.6709482523456
3028177.0,0.14192756047095817
3028178.0,20.510288813664168
3028179.0,2.584695445008488
3028180.0,0.08906459268073535
3028181.0,2.518788439824492
3028182.0,2088.863795502117
3028183.0,0.09673040778564411
3028184.0,382.8620771450002
3028185.0,5.21300839512494
3028186.0,428.44110733537696
3028187.0,498.40647809170895
3028188.0,104.25800271165895
3028189.0,89.87093903864715
3028190.0,42.28995415987184
3028191.0,1744.4382149002859
3028192.0,8.268773451810176
3028193.0,0.8063395520500034
3028194.0,18.752753741559488
3028195.0,13.896763178727056
3028196.0,0.09186187954460392
3028197.0,43.41253655500917
3028198.0,0.07941436759672967
3028199.0,15.68947439883663
3028200.0,2.8796422606749768
3028201.0,169.99242105230428
3028202.0,6.645194616052669
3028203.0,119.34114181822245
3028204.0,94.5600059216006
3028205.0,3.8077219773588
3028206.0,4.8030515190755825
3028207.0,126.79759051413379
3028208.0,15.258021647774921
3028209.0,284.25241086700254
3028210.0,0.5861338323393291
3028211.0,3.184033574376023
3028212.0,2.985619508896575
3028213.0,0.023085268910236288
3028214.0,1.7459620458699867
3028215.0,676.4202457412468
3028216.0,0.15457012116904195
3028217.0,159.56545294528428
3028218.0,4.116577131753618
3028219.0,269.38378726371707
3028220.0,172.63985973750766
3028221.0,52.111766231629446
3028222.0,23.800368421144007
3028223.0,31.385083738117697
3028224.0,1085.8247995767094
3028225.0,3.75910407682253
3028226.0,0.4236479547576534
3028227.0,10.154654926830922
3028228.0,8.337675340571199
3028229.0,0.1367686368532091
3028230.0,58.95736513010813
3028231.0,0.16172004441600663
3028232.0,4.082626173712539
3028233.0,0.5971634136096203
3028234.0,21.469286435722474
3028235.0,0.20936106229885534
3028236.0,198.55477209410407
3028237.0,89.91460989661718
3028238.0,1.7249942161763696
3028239.0,1.2179553354268156
3028240.0,98.81617031253431
3028241.0,14.431515907048162
3028242.0,378.86329579470663
3028243.0,0.3972201502325512
3028244.0,1.3733098394982255
3028245.0,4.849825158932411
3028246.0,0.21793883558457303
3028247.0,1.7512548320028096
3028248.0,2260.788527307913
3028249.0,0.14154649358497748
3028250.0,472.73458126117663
3028251.0,12.988873746835186
3028252.0,657.8717141658791
3028253.0,784.1887638145613
3028254.0,219.22128333707133
3028255.0,184.09590941244778
3028256.0,109.170459166151
3028257.0,2846.7626329082427
3028258.0,24.838586636428964
3028259.0,2.2596408228567215
3028260.0,18.205421250746426
3028261.0,25.0631516668613
3028262.0,0.15309448331220882
3028263.0,171.15717460378687
3028264.0,4.543227493431278
3028265.0,30.938607737465553
3028266.0,6.55003427747892
3028267.0,109.60224230802055
3028268.0,3.475058051160555
3028269.0,219.51261031123747
3028270.0,177.07016937831463
3028271.0,8.313672742624878
3028272.0,7.35875453239296
3028273.0,281.979005917946
3028274.0,66.16281006626348
3028275.0,1906.614023519909
3028276.0,1.007935251423179
3028277.0,12.406062128518414
3028278.0,4.824764965132678
3028279.0,0.09706824029278532
3028280.0,2.4581627522153155
3028281.0,2781.662639803384
3028282.0,0.028371499397175187
3028283.0,463.395380864677
3028284.0,11.292682645284522
3028285.0,949.5117572502272
3028286.0,599.3460692801132
3028287.0,278.87552313469445
3028288.0,180.18020752874637
3028289.0,55.72390826423448
3028290.0,3658.6829575572374
3028291.0,11.992990625798155
3028292.0,0.5374707774018185
3028293.0,27.246395650364747
3028294.0,15.004979944718368
3028295.0,0.4427054022119935
3028296.0,220.61071000463232
3028297.0,0.09977782959004167
3028298.0,4.920247051335861
3028299.0,3.8681026041321642
3028300.0,42.6034334336726
3028301.0,0.8615907755618305
3028302.0,283.56487459185416
3028303.0,230.52170802447452
3028304.0,3.8131612584022445
3028305.0,3.7780811660321416
3028306.0,170.3460680283269
3028307.0,63.08673823149853
3028308.0,1185.8340937056537
3028309.0,1.7751617907193147
3028310.0,2.6844276195286008
3028311.0,4.70460353987257
3028312.0,0.22782804574773485
3028313.0,2.168972003313971
3028314.0,2725.0073362812486
3028315.0,0.034032388586271806
3028316.0,490.0775812026503
3028317.0,10.596977179550185
3028318.0,801.4861054265954
3028319.0,500.11477096579495
3028320.0,226.1186233629237
3028321.0,154.33558289089336
3028322.0,59.77645684023736
3028323.0,3430.3036363718124
3028324.0,12.531846920427569
3028325.0,1.003907699421762
3028326.0,20.533814900001694
3028327.0,19.490093299398925
3028328.0,0.1030394071700817
3028329.0,208.4061564927526
3028330.0,0.08515107795759375
3028331.0,4.369360877811066
3028332.0,4.05572649046303
3028333.0,82.90813641449392
3028334.0,1.1260261906406677
3028335.0,140.9194193951746
3028336.0,180.0115837016872
3028337.0,2.74275590473514
3028338.0,3.553715260469811
3028339.0,157.25023639975882
3028340.0,53.7245587666294
3028341.0,865.6790041659563
3028342.0,1.0787777855977807
3028343.0,4.970783642876691
3028344.0,8.43424979854841
3028345.0,0.19061909785481934
3028346.0,12.74831620257855
3028347.0,6542.742237471161
3028348.0,0.13485680560474245
3028349.0,966.5993949448139
3028350.0,44.83951527853977
3028351.0,1636.9284813284453
3028352.0,1698.759591702808
3028353.0,293.81050077015277
3028354.0,382.37881160465105
3028355.0,286.59920007243596
3028356.0,6368.687792322422
3028357.0,64.04507351417435
3028358.0,2.2272575551737157
3028359.0,50.032102838785754
3028360.0,45.418824598678775
3028361.0,0.18054045769258265
3028362.0,404.31472169424126
3028363.0,28.966165912084463
3028364.0,38.05786872725116
3028365.0,19.900468408077494
3028366.0,202.21505013782922
3028367.0,22.42356019711486
3028368.0,569.6273396237311
3028369.0,416.6398509204831
3028370.0,15.332989045053171
3028371.0,20.863559736328625
3028372.0,873.7090589962255
3028373.0,207.68967377278656
3028374.0,5468.2526808826715
3028375.0,0.6725998634643088
3028376.0,68.54168098345897
3028377.0,2.9344530563093345
3028378.0,0.21801762031886468
3028379.0,0.5077583543987689
3028380.0,1393.856149435199
3028381.0,0.025341594031532102
3028382.0,155.7645450337866
3028383.0,3.7168685885963675
3028384.0,682.8448912557546
3028385.0,220.04366029314073
3028386.0,107.18597904170828
3028387.0,113.48396204888516
3028388.0,42.9092626152209
3028389.0,2489.534722252733
3028390.0,4.412223045392031
3028391.0,0.28101542670880136
3028392.0,12.593618585473482
3028393.0,8.906339566152628
3028394.0,0.10342845205492317
3028395.0,163.99234446730787
3028396.0,0.4928855206713151
3028397.0,0.024226991992401636
3028398.0,2.3802115238069472
3028399.0,31.402631015709957
3028400.0,0.6217477894938499
3028401.0,137.98739493951257
3028402.0,91.50373531105697
3028403.0,1.3825231808360774
3028404.0,3.9752877963958375
3028405.0,105.87747204744245
3028406.0,19.781327326580403
3028407.0,464.8234524033079
3028408.0,0.09844532533899403
3028409.0,3.6801131365548665
3028410.0,6.696815871025237
3028411.0,0.12199165809316688
3028412.0,1.5134786226521326
3028413.0,2679.0029806201173
3028414.0,0.03766760199779477
3028415.0,470.8311112994096
3028416.0,8.842887700439263
3028417.0,1185.7909435938789
3028418.0,507.0484549835403
3028419.0,197.49545464963677
3028420.0,220.63263237844075
3028421.0,78.28133090520981
3028422.0,3720.454129025896
3028423.0,10.711518722001298
3028424.0,0.43483264757260354
3028425.0,18.773097478624898
3028426.0,16.291901912733508
3028427.0,0.11104538435532256
3028428.0,234.5307283433906
3028429.0,0.914471042765908
3028430.0,4.640943674771712
3028431.0,7.684660112686474
3028432.0,16.154141920337782
3028433.0,1.3078229703521247
3028434.0,535.1324551793709
3028435.0,226.39248726796154
3028436.0,3.321881470368039
3028437.0,4.799051392420061
3028438.0,130.22787694198385
3028439.0,52.1796623310412
3028440.0,948.4824240426442
3028441.0,0.9023440518419942
3028442.0,4.339243096966657
3028443.0,1.2574318179851747
3028444.0,0.0382988064334388
3028445.0,0.6821446007739222
3028446.0,858.5076016812518
3028447.0,0.023085268910236288
3028448.0,128.52607920955424
3028449.0,2.807728408541082
3028450.0,626.1601099581236
3028451.0,130.1065533687917
3028452.0,79.0978662517112
3028453.0,183.46702721572848
3028454.0,17.330435941915173
3028455.0,1646.6705920075074
3028456.0,1.4661947650628548
3028457.0,0.22994173526781014
3028458.0,8.113876880243307
3028459.0,3.536426690140283
3028460.0,0.10134862761621138
3028461.0,75.93284090043183
3028462.0,0.043572081676462364
3028463.0,0.023085268910236288
3028464.0,0.6659896666152602
3028465.0,22.393903485913235
3028466.0,0.267213209486181
3028467.0,103.17933309373805
3028468.0,63.59989702874511
3028469.0,0.45207735468056887
3028470.0,1.1076271559332809
3028471.0,44.0666249274567
3028472.0,10.962766095103401
3028473.0,164.4714104193016
3028474.0,0.08296871607311646
3028475.0,1.1946296512900523
3028476.0,9.601493223964678
3028477.0,0.03852122051058199
3028478.0,2.8080054929471854
3028479.0,1666.6400992817612
3028480.0,0.025434894018999864
3028481.0,199.06254257946176
3028482.0,9.22798579041459
3028483.0,822.186119858267
3028484.0,336.7420826667611
3028485.0,163.02601016475646
3028486.0,129.53880228522257
3028487.0,55.30152938830135
3028488.0,2549.631795055645
3028489.0,3.982204080084398
3028490.0,0.3376930978520607
3028491.0,30.051171531486148
3028492.0,17.901714839534158
3028493.0,0.12501850432407738
3028494.0,177.3917282556718
3028495.0,0.050482154227903434
3028496.0,0.023085268910236288
3028497.0,14.164312460819591
3028498.0,40.1011169209289
3028499.0,2.8919483965664123
3028500.0,322.38619616616916
3028501.0,177.34149128571983
3028502.0,3.1348025759277687
3028503.0,4.456737575020961
3028504.0,205.80141562922833
3028505.0,27.38795409860138
3028506.0,1065.068995237606
3028507.0,0.09895145808150602
3028508.0,1.9236928241486964
3028509.0,2.8819738202377225
3028510.0,0.22974532767476022
3028511.0,1.2514435034298914
3028512.0,2323.997657538557
3028513.0,0.046588047283308925
3028514.0,580.7749670553287
3028515.0,7.016236832465889
3028516.0,805.078955504843
3028517.0,534.469465864541
3028518.0,206.97449597928176
3028519.0,85.33570031898154
3028520.0,63.33533783889068
3028521.0,3728.6149593562886
3028522.0,5.676835685963491
3028523.0,2.407211064634113
3028524.0,20.535660609386607
3028525.0,33.073960086301604
3028526.0,0.13069954776506315
3028527.0,185.0877845643828
3028528.0,1.731203579971369
3028529.0,4.314101631124048
3028530.0,2.87217335606491
3028531.0,28.215273456875657
3028532.0,1.9169429943311846
3028533.0,223.06675420539005
3028534.0,228.7696580940116
3028535.0,2.894461904366124
3028536.0,5.5085061566428335
3028537.0,131.87592384531814
3028538.0,26.940673106683533
3028539.0,528.245122741522
3028540.0,2.5772912317431906
3028541.0,2.1424452357732053
3028542.0,3.2860664618274797
3028543.0,0.08381863919206539
3028544.0,1.7086625491710536
3028545.0,1348.639380930531
3028546.0,0.023085268910236288
3028547.0,82.33264044659684
3028548.0,1.906385352908612
3028549.0,411.36921520645774
3028550.0,142.07755112555927
3028551.0,77.19369672492054
3028552.0,92.10977907136541
3028553.0,38.87169792617135
3028554.0,1713.5242966550545
3028555.0,3.547850114526196
3028556.0,0.38505492701443356
3028557.0,10.264114638620633
3028558.0,4.930744380615361
3028559.0,0.13526990364862782
3028560.0,85.70123411280372
3028561.0,0.043572081676462364
3028562.0,0.023085268910236288
3028563.0,0.3549887257490593
3028564.0,30.794319061126448
3028565.0,0.6878421949203465
3028566.0,289.48292731315723
3028567.0,60.77007628464586
3028568.0,0.677262845620896
3028569.0,1.1875218684655684
3028570.0,55.51587331875028
3028571.0,14.106652345711833
3028572.0,335.05183482198714
3028573.0,0.08296871607311646
3028574.0,0.7489620606006699
3028575.0,3.779769808262525
3028576.0,0.09284516463411549
3028577.0,0.8470884676790087
3028578.0,2939.002115387982
3028579.0,0.02408980865588858
3028580.0,438.1729305359888
3028581.0,8.181930016203186
3028582.0,736.1748568214022
3028583.0,468.2345094090397
3028584.0,162.08470073879766
3028585.0,161.88739413009762
3028586.0,59.58692951850072
3028587.0,3180.492496120967
3028588.0,5.538388412505503
3028589.0,0.33263976404952555
3028590.0,18.13724723988971
3028591.0,8.059919149259425
3028592.0,0.09360195621267414
3028593.0,164.39917185980278
3028594.0,0.05437081547366276
3028595.0,24.200339177219718
3028596.0,2.690937088545214
3028597.0,42.52449468655644
3028598.0,1.0101671670220125
3028599.0,390.26423991887407
3028600.0,169.7614233420702
3028601.0,2.6447253749927473
3028602.0,2.7727067730076644
3028603.0,113.86673386070626
3028604.0,37.98676328334517
3028605.0,1023.2938698969119
3028606.0,0.5947242989738178
3028607.0,0.838147392814887
3028608.0,2.780977316940022
3028609.0,0.1955150053682037
3028610.0,6.323211216627052
3028611.0,2401.9292098454534
3028612.0,0.12958680220302643
3028613.0,492.54324772346246
3028614.0,5.634863887328047
3028615.0,830.0791576932495
3028616.0,729.3627732188386
3028617.0,157.7837553202154
3028618.0,115.1999240226909
3028619.0,106.38810135643777
3028620.0,3306.9291827141406
3028621.0,48.44749742660604
3028622.0,1.2714538860270792
3028623.0,29.666031220948394
3028624.0,24.9430971971236
3028625.0,0.14483625809479095
3028626.0,205.43269573247096
3028627.0,15.986959125277112
3028628.0,18.721271397110115
3028629.0,1.6619286311338535
3028630.0,113.70310396060684
3028631.0,7.5064533283509665
3028632.0,202.29461998102408
3028633.0,245.07677064719957
3028634.0,11.282245191153635
3028635.0,12.364006493387336
3028636.0,218.3524516923327
3028637.0,73.92679547495615
3028638.0,2110.257089142432
3028639.0,0.13526587848357036
3028640.0,10.51670564610403
3028641.0,4.667204901480774
3028642.0,0.03931359275291734
3028643.0,6.179153120555068
3028644.0,2158.42158352591
3028645.0,0.11947391483386781
3028646.0,387.8642835051246
3028647.0,11.629631537838776
3028648.0,789.1088804037163
3028649.0,612.7426109299956
3028650.0,119.13840185010247
3028651.0,69.99383750795613
3028652.0,103.36899628554615
3028653.0,3023.8157779717976
3028654.0,23.240533516384446
3028655.0,0.8626546796150526
3028656.0,34.599338536312786
3028657.0,27.49050970352103
3028658.0,0.11482670325664064
3028659.0,242.76221576206416
3028660.0,16.16479843087188
3028661.0,14.626976849532552
3028662.0,7.591950411975591
3028663.0,75.75744123083994
3028664.0,9.81516855795735
3028665.0,137.91206575896518
3028666.0,283.06351558213913
3028667.0,6.452944904420237
3028668.0,8.775218345188186
3028669.0,98.54717151477139
3028670.0,73.2644142617236
3028671.0,1692.0601303087774
3028672.0,5.765114093326893
3028673.0,13.32759797879837
3028674.0,6.4864717434053905
3028675.0,0.17858628915372343
3028676.0,3.546255374745489
3028677.0,3185.250955142992
3028678.0,0.04444922232160023
3028679.0,591.1431495750446
3028680.0,5.514981115870405
3028681.0,1650.8368618632844
3028682.0,533.6726667644908
3028683.0,158.90967566220604
3028684.0,272.76735416509496
3028685.0,51.49709998852313
3028686.0,4765.281019932129
3028687.0,24.325489055362713
3028688.0,1.072220291360605
3028689.0,21.228866603640185
3028690.0,16.97835565282581
3028691.0,0.12238551090524188
3028692.0,265.89515086935796
3028693.0,3.9863505780088397
3028694.0,12.135613138236481
3028695.0,7.082811137039991
3028696.0,47.2966850430616
3028697.0,3.8179849231158327
3028698.0,220.42888709341048
3028699.0,284.07799244153045
3028700.0,5.82587981517489
3028701.0,7.390761882968737
3028702.0,212.31115153085085
3028703.0,44.61213209462224
3028704.0,1366.5167741767514
3028705.0,8.000177771395347
3028706.0,12.150425916004334
3028707.0,3.2889493169822934
3028708.0,0.17624635117628426
3028709.0,4.548258951845962
3028710.0,1895.0221558645053
3028711.0,0.10912725970833823
3028712.0,288.66852253124614
3028713.0,5.6962674294025195
3028714.0,623.5127829689959
3028715.0,589.7005821565126
3028716.0,163.10454973591385
3028717.0,106.46953383594456
3028718.0,70.4911550961476
3028719.0,2681.9296839516865
3028720.0,18.59218801375792
3028721.0,1.0669940369021638
3028722.0,10.339864879028957
3028723.0,10.583741498653854
3028724.0,0.1378742887777875
3028725.0,161.79206863014525
3028726.0,13.273791297745296
3028727.0,16.37881637843133
3028728.0,1.374337353732146
3028729.0,76.21120748514879
3028730.0,5.5145761418164625
3028731.0,277.153829258624
3028732.0,194.0217559218882
3028733.0,5.251404607049521
3028734.0,7.429589904527321
3028735.0,269.081525180811
3028736.0,43.81962709380399
3028737.0,1654.1545950115683
3028738.0,0.13023710562661556
3028739.0,19.234729201777395
3028740.0,2.6582752602130277
3028741.0,0.11006937599184866
3028742.0,3.144938146113974
3028743.0,4113.8111591399265
3028744.0,0.031251031980571706
3028745.0,349.2698138440849
3028746.0,6.4629840202626285
3028747.0,1482.3475285409252
3028748.0,483.84322011097845
3028749.0,214.28827481298657
3028750.0,134.85745003531258
3028751.0,54.29041512059733
3028752.0,4619.176825158964
3028753.0,8.855123987353728
3028754.0,1.3310329795945757
3028755.0,24.9058203381255
3028756.0,19.020256168991722
3028757.0,0.13685106845598471
3028758.0,342.08728150646124
3028759.0,0.07671946219539796
3028760.0,0.15356224239325864
3028761.0,6.727676512874764
3028762.0,30.80089719742066
3028763.0,1.6832286955618465
3028764.0,159.07272246382541
3028765.0,260.34219649542194
3028766.0,2.8545404746281067
3028767.0,8.502208819894822
3028768.0,146.7480749395861
3028769.0,45.002681046385604
3028770.0,877.4538933464943
3028771.0,0.11262339499854818
3028772.0,3.801694944857504
3028773.0,4.9894782756279605
3028774.0,0.10790182537250796
3028775.0,6.4426642617866365
3028776.0,1867.4023410748594
3028777.0,0.1143804997870159
3028778.0,396.90982009220625
3028779.0,9.87482045494599
3028780.0,969.7018515577136
3028781.0,551.6369643598555
3028782.0,175.15336319877713
3028783.0,103.68241824820151
3028784.0,138.24103165181936
3028785.0,3017.295666588613
3028786.0,25.304038201891636
3028787.0,1.1162116751421287
3028788.0,25.16913762463482
3028789.0,22.324081725979724
3028790.0,0.11158752833944374
3028791.0,185.48738912712105
3028792.0,12.32899962707211
3028793.0,11.419185419580955
3028794.0,6.520850691838314
3028795.0,91.8117024109541
3028796.0,9.221299136160821
3028797.0,171.99829863449713
3028798.0,257.892739561882
3028799.0,10.360236297571603
3028800.0,6.606400198447995
3028801.0,139.2603100927572
3028802.0,49.02420862253533
3028803.0,1474.2919841680816
3028804.0,0.35847366106150613
3028805.0,4.938702108691321
3028806.0,2.9311059700543156
3028807.0,0.16727408449803288
3028808.0,3.865531246884656
3028809.0,1930.8023444703263
3028810.0,0.110516389814687
3028811.0,370.9242507059643
3028812.0,7.274863460723814
3028813.0,576.9672090192552
3028814.0,691.6363434086343
3028815.0,146.95009876954322
3028816.0,111.00877193836101
3028817.0,97.77776016331933
3028818.0,2602.337607165778
3028819.0,23.111589506100124
3028820.0,0.7569331557340416
3028821.0,22.681518701086674
3028822.0,14.357508537748974
3028823.0,0.1018483489923809
3028824.0,164.10889994828455
3028825.0,10.467148044824508
3028826.0,28.81224018143803
3028827.0,4.989216919187186
3028828.0,69.81409635290579
3028829.0,7.522303098959632
3028830.0,221.48917332255735
3028831.0,170.98476775320847
3028832.0,7.5603460286687625
3028833.0,7.336553248442137
3028834.0,194.85789942516604
3028835.0,46.34060750764626
3028836.0,1844.2825779260595
3028837.0,0.21799517451161882
3028838.0,12.005920152699145
3028839.0,4.8217260277686735
3028840.0,0.09306424160607735
3028841.0,2.7310232866118938
3028842.0,4040.9076488555274
3028843.0,0.023085268910236288
3028844.0,456.67138642621364
3028845.0,11.10102325672852
3028846.0,1057.2216823398585
3028847.0,505.33102462858494
3028848.0,234.95503952409206
3028849.0,158.69453053234764
3028850.0,57.39024233416108
3028851.0,3934.597914181204
3028852.0,8.862914167374639
3028853.0,0.2403338877908276
3028854.0,14.926097605506099
3028855.0,17.406515006775933
3028856.0,0.1141666050941236
3028857.0,200.58333362215248
3028858.0,0.047546848840456006
3028859.0,6.229775981313706
3028860.0,1.1961957911080627
3028861.0,59.18657256098589
3028862.0,1.731549867691254
3028863.0,255.17815278159236
3028864.0,259.1781485693282
3028865.0,2.8807865419132286
3028866.0,1.274947655470345
3028867.0,200.92266181674358
3028868.0,108.13632260607972
3028869.0,931.1091072353119
3028870.0,2.0552481633728443
3028871.0,0.6039778923672888
3028872.0,12.275699348670848
3028873.0,0.053737044283751305
3028874.0,12.629858604832794
3028875.0,7140.672278424025
3028876.0,0.12799559235335703
3028877.0,1302.072751214093
3028878.0,24.719825711672833
3028879.0,1890.3488355525528
3028880.0,1841.4099357949503
3028881.0,412.38290710646584
3028882.0,414.3935709998314
3028883.0,380.3314709674307
3028884.0,7421.089459877953
3028885.0,77.08782428740585
3028886.0,3.677845931540092
3028887.0,88.74560018724966
3028888.0,98.94808827002646
3028889.0,0.20406688546990176
3028890.0,506.78523108018777
3028891.0,24.65304191033598
3028892.0,22.676697298379512
3028893.0,43.70765589211511
3028894.0,325.45571569661627
3028895.0,20.280377871821802
3028896.0,688.5812157472615
3028897.0,434.0817264649763
3028898.0,32.06535490875804
3028899.0,32.7299863528772
3028900.0,849.2683876558227
3028901.0,283.1236823203084
3028902.0,6132.055803722025
3028903.0,166.47936965452448
3028904.0,64.58437017883816
3028905.0,11.298420067352527
3028906.0,0.045198335261646565
3028907.0,10.895975485954498
3028908.0,6669.308134236936
3028909.0,0.11935038566352243
3028910.0,922.6520342420818
3028911.0,27.63864939886799
3028912.0,1958.4695183506492
3028913.0,1724.5101536440006
3028914.0,542.4306305918201
3028915.0,281.0873927414036
3028916.0,254.47809340327836
3028917.0,8172.468445688382
3028918.0,106.43595036989794
3028919.0,1.4024363997696685
3028920.0,53.83913461219518
3028921.0,70.15820302755938
3028922.0,0.5601751943121218
3028923.0,486.4807817645976
3028924.0,18.76059334094025
3028925.0,28.732508681379826
3028926.0,22.958810881829777
3028927.0,218.692266323473
3028928.0,17.523713126337327
3028929.0,854.4075600950245
3028930.0,539.3189703298663
3028931.0,19.69514004122444
3028932.0,22.12081767195859
3028933.0,861.3271200534291
3028934.0,204.99230196553583
3028935.0,4586.763900886894
3028936.0,224.633847668544
3028937.0,60.374152415073226
3028938.0,9.471755480854412
3028939.0,0.043498405871676915
3028940.0,17.54575712143346
3028941.0,4546.5106521662565
3028942.0,0.13047312814912432
3028943.0,733.6256482763115
3028944.0,12.157552504003156
3028945.0,1731.4728215172931
3028946.0,1161.6343933554394
3028947.0,615.473872458183
3028948.0,102.13598249884204
3028949.0,210.68207767239107
3028950.0,7052.984228619838
3028951.0,34.99887809203547
3028952.0,2.3363845514340675
3028953.0,38.07061086419308
3028954.0,23.352743276410244
3028955.0,0.29115110786306364
3028956.0,458.3219511770764
3028957.0,25.370256995933058
3028958.0,18.32659492188613
3028959.0,9.20965981522313
3028960.0,116.58440948091429
3028961.0,8.793859328261327
3028962.0,768.4678985612057
3028963.0,557.2705475702644
3028964.0,17.432664350628915
3028965.0,31.147537926186757
3028966.0,578.8579166200725
3028967.0,109.52566823331642
3028968.0,1988.6035641437932
3028969.0,121.9001807169216
3028970.0,38.0557602077473
3028971.0,12.5001312467725
3028972.0,0.04558353746472549
3028973.0,17.733486837389112
3028974.0,6040.296971696339
3028975.0,0.12059715291971332
3028976.0,907.6633924139014
3028977.0,19.343291305724136
3028978.0,1787.0397563334006
3028979.0,1681.933758596725
3028980.0,506.9203524677781
3028981.0,258.61954644717775
3028982.0,204.98423402136788
3028983.0,8168.170307803612
3028984.0,43.155609630361475
3028985.0,1.1471070204538185
3028986.0,65.63553816297306
3028987.0,67.17211979262962
3028988.0,0.5592667988227754
3028989.0,522.6885168774379
3028990.0,30.278697787302654
3028991.0,28.55000424569656
3028992.0,21.794378240207955
3028993.0,188.3477479341273
3028994.0,11.96673798219357
3028995.0,726.6137577410843
3028996.0,582.6493186854455
3028997.0,18.075727871164943
3028998.0,25.12926142599054
3028999.0,869.8117089074576
3029000.0,188.9214718895742
3029001.0,4116.069285302547
3029002.0,236.08172854098888
3029003.0,57.01367535603862
3029004.0,9.265341814315029
3029005.0,0.037245922899926176
3029006.0,16.815478520361715
3029007.0,3704.2275747157723
3029008.0,0.11764155677430391
3029009.0,667.692619244141
3029010.0,13.159132568191772
3029011.0,1677.9841453741506
3029012.0,934.3306044034474
3029013.0,507.0298547958637
3029014.0,77.98631742295291
3029015.0,160.7773609574083
3029016.0,6145.267263116002
3029017.0,35.746562239007424
3029018.0,0.4696040557178213
3029019.0,27.52625579896535
3029020.0,28.3838053046278
3029021.0,0.15078321870871197
3029022.0,438.7408758694307
3029023.0,26.66227089727448
3029024.0,9.504163060773344
3029025.0,11.763109911681049
3029026.0,114.46472658351992
3029027.0,4.645875219413847
3029028.0,642.2862119966621
3029029.0,583.3838912050771
3029030.0,14.329595015240889
3029031.0,17.499157712514048
3029032.0,611.1527666569493
3029033.0,81.72598861671662
3029034.0,1471.1883073664674
3029035.0,359.06895382992957
3029036.0,18.55913640400221
3029037.0,9.949547024555493
3029038.0,0.05059725041091805
3029039.0,10.513079412083616
3029040.0,5056.158692401956
3029041.0,0.13147462571863977
3029042.0,898.4896407801753
3029043.0,22.316956642073382
3029044.0,1506.964620020687
3029045.0,1724.7261292834507
3029046.0,330.8650826789911
3029047.0,361.0537914984012
3029048.0,281.55499367912876
3029049.0,5912.831964815063
3029050.0,59.91479001877927
3029051.0,1.2997277005839882
3029052.0,52.6278250351742
3029053.0,44.304943115158835
3029054.0,0.3018840437826944
3029055.0,366.83282097962604
3029056.0,14.252545921709446
3029057.0,26.821926413439048
3029058.0,9.571185281803952
3029059.0,236.00639683676428
3029060.0,13.150171420106261
3029061.0,604.1987524367667
3029062.0,420.62203847795206
3029063.0,15.422895001051547
3029064.0,25.44794482494747
3029065.0,734.5532924369429
3029066.0,166.84711315688492
3029067.0,5027.621370061285
3029068.0,138.00635164992855
3029069.0,65.75611225617115
3029070.0,4.927860478351063
3029071.0,0.1821565000833949
3029072.0,4.92877773097803
3029073.0,1615.1807217009186
3029074.0,0.12115836103149841
3029075.0,284.8127421467815
3029076.0,21.281124739444625
3029077.0,769.6450466833122
3029078.0,470.46063524282386
3029079.0,194.02529647295125
3029080.0,65.02211162882904
3029081.0,72.52476734992428
3029082.0,2451.1464318865856
3029083.0,26.74687786019193
3029084.0,0.9555237525852944
3029085.0,27.215724358144254
3029086.0,20.582124337006256
3029087.0,0.16339493218258588
3029088.0,166.59841608045616
3029089.0,9.155201971621956
3029090.0,7.042674685029966
3029091.0,9.606487112013056
3029092.0,54.99192572495832
3029093.0,5.841299382556002
3029094.0,227.36222151767367
3029095.0,201.30140237700618
3029096.0,2.6932476588394585
3029097.0,6.465820194421573
3029098.0,176.43750917280562
3029099.0,51.127244147334224
3029100.0,1287.4695813286194
3029101.0,0.5935893797371488
3029102.0,9.128048631472403
3029103.0,8.336405862180209
3029104.0,0.04392445614724111
3029105.0,10.515114022137485
3029106.0,3727.2035774924866
3029107.0,0.11799441552275783
3029108.0,508.42434000145226
3029109.0,32.314487249572124
3029110.0,1475.453793745063
3029111.0,920.6489711240835
3029112.0,403.803512325478
3029113.0,83.71341195582868
3029114.0,172.48987401602722
3029115.0,5570.056110795622
3029116.0,80.09909247946956
3029117.0,1.206097255379981
3029118.0,46.852550957891296
3029119.0,32.90355460684346
3029120.0,0.1379559183575933
3029121.0,307.9032519036923
3029122.0,13.543615669523597
3029123.0,8.300172790773203
3029124.0,3.0650074950568356
3029125.0,124.86680404714552
3029126.0,7.640019649851419
3029127.0,442.4909588665988
3029128.0,434.07774707994054
3029129.0,10.024485587811931
3029130.0,16.41584750354866
3029131.0,320.33967895024404
3029132.0,81.81123225924858
3029133.0,1769.9228250591445
3029134.0,186.19379277699562
3029135.0,16.023009012838735
3029136.0,6.049182119035596
3029137.0,0.047179711931947525
3029138.0,4.089940907096264
3029139.0,3448.8471247004895
3029140.0,0.12273391037942286
3029141.0,669.2697057844229
3029142.0,8.206548626231708
3029143.0,1036.024719010525
3029144.0,1221.5121200536046
3029145.0,200.16255036192734
3029146.0,244.23074469702033
3029147.0,196.15159685868986
3029148.0,3779.3521798847373
3029149.0,37.476512996092666
3029150.0,1.29841847418779
3029151.0,26.972249926505377
3029152.0,31.708250198372088
3029153.0,0.1883099533066149
3029154.0,240.99563975712863
3029155.0,2.279175939221541
3029156.0,42.683329367056686
3029157.0,4.6681428804056875
3029158.0,122.81460818308085
3029159.0,9.816575562584934
3029160.0,456.4756879167901
3029161.0,206.19908892166796
3029162.0,17.211038405063725
3029163.0,9.839674454716704
3029164.0,513.3130792657814
3029165.0,107.20587776514023
3029166.0,3923.9662068103707
3029167.0,1.0152802452448224
3029168.0,38.015275389852135
3029169.0,9.157571545814822
3029170.0,0.024187079420257458
3029171.0,5.4597058186960865
3029172.0,3643.6372181118363
3029173.0,0.024187079420257458
3029174.0,671.9866982746264
3029175.0,11.281295626322553
3029176.0,1389.9967503386833
3029177.0,953.1044861098999
3029178.0,291.6820142835366
3029179.0,174.60169929161538
3029180.0,303.383405993178
3029181.0,4813.385269798469
3029182.0,37.044485715794714
3029183.0,2.1751928467313526
3029184.0,43.65079892478073
3029185.0,36.567379275099775
3029186.0,0.1257085011775826
3029187.0,277.5401550548013
3029188.0,6.353532938099783
3029189.0,51.071698405856885
3029190.0,7.361273962064417
3029191.0,246.82078925570426
3029192.0,9.576828679942658
3029193.0,392.25464001173134
3029194.0,271.31413326010863
3029195.0,13.22345833683332
3029196.0,23.954479051215138
3029197.0,380.1934633049692
3029198.0,104.65794717032654
3029199.0,3728.9273799901403
3029200.0,2.566377502045125
3029201.0,8.576566576558374
3029202.0,5.906334833152755
3029203.0,0.1150019844678591
3029204.0,2.7110899889544817
3029205.0,1749.4773344384507
3029206.0,0.11964917122859166
3029207.0,398.15905957665404
3029208.0,5.780171557614079
3029209.0,756.4680344431212
3029210.0,388.7873236236444
3029211.0,187.69673828390418
3029212.0,66.75017957187822
3029213.0,89.77322995001599
3029214.0,2406.754476571407
3029215.0,12.230070863051683
3029216.0,1.0655300470341966
3029217.0,27.84530548697059
3029218.0,19.931086834577
3029219.0,0.12162669073324418
3029220.0,148.2357239243819
3029221.0,4.733028413466137
3029222.0,8.712965386274561
3029223.0,5.570728038294572
3029224.0,68.28359270382688
3029225.0,3.330701226708312
3029226.0,213.46634942561042
3029227.0,192.65804918557595
3029228.0,4.090461357093297
3029229.0,4.951976029459701
3029230.0,133.8087038851403
3029231.0,50.19987344741366
3029232.0,1522.2225693626956
3029233.0,0.208206501463561
3029234.0,3.2978023121679687
3029235.0,4.962820877577013
3029236.0,0.023085268910236288
3029237.0,0.4641295171083075
3029238.0,3000.345262596332
3029239.0,0.023085268910236288
3029240.0,176.294285472783
3029241.0,3.1819647286419435
3029242.0,812.3541354932631
3029243.0,195.73065179033762
3029244.0,180.76357120224478
3029245.0,56.271261792880104
3029246.0,27.000115599679106
3029247.0,2778.296092013865
3029248.0,8.960788425623864
3029249.0,0.6652081327717959
3029250.0,15.507113033343765
3029251.0,10.829809140336298
3029252.0,0.0942412608412442
3029253.0,167.11471433425606
3029254.0,0.04486641795817919
3029255.0,0.023085268910236288
3029256.0,2.9565102218371315
3029257.0,19.799677040636546
3029258.0,0.8848125899646521
3029259.0,57.50267304414944
3029260.0,149.56197719225935
3029261.0,0.15034095552057153
3029262.0,1.7527430095035013
3029263.0,53.50368421049338
3029264.0,68.27234747794662
3029265.0,489.96939878113335
3029266.0,0.0910423538534863
3029267.0,1.4561091783839106
3029268.0,5.092039589327853
3029269.0,0.11242596846469609
3029270.0,5.966962003948604
3029271.0,2656.9246337336835
3029272.0,0.17987247139982698
3029273.0,445.4479811920195
3029274.0,11.052677053826457
3029275.0,905.0796045075215
3029276.0,772.3250736636228
3029277.0,243.40158380547328
3029278.0,129.22648339542005
3029279.0,111.13240030710708
3029280.0,3797.8025485762655
3029281.0,31.12428460258473
3029282.0,0.7700486162433031
3029283.0,18.66291673103602
3029284.0,49.84520976057583
3029285.0,0.1142631715922134
3029286.0,233.8135125098172
3029287.0,15.26190175325083
3029288.0,16.005937261499028
3029289.0,8.548346038762947
3029290.0,73.33909805961386
3029291.0,5.301961669537953
3029292.0,361.6672297398752
3029293.0,269.66322786796275
3029294.0,7.5057439421687375
3029295.0,12.408895569601759
3029296.0,400.9406494060498
3029297.0,80.56724941194383
3029298.0,1812.036718904434
3029299.0,0.04907784364163453
3029300.0,28.481525830918756
3029301.0,4.45126718813207
3029302.0,0.12839343845607157
3029303.0,5.746769786117186
3029304.0,3227.912112823376
3029305.0,0.14527151765130078
3029306.0,553.5984543735381
3029307.0,14.451849011013095
3029308.0,877.919815188615
3029309.0,1069.931830491186
3029310.0,146.25041079486738
3029311.0,225.45792101044225
3029312.0,167.7753574333563
3029313.0,3298.4876913686967
3029314.0,33.018995597398614
3029315.0,2.244460867079332
3029316.0,32.18009261380884
3029317.0,31.187074217716937
3029318.0,0.504942769082257
3029319.0,192.54941960029097
3029320.0,11.030125712056538
3029321.0,32.586243990839144
3029322.0,6.74123466502438
3029323.0,137.55460013666777
3029324.0,10.723183760548405
3029325.0,371.54402309009276
3029326.0,200.4962637127627
3029327.0,5.84761362175268
3029328.0,11.81532858629815
3029329.0,503.1392382211782
3029330.0,109.78541005894476
3029331.0,3939.753529514035
3029332.0,0.3048540918726438
3029333.0,34.08109448145985
3029334.0,3.7581435427215513
3029335.0,0.5549453702234919
3029336.0,8.423712517885615
3029337.0,3649.5187424265437
3029338.0,0.12799559235335703
3029339.0,704.9650754300135
3029340.0,18.526320916102755
3029341.0,950.5361040643124
3029342.0,1130.088693359959
3029343.0,219.74019695492757
3029344.0,231.12328035684132
3029345.0,125.3200952689183
3029346.0,3944.323618194009
3029347.0,31.065592849592324
3029348.0,2.3468668678276647
3029349.0,32.71152933323516
3029350.0,42.67008879591185
3029351.0,0.14160452698162868
3029352.0,257.9529875004164
3029353.0,22.7210868483265
3029354.0,29.686114097863076
3029355.0,21.340724051132007
3029356.0,144.36161815315447
3029357.0,16.382299546180906
3029358.0,365.5638290245417
3029359.0,256.0791590213686
3029360.0,14.12968817330524
3029361.0,16.061440360959942
3029362.0,435.9769327374181
3029363.0,132.1498972090298
3029364.0,3189.0162655648664
3029365.0,0.4352747998918478
3029366.0,29.30182413203685
3029367.0,10.560555559966907
3029368.0,0.2173320077009486
3029369.0,6.837411753078663
3029370.0,2869.4995707509024
3029371.0,0.04059189247130107
3029372.0,400.5183068556451
3029373.0,10.448527074797234
3029374.0,1337.1109190787693
3029375.0,620.5340319883458
3029376.0,457.6405199856997
3029377.0,151.43738611325722
3029378.0,82.8146566584175
3029379.0,5499.100446635715
3029380.0,9.707126294129374
3029381.0,0.9774628052591494
3029382.0,43.90204068803673
3029383.0,36.72671387567512
3029384.0,0.11744247932436855
3029385.0,340.2123544878747
3029386.0,7.686484999318186
3029387.0,4.425330671964804
3029388.0,6.833952676982367
3029389.0,41.911503694392664
3029390.0,3.122670615214997
3029391.0,453.03567924945526
3029392.0,405.14581015316764
3029393.0,5.698408443274454
3029394.0,5.962861593865789
3029395.0,350.01631017849763
3029396.0,92.06318163637613
3029397.0,1172.5044407782948
3029398.0,103.63753064598886
3029399.0,13.143823942892624
